<?xml version='1.0' encoding='UTF-8' standalone='no'?>
<doxygen xmlns:xsi="http://www.w3.org/2001/XMLSchema-instance" xsi:noNamespaceSchemaLocation="compound.xsd" version="1.8.18">
  <compounddef id="_c_make_lists_8txt" kind="file" language="C++">
    <compoundname>CMakeLists.txt</compoundname>
    <briefdescription>
    </briefdescription>
    <detaileddescription>
    </detaileddescription>
    <programlisting>
<codeline lineno="1"><highlight class="normal">cmake_minimum_required(VERSION<sp/>3.15)</highlight></codeline>
<codeline lineno="2"><highlight class="normal">project(PL8_2<sp/>C)</highlight></codeline>
<codeline lineno="3"><highlight class="normal"></highlight></codeline>
<codeline lineno="4"><highlight class="normal">set(CMAKE_C_STANDARD<sp/>99)</highlight></codeline>
<codeline lineno="5"><highlight class="normal"></highlight></codeline>
<codeline lineno="6"><highlight class="normal">add_executable(PL8_2<sp/>main.c<sp/>Interface.c<sp/>Interface.h<sp/>Logica.c<sp/>Logica.h<sp/>Dados.c<sp/>Dados.h<sp/>Lista.h<sp/>Lista.c)</highlight></codeline>
<codeline lineno="7"><highlight class="normal"></highlight></codeline>
<codeline lineno="8"><highlight class="normal">target_link_libraries(PL8_2<sp/>m)</highlight></codeline>
    </programlisting>
    <location file="CMakeLists.txt"/>
  </compounddef>
</doxygen>
