<?xml version='1.0' encoding='UTF-8' standalone='no'?>
<doxygen xmlns:xsi="http://www.w3.org/2001/XMLSchema-instance" xsi:noNamespaceSchemaLocation="compound.xsd" version="1.8.18">
  <compounddef id="_dados_8h" kind="file" language="C++">
    <compoundname>Dados.h</compoundname>
    <includedby refid="_dados_8c" local="yes">Dados.c</includedby>
    <includedby refid="_interface_8c" local="yes">Interface.c</includedby>
    <includedby refid="_lista_8h" local="yes">Lista.h</includedby>
    <includedby refid="_logica_8c" local="yes">Logica.c</includedby>
    <includedby refid="main_8c" local="yes">main.c</includedby>
    <invincdepgraph>
      <node id="2">
        <label>Lista.h</label>
        <link refid="_lista_8h_source"/>
        <childnode refid="3" relation="include">
        </childnode>
      </node>
      <node id="3">
        <label>Logica.h</label>
        <link refid="_logica_8h_source"/>
      </node>
      <node id="1">
        <label>Dados.h</label>
        <link refid="_dados_8h"/>
        <childnode refid="2" relation="include">
        </childnode>
      </node>
    </invincdepgraph>
    <innerclass refid="struct_c_o_o_r_d_e_n_a_d_a" prot="public">COORDENADA</innerclass>
    <innerclass refid="struct_j_o_g_a_d_a" prot="public">JOGADA</innerclass>
    <innerclass refid="struct_e_s_t_a_d_o" prot="public">ESTADO</innerclass>
      <sectiondef kind="enum">
      <memberdef kind="enum" id="_dados_8h_1aba91601f16d4c485b2d9b8c429f27039" prot="public" static="no" strong="no">
        <type></type>
        <name>CASA</name>
        <enumvalue id="_dados_8h_1aba91601f16d4c485b2d9b8c429f27039a26cc77ca028d9e0f79b9478eda1c6634" prot="public">
          <name>UM</name>
          <initializer>= &apos;1&apos;</initializer>
          <briefdescription>
          </briefdescription>
          <detaileddescription>
<para>Casa objetivo do jogador 1 </para>
          </detaileddescription>
        </enumvalue>
        <enumvalue id="_dados_8h_1aba91601f16d4c485b2d9b8c429f27039aa2f6e310d5c8da4f7e26d83a51af6c84" prot="public">
          <name>DOIS</name>
          <initializer>= &apos;2&apos;</initializer>
          <briefdescription>
          </briefdescription>
          <detaileddescription>
<para>Casa objetivo do jogador 2 </para>
          </detaileddescription>
        </enumvalue>
        <enumvalue id="_dados_8h_1aba91601f16d4c485b2d9b8c429f27039aeeab96915e2c34aba2f9e220cf4edd4d" prot="public">
          <name>VAZIO</name>
          <initializer>= &apos;.&apos;</initializer>
          <briefdescription>
          </briefdescription>
          <detaileddescription>
<para>Casas não ocupadas </para>
          </detaileddescription>
        </enumvalue>
        <enumvalue id="_dados_8h_1aba91601f16d4c485b2d9b8c429f27039aa606dbe5da5103293b4307974fc23da9" prot="public">
          <name>BRANCA</name>
          <initializer>= &apos;*&apos;</initializer>
          <briefdescription>
          </briefdescription>
          <detaileddescription>
<para>Casa da última jogada </para>
          </detaileddescription>
        </enumvalue>
        <enumvalue id="_dados_8h_1aba91601f16d4c485b2d9b8c429f27039a42871fa6f5d76e767df21c02eba1f085" prot="public">
          <name>PRETA</name>
          <initializer>= &apos;#&apos;</initializer>
          <briefdescription>
          </briefdescription>
          <detaileddescription>
<para>Casas ocupadas </para>
          </detaileddescription>
        </enumvalue>
        <briefdescription>
<para>Definição de dados. </para>
        </briefdescription>
        <detaileddescription>
<para>Tipo de comandos no jogo.</para>
<para>Tipo de casas no tabuleiro </para>
        </detaileddescription>
        <inbodydescription>
        </inbodydescription>
        <location file="Dados.h" line="21" column="1" bodyfile="Dados.h" bodystart="21" bodyend="27"/>
      </memberdef>
      <memberdef kind="enum" id="_dados_8h_1aba243e468d4afc4cc209ed6adf5251b5" prot="public" static="no" strong="no">
        <type></type>
        <name>COMANDO</name>
        <enumvalue id="_dados_8h_1aba243e468d4afc4cc209ed6adf5251b5ae28119cb69d806e38c284ab685078d43" prot="public">
          <name>JOGAR</name>
          <initializer>= 1</initializer>
          <briefdescription>
          </briefdescription>
          <detaileddescription>
<para>Comando jogar </para>
          </detaileddescription>
        </enumvalue>
        <enumvalue id="_dados_8h_1aba243e468d4afc4cc209ed6adf5251b5a9c0100b3cb38fa9c444b70414a613434" prot="public">
          <name>GRAVAR</name>
          <initializer>= 2</initializer>
          <briefdescription>
          </briefdescription>
          <detaileddescription>
<para>Comando gravar </para>
          </detaileddescription>
        </enumvalue>
        <enumvalue id="_dados_8h_1aba243e468d4afc4cc209ed6adf5251b5ae6fe9228f4939ae8277bb49921020a46" prot="public">
          <name>LER</name>
          <initializer>= 3</initializer>
          <briefdescription>
          </briefdescription>
          <detaileddescription>
          </detaileddescription>
        </enumvalue>
        <enumvalue id="_dados_8h_1aba243e468d4afc4cc209ed6adf5251b5a59610c669826d8952be69b6a69cdca9a" prot="public">
          <name>MOVS</name>
          <initializer>= 4</initializer>
          <briefdescription>
          </briefdescription>
          <detaileddescription>
<para>Comando movs </para>
          </detaileddescription>
        </enumvalue>
        <enumvalue id="_dados_8h_1aba243e468d4afc4cc209ed6adf5251b5a86a71974359884ac5b1d4b5a49222d3d" prot="public">
          <name>POS</name>
          <initializer>= 5</initializer>
          <briefdescription>
          </briefdescription>
          <detaileddescription>
<para>Comando pos </para>
          </detaileddescription>
        </enumvalue>
        <enumvalue id="_dados_8h_1aba243e468d4afc4cc209ed6adf5251b5a67088d49547dd51b72c742daebda54a7" prot="public">
          <name>JOG</name>
          <initializer>= 6</initializer>
          <briefdescription>
          </briefdescription>
          <detaileddescription>
<para>Comando jog </para>
          </detaileddescription>
        </enumvalue>
        <briefdescription>
        </briefdescription>
        <detaileddescription>
        </detaileddescription>
        <inbodydescription>
        </inbodydescription>
        <location file="Dados.h" line="42" column="1" bodyfile="Dados.h" bodystart="42" bodyend="49"/>
      </memberdef>
      <memberdef kind="enum" id="_dados_8h_1ae70b6f2a2904cc6bdd0025944eddeb82" prot="public" static="no" strong="no">
        <type></type>
        <name>ERRO</name>
        <enumvalue id="_dados_8h_1ae70b6f2a2904cc6bdd0025944eddeb82a2bc49ec37d6a5715dd23e85f1ff5bb59" prot="public">
          <name>OK</name>
          <briefdescription>
          </briefdescription>
          <detaileddescription>
          </detaileddescription>
        </enumvalue>
        <enumvalue id="_dados_8h_1ae70b6f2a2904cc6bdd0025944eddeb82a79ebb08f197afde2120c3a89f2528890" prot="public">
          <name>COORDENADA_INVALIDA</name>
          <briefdescription>
          </briefdescription>
          <detaileddescription>
          </detaileddescription>
        </enumvalue>
        <enumvalue id="_dados_8h_1ae70b6f2a2904cc6bdd0025944eddeb82a402a7096ff471024cb93e6034b6008e2" prot="public">
          <name>JOGADA_INVALIDA</name>
          <briefdescription>
          </briefdescription>
          <detaileddescription>
          </detaileddescription>
        </enumvalue>
        <enumvalue id="_dados_8h_1ae70b6f2a2904cc6bdd0025944eddeb82aa11c2bf2a8de9395382caef85ccdeb59" prot="public">
          <name>ERRO_LER_TAB</name>
          <briefdescription>
          </briefdescription>
          <detaileddescription>
          </detaileddescription>
        </enumvalue>
        <enumvalue id="_dados_8h_1ae70b6f2a2904cc6bdd0025944eddeb82ac2135f62387f11d7f60a020e2f828e66" prot="public">
          <name>ERRO_ABRIR_FICHEIRO</name>
          <briefdescription>
          </briefdescription>
          <detaileddescription>
          </detaileddescription>
        </enumvalue>
        <enumvalue id="_dados_8h_1ae70b6f2a2904cc6bdd0025944eddeb82aa5c6b652aee4d1b46a5514e9e956d852" prot="public">
          <name>ERRO_GRAVAR</name>
          <briefdescription>
          </briefdescription>
          <detaileddescription>
          </detaileddescription>
        </enumvalue>
        <briefdescription>
<para>Tipo de dados para os erros. </para>
        </briefdescription>
        <detaileddescription>
        </detaileddescription>
        <inbodydescription>
        </inbodydescription>
        <location file="Dados.h" line="101" column="1" bodyfile="Dados.h" bodystart="101" bodyend="108"/>
      </memberdef>
      </sectiondef>
      <sectiondef kind="typedef">
      <memberdef kind="typedef" id="_dados_8h_1a8be315308d96a2904c258c3c6b89e53c" prot="public" static="no">
        <type><ref refid="struct_j_o_g_a_d_a" kindref="compound">JOGADA</ref></type>
        <definition>JOGADAS</definition>
        <argsstring>[32]</argsstring>
        <name>JOGADAS</name>
        <briefdescription>
        </briefdescription>
        <detaileddescription>
<para>Array de todas as jogadas </para>
        </detaileddescription>
        <inbodydescription>
        </inbodydescription>
        <location file="Dados.h" line="78" column="16" bodyfile="Dados.h" bodystart="78" bodyend="-1"/>
      </memberdef>
      </sectiondef>
      <sectiondef kind="func">
      <memberdef kind="function" id="_dados_8h_1a2915c59fe0ae21288f2e053782d01afd" prot="public" static="no" const="no" explicit="no" inline="no" virt="non-virtual">
        <type><ref refid="struct_c_o_o_r_d_e_n_a_d_a" kindref="compound">COORDENADA</ref></type>
        <definition>COORDENADA converte_coordenada</definition>
        <argsstring>(COORDENADA c)</argsstring>
        <name>converte_coordenada</name>
        <param>
          <type><ref refid="struct_c_o_o_r_d_e_n_a_d_a" kindref="compound">COORDENADA</ref></type>
          <declname>c</declname>
        </param>
        <briefdescription>
<para>Declaração de funções. </para>
        </briefdescription>
        <detaileddescription>
<para>Devolve a coordenada, tendo em conta que as linhas são contadas de forma inversa no tabuleiro. <parameterlist kind="param"><parameteritem>
<parameternamelist>
<parametername>c</parametername>
</parameternamelist>
<parameterdescription>
<para>A coordenada a ser convertida </para>
</parameterdescription>
</parameteritem>
</parameterlist>
<simplesect kind="return"><para>A coordenada convertida </para>
</simplesect>
</para>
        </detaileddescription>
        <inbodydescription>
        </inbodydescription>
        <location file="Dados.h" line="119" column="12" bodyfile="Dados.c" bodystart="4" bodyend="7" declfile="Dados.h" declline="119" declcolumn="12"/>
      </memberdef>
      <memberdef kind="function" id="_dados_8h_1a7311e4b194b6b6ea69db2ea2639dd7fb" prot="public" static="no" const="no" explicit="no" inline="no" virt="non-virtual">
        <type>void</type>
        <definition>void clear_jogadas</definition>
        <argsstring>(ESTADO *e)</argsstring>
        <name>clear_jogadas</name>
        <param>
          <type><ref refid="struct_e_s_t_a_d_o" kindref="compound">ESTADO</ref> *</type>
          <declname>e</declname>
        </param>
        <briefdescription>
<para>Função que coloca todas as jogadas como nulas, sendo a coordenada nula = {-1,-1}. </para>
        </briefdescription>
        <detaileddescription>
<para><parameterlist kind="param"><parameteritem>
<parameternamelist>
<parametername>e</parametername>
</parameternamelist>
<parameterdescription>
<para>O estado em que as jogas vão ser anuladas </para>
</parameterdescription>
</parameteritem>
</parameterlist>
</para>
        </detaileddescription>
        <inbodydescription>
        </inbodydescription>
        <location file="Dados.h" line="125" column="6" bodyfile="Dados.c" bodystart="9" bodyend="17" declfile="Dados.h" declline="125" declcolumn="6"/>
      </memberdef>
      <memberdef kind="function" id="_dados_8h_1a7e0c7e26fb685d9ab501e19b05e6954f" prot="public" static="no" const="no" explicit="no" inline="no" virt="non-virtual">
        <type><ref refid="struct_e_s_t_a_d_o" kindref="compound">ESTADO</ref> *</type>
        <definition>ESTADO* inicializar_estado</definition>
        <argsstring>()</argsstring>
        <name>inicializar_estado</name>
        <briefdescription>
<para>Inicializa o estado. </para>
        </briefdescription>
        <detaileddescription>
<para><simplesect kind="return"><para>O estado inicial do jogo, tendo em conta todos os parâmetros do estado. </para>
</simplesect>
</para>
        </detaileddescription>
        <inbodydescription>
        </inbodydescription>
        <location file="Dados.h" line="131" column="8" bodyfile="Dados.c" bodystart="19" bodyend="45" declfile="Dados.h" declline="131" declcolumn="8"/>
      </memberdef>
      <memberdef kind="function" id="_dados_8h_1ad6e326e4ffa57ca1ae0c75377ecefc8c" prot="public" static="no" const="no" explicit="no" inline="no" virt="non-virtual">
        <type>int</type>
        <definition>int obter_jogador_atual</definition>
        <argsstring>(ESTADO *estado)</argsstring>
        <name>obter_jogador_atual</name>
        <param>
          <type><ref refid="struct_e_s_t_a_d_o" kindref="compound">ESTADO</ref> *</type>
          <declname>estado</declname>
        </param>
        <briefdescription>
<para>Devolve o jogador atual. </para>
        </briefdescription>
        <detaileddescription>
<para><parameterlist kind="param"><parameteritem>
<parameternamelist>
<parametername>estado</parametername>
</parameternamelist>
<parameterdescription>
<para>O estado atual do jogo </para>
</parameterdescription>
</parameteritem>
</parameterlist>
<simplesect kind="return"><para>O jogador atual </para>
</simplesect>
</para>
        </detaileddescription>
        <inbodydescription>
        </inbodydescription>
        <location file="Dados.h" line="138" column="5" bodyfile="Dados.c" bodystart="47" bodyend="49" declfile="Dados.h" declline="138" declcolumn="5"/>
      </memberdef>
      <memberdef kind="function" id="_dados_8h_1a6cd0b387bdee9e18003c78852394aa63" prot="public" static="no" const="no" explicit="no" inline="no" virt="non-virtual">
        <type>int</type>
        <definition>int obter_numero_de_jogadas</definition>
        <argsstring>(ESTADO *estado)</argsstring>
        <name>obter_numero_de_jogadas</name>
        <param>
          <type><ref refid="struct_e_s_t_a_d_o" kindref="compound">ESTADO</ref> *</type>
          <declname>estado</declname>
        </param>
        <briefdescription>
<para>Devolve o número de jogadas. </para>
        </briefdescription>
        <detaileddescription>
<para><parameterlist kind="param"><parameteritem>
<parameternamelist>
<parametername>estado</parametername>
</parameternamelist>
<parameterdescription>
<para>O estado atual do jogo </para>
</parameterdescription>
</parameteritem>
</parameterlist>
<simplesect kind="return"><para>O número de jogadas efetuadas </para>
</simplesect>
</para>
        </detaileddescription>
        <inbodydescription>
        </inbodydescription>
        <location file="Dados.h" line="145" column="5" bodyfile="Dados.c" bodystart="51" bodyend="53" declfile="Dados.h" declline="145" declcolumn="5"/>
      </memberdef>
      <memberdef kind="function" id="_dados_8h_1a002d7b97f6e1f8bfa2b50efbe03d62bf" prot="public" static="no" const="no" explicit="no" inline="no" virt="non-virtual">
        <type><ref refid="struct_c_o_o_r_d_e_n_a_d_a" kindref="compound">COORDENADA</ref></type>
        <definition>COORDENADA obter_ultima_jogada</definition>
        <argsstring>(ESTADO *estado)</argsstring>
        <name>obter_ultima_jogada</name>
        <param>
          <type><ref refid="struct_e_s_t_a_d_o" kindref="compound">ESTADO</ref> *</type>
          <declname>estado</declname>
        </param>
        <briefdescription>
<para>Devolve o última jogada efetuada. </para>
        </briefdescription>
        <detaileddescription>
<para><parameterlist kind="param"><parameteritem>
<parameternamelist>
<parametername>estado</parametername>
</parameternamelist>
<parameterdescription>
<para>O estado atual do jogo </para>
</parameterdescription>
</parameteritem>
</parameterlist>
<simplesect kind="return"><para>A coordenada da última jogada efetuada </para>
</simplesect>
</para>
        </detaileddescription>
        <inbodydescription>
        </inbodydescription>
        <location file="Dados.h" line="152" column="12" bodyfile="Dados.c" bodystart="55" bodyend="57" declfile="Dados.h" declline="152" declcolumn="12"/>
      </memberdef>
      <memberdef kind="function" id="_dados_8h_1a6faa68373203923729ed38657aa0f768" prot="public" static="no" const="no" explicit="no" inline="no" virt="non-virtual">
        <type>CASA</type>
        <definition>CASA obter_estado_casa</definition>
        <argsstring>(ESTADO *e, COORDENADA c)</argsstring>
        <name>obter_estado_casa</name>
        <param>
          <type><ref refid="struct_e_s_t_a_d_o" kindref="compound">ESTADO</ref> *</type>
          <declname>e</declname>
        </param>
        <param>
          <type><ref refid="struct_c_o_o_r_d_e_n_a_d_a" kindref="compound">COORDENADA</ref></type>
          <declname>c</declname>
        </param>
        <briefdescription>
<para>Devolve o estado da casa. </para>
        </briefdescription>
        <detaileddescription>
<para><parameterlist kind="param"><parameteritem>
<parameternamelist>
<parametername>e</parametername>
</parameternamelist>
<parameterdescription>
<para>O estado atual do jogo </para>
</parameterdescription>
</parameteritem>
<parameteritem>
<parameternamelist>
<parametername>c</parametername>
</parameternamelist>
<parameterdescription>
<para>Coordenada da casa </para>
</parameterdescription>
</parameteritem>
</parameterlist>
<simplesect kind="return"><para>O estado da casa de coordenada c </para>
</simplesect>
</para>
        </detaileddescription>
        <inbodydescription>
        </inbodydescription>
        <location file="Dados.h" line="160" column="6" bodyfile="Dados.c" bodystart="59" bodyend="61" declfile="Dados.h" declline="160" declcolumn="6"/>
      </memberdef>
      <memberdef kind="function" id="_dados_8h_1a668e7b13f461f17959ffd07a22a6f2dc" prot="public" static="no" const="no" explicit="no" inline="no" virt="non-virtual">
        <type>int</type>
        <definition>int obter_num_comandos</definition>
        <argsstring>(ESTADO *estado)</argsstring>
        <name>obter_num_comandos</name>
        <param>
          <type><ref refid="struct_e_s_t_a_d_o" kindref="compound">ESTADO</ref> *</type>
          <declname>estado</declname>
        </param>
        <briefdescription>
<para>Devolve o número de comandos. </para>
        </briefdescription>
        <detaileddescription>
<para><parameterlist kind="param"><parameteritem>
<parameternamelist>
<parametername>estado</parametername>
</parameternamelist>
<parameterdescription>
<para>O estado atual do jogo </para>
</parameterdescription>
</parameteritem>
</parameterlist>
<simplesect kind="return"><para>O número de comandos efetuados </para>
</simplesect>
</para>
        </detaileddescription>
        <inbodydescription>
        </inbodydescription>
        <location file="Dados.h" line="167" column="5" bodyfile="Dados.c" bodystart="63" bodyend="65" declfile="Dados.h" declline="167" declcolumn="5"/>
      </memberdef>
      <memberdef kind="function" id="_dados_8h_1a1a9bdbad348a38721af5306f7269b9c5" prot="public" static="no" const="no" explicit="no" inline="no" virt="non-virtual">
        <type>char</type>
        <definition>char traduz_linha</definition>
        <argsstring>(COORDENADA c)</argsstring>
        <name>traduz_linha</name>
        <param>
          <type><ref refid="struct_c_o_o_r_d_e_n_a_d_a" kindref="compound">COORDENADA</ref></type>
          <declname>c</declname>
        </param>
        <briefdescription>
        </briefdescription>
        <detaileddescription>
<para>brief Traduz a linha em char <parameterlist kind="param"><parameteritem>
<parameternamelist>
<parametername>c</parametername>
</parameternamelist>
<parameterdescription>
<para>A coordenada a traduzir </para>
</parameterdescription>
</parameteritem>
</parameterlist>
<simplesect kind="return"><para>Um char com a linha traduzida de acordo com o tabuleiro </para>
</simplesect>
</para>
        </detaileddescription>
        <inbodydescription>
        </inbodydescription>
        <location file="Dados.h" line="173" column="6" bodyfile="Dados.c" bodystart="67" bodyend="75" declfile="Dados.h" declline="173" declcolumn="6"/>
      </memberdef>
      <memberdef kind="function" id="_dados_8h_1a868d44f898de4fc25778e5b5147818b3" prot="public" static="no" const="no" explicit="no" inline="no" virt="non-virtual">
        <type>char</type>
        <definition>char traduz_coluna</definition>
        <argsstring>(COORDENADA c)</argsstring>
        <name>traduz_coluna</name>
        <param>
          <type><ref refid="struct_c_o_o_r_d_e_n_a_d_a" kindref="compound">COORDENADA</ref></type>
          <declname>c</declname>
        </param>
        <briefdescription>
        </briefdescription>
        <detaileddescription>
<para>brief Traduz a coluna em char <parameterlist kind="param"><parameteritem>
<parameternamelist>
<parametername>c</parametername>
</parameternamelist>
<parameterdescription>
<para>A coordenada a traduzir </para>
</parameterdescription>
</parameteritem>
</parameterlist>
<simplesect kind="return"><para>Um char com a coluna traduzida de acordo com o tabuleiro </para>
</simplesect>
</para>
        </detaileddescription>
        <inbodydescription>
        </inbodydescription>
        <location file="Dados.h" line="179" column="6" bodyfile="Dados.c" bodystart="77" bodyend="86" declfile="Dados.h" declline="179" declcolumn="6"/>
      </memberdef>
      <memberdef kind="function" id="_dados_8h_1a4f818d5b7ca57f9c1ff8dff454b4a6be" prot="public" static="no" const="no" explicit="no" inline="no" virt="non-virtual">
        <type><ref refid="struct_c_o_o_r_d_e_n_a_d_a" kindref="compound">COORDENADA</ref></type>
        <definition>COORDENADA obter_coordjogada</definition>
        <argsstring>(ESTADO *e, int nj, int j)</argsstring>
        <name>obter_coordjogada</name>
        <param>
          <type><ref refid="struct_e_s_t_a_d_o" kindref="compound">ESTADO</ref> *</type>
          <declname>e</declname>
        </param>
        <param>
          <type>int</type>
          <declname>nj</declname>
        </param>
        <param>
          <type>int</type>
          <declname>j</declname>
        </param>
        <briefdescription>
        </briefdescription>
        <detaileddescription>
<para>brief Devolve a coordenada de uma jogada <parameterlist kind="param"><parameteritem>
<parameternamelist>
<parametername>e</parametername>
</parameternamelist>
<parameterdescription>
<para>O estado atual do jogo </para>
</parameterdescription>
</parameteritem>
<parameteritem>
<parameternamelist>
<parametername>nj</parametername>
</parameternamelist>
<parameterdescription>
<para>O número da jogada que se pretende devolver </para>
</parameterdescription>
</parameteritem>
<parameteritem>
<parameternamelist>
<parametername>j</parametername>
</parameternamelist>
<parameterdescription>
<para>O jogador que efetuou a jogada </para>
</parameterdescription>
</parameteritem>
</parameterlist>
<simplesect kind="return"><para>A coordenada da jogada nj do jogador j </para>
</simplesect>
</para>
        </detaileddescription>
        <inbodydescription>
        </inbodydescription>
        <location file="Dados.h" line="187" column="12" bodyfile="Dados.c" bodystart="88" bodyend="98" declfile="Dados.h" declline="187" declcolumn="12"/>
      </memberdef>
      <memberdef kind="function" id="_dados_8h_1a4756813af82ac51ca833acf53de91c62" prot="public" static="no" const="no" explicit="no" inline="no" virt="non-virtual">
        <type>void</type>
        <definition>void set_casa</definition>
        <argsstring>(ESTADO *e, COORDENADA c, char peca)</argsstring>
        <name>set_casa</name>
        <param>
          <type><ref refid="struct_e_s_t_a_d_o" kindref="compound">ESTADO</ref> *</type>
          <declname>e</declname>
        </param>
        <param>
          <type><ref refid="struct_c_o_o_r_d_e_n_a_d_a" kindref="compound">COORDENADA</ref></type>
          <declname>c</declname>
        </param>
        <param>
          <type>char</type>
          <declname>peca</declname>
        </param>
        <briefdescription>
<para>Modifica uma casa. </para>
        </briefdescription>
        <detaileddescription>
<para><parameterlist kind="param"><parameteritem>
<parameternamelist>
<parametername>e</parametername>
</parameternamelist>
<parameterdescription>
<para>O estado atual do jogo </para>
</parameterdescription>
</parameteritem>
<parameteritem>
<parameternamelist>
<parametername>c</parametername>
</parameternamelist>
<parameterdescription>
<para>A coordenada a modificar </para>
</parameterdescription>
</parameteritem>
<parameteritem>
<parameternamelist>
<parametername>peca</parametername>
</parameternamelist>
<parameterdescription>
<para>O char que corresponde a uma CASA </para>
</parameterdescription>
</parameteritem>
</parameterlist>
</para>
        </detaileddescription>
        <inbodydescription>
        </inbodydescription>
        <location file="Dados.h" line="195" column="6" bodyfile="Dados.c" bodystart="100" bodyend="120" declfile="Dados.h" declline="195" declcolumn="6"/>
      </memberdef>
      <memberdef kind="function" id="_dados_8h_1a85c84d8dbd29c824de2698a8afffddbc" prot="public" static="no" const="no" explicit="no" inline="no" virt="non-virtual">
        <type>void</type>
        <definition>void atualiza_tabuleiro</definition>
        <argsstring>(ESTADO *e, COORDENADA c)</argsstring>
        <name>atualiza_tabuleiro</name>
        <param>
          <type><ref refid="struct_e_s_t_a_d_o" kindref="compound">ESTADO</ref> *</type>
          <declname>e</declname>
        </param>
        <param>
          <type><ref refid="struct_c_o_o_r_d_e_n_a_d_a" kindref="compound">COORDENADA</ref></type>
          <declname>c</declname>
        </param>
        <briefdescription>
<para>Atualiza o tabuleiro. </para>
        </briefdescription>
        <detaileddescription>
<para><parameterlist kind="param"><parameteritem>
<parameternamelist>
<parametername>e</parametername>
</parameternamelist>
<parameterdescription>
<para>O estado atual do jogo </para>
</parameterdescription>
</parameteritem>
<parameteritem>
<parameternamelist>
<parametername>c</parametername>
</parameternamelist>
<parameterdescription>
<para>A coordenada da jogada </para>
</parameterdescription>
</parameteritem>
</parameterlist>
</para>
        </detaileddescription>
        <inbodydescription>
        </inbodydescription>
        <location file="Dados.h" line="202" column="6" bodyfile="Dados.c" bodystart="123" bodyend="131" declfile="Dados.h" declline="202" declcolumn="6"/>
      </memberdef>
      <memberdef kind="function" id="_dados_8h_1a8f72c270019da8c3423aa3eb67898763" prot="public" static="no" const="no" explicit="no" inline="no" virt="non-virtual">
        <type>void</type>
        <definition>void atualiza_numero_jogadas</definition>
        <argsstring>(ESTADO *e, int nj)</argsstring>
        <name>atualiza_numero_jogadas</name>
        <param>
          <type><ref refid="struct_e_s_t_a_d_o" kindref="compound">ESTADO</ref> *</type>
          <declname>e</declname>
        </param>
        <param>
          <type>int</type>
          <declname>nj</declname>
        </param>
        <briefdescription>
<para>Atualiza o número de jogadas. </para>
        </briefdescription>
        <detaileddescription>
<para><parameterlist kind="param"><parameteritem>
<parameternamelist>
<parametername>e</parametername>
</parameternamelist>
<parameterdescription>
<para>O estado atual do jogo </para>
</parameterdescription>
</parameteritem>
<parameteritem>
<parameternamelist>
<parametername>nj</parametername>
</parameternamelist>
<parameterdescription>
<para>O número de jogadas efetuado no estado e </para>
</parameterdescription>
</parameteritem>
</parameterlist>
</para>
        </detaileddescription>
        <inbodydescription>
        </inbodydescription>
        <location file="Dados.h" line="209" column="6" bodyfile="Dados.c" bodystart="134" bodyend="137" declfile="Dados.h" declline="209" declcolumn="6"/>
      </memberdef>
      <memberdef kind="function" id="_dados_8h_1af3a4c65c5fd625a7068ce22ddd1c1634" prot="public" static="no" const="no" explicit="no" inline="no" virt="non-virtual">
        <type>void</type>
        <definition>void atualiza_jogador</definition>
        <argsstring>(ESTADO *e, int ja)</argsstring>
        <name>atualiza_jogador</name>
        <param>
          <type><ref refid="struct_e_s_t_a_d_o" kindref="compound">ESTADO</ref> *</type>
          <declname>e</declname>
        </param>
        <param>
          <type>int</type>
          <declname>ja</declname>
        </param>
        <briefdescription>
<para>Atualiza jogador. </para>
        </briefdescription>
        <detaileddescription>
<para><parameterlist kind="param"><parameteritem>
<parameternamelist>
<parametername>e</parametername>
</parameternamelist>
<parameterdescription>
<para>O estado atual do jogo </para>
</parameterdescription>
</parameteritem>
<parameteritem>
<parameternamelist>
<parametername>ja</parametername>
</parameternamelist>
<parameterdescription>
<para>O jogador atual </para>
</parameterdescription>
</parameteritem>
</parameterlist>
</para>
        </detaileddescription>
        <inbodydescription>
        </inbodydescription>
        <location file="Dados.h" line="216" column="6" bodyfile="Dados.c" bodystart="140" bodyend="143" declfile="Dados.h" declline="216" declcolumn="6"/>
      </memberdef>
      <memberdef kind="function" id="_dados_8h_1a8a58b5c1650e834852257ab02e9909df" prot="public" static="no" const="no" explicit="no" inline="no" virt="non-virtual">
        <type>void</type>
        <definition>void atualiza_jogadas</definition>
        <argsstring>(ESTADO *e, COORDENADA c, int nj, int ja)</argsstring>
        <name>atualiza_jogadas</name>
        <param>
          <type><ref refid="struct_e_s_t_a_d_o" kindref="compound">ESTADO</ref> *</type>
          <declname>e</declname>
        </param>
        <param>
          <type><ref refid="struct_c_o_o_r_d_e_n_a_d_a" kindref="compound">COORDENADA</ref></type>
          <declname>c</declname>
        </param>
        <param>
          <type>int</type>
          <declname>nj</declname>
        </param>
        <param>
          <type>int</type>
          <declname>ja</declname>
        </param>
        <briefdescription>
<para>Atualizada jogadas. </para>
        </briefdescription>
        <detaileddescription>
<para><parameterlist kind="param"><parameteritem>
<parameternamelist>
<parametername>e</parametername>
</parameternamelist>
<parameterdescription>
<para>O estado atual do jogo </para>
</parameterdescription>
</parameteritem>
<parameteritem>
<parameternamelist>
<parametername>c</parametername>
</parameternamelist>
<parameterdescription>
<para>Coordenada da jogada a adicionar </para>
</parameterdescription>
</parameteritem>
<parameteritem>
<parameternamelist>
<parametername>nj</parametername>
</parameternamelist>
<parameterdescription>
<para>O número de jogadas </para>
</parameterdescription>
</parameteritem>
<parameteritem>
<parameternamelist>
<parametername>ja</parametername>
</parameternamelist>
<parameterdescription>
<para>O jogador atual </para>
</parameterdescription>
</parameteritem>
</parameterlist>
</para>
        </detaileddescription>
        <inbodydescription>
        </inbodydescription>
        <location file="Dados.h" line="225" column="6" bodyfile="Dados.c" bodystart="146" bodyend="152" declfile="Dados.h" declline="225" declcolumn="6"/>
      </memberdef>
      <memberdef kind="function" id="_dados_8h_1a06c882a493596ad9a74e8677910f568f" prot="public" static="no" const="no" explicit="no" inline="no" virt="non-virtual">
        <type>void</type>
        <definition>void atualiza_num_comando</definition>
        <argsstring>(ESTADO *e, int nc)</argsstring>
        <name>atualiza_num_comando</name>
        <param>
          <type><ref refid="struct_e_s_t_a_d_o" kindref="compound">ESTADO</ref> *</type>
          <declname>e</declname>
        </param>
        <param>
          <type>int</type>
          <declname>nc</declname>
        </param>
        <briefdescription>
<para>Atualiza o número de comandos. </para>
        </briefdescription>
        <detaileddescription>
<para><parameterlist kind="param"><parameteritem>
<parameternamelist>
<parametername>e</parametername>
</parameternamelist>
<parameterdescription>
<para>O estado atual do jogo </para>
</parameterdescription>
</parameteritem>
<parameteritem>
<parameternamelist>
<parametername>nc</parametername>
</parameternamelist>
<parameterdescription>
<para>O número de comandos </para>
</parameterdescription>
</parameteritem>
</parameterlist>
</para>
        </detaileddescription>
        <inbodydescription>
        </inbodydescription>
        <location file="Dados.h" line="232" column="6" bodyfile="Dados.c" bodystart="155" bodyend="158" declfile="Dados.h" declline="232" declcolumn="6"/>
      </memberdef>
      <memberdef kind="function" id="_dados_8h_1ac3e2bb2a82a55bd13aa5cc73d513aad2" prot="public" static="no" const="no" explicit="no" inline="no" virt="non-virtual">
        <type>void</type>
        <definition>void atualiza_ultima_jogada</definition>
        <argsstring>(ESTADO *e, COORDENADA c)</argsstring>
        <name>atualiza_ultima_jogada</name>
        <param>
          <type><ref refid="struct_e_s_t_a_d_o" kindref="compound">ESTADO</ref> *</type>
          <declname>e</declname>
        </param>
        <param>
          <type><ref refid="struct_c_o_o_r_d_e_n_a_d_a" kindref="compound">COORDENADA</ref></type>
          <declname>c</declname>
        </param>
        <briefdescription>
<para>Atualiza a ultima jogada. </para>
        </briefdescription>
        <detaileddescription>
<para><parameterlist kind="param"><parameteritem>
<parameternamelist>
<parametername>e</parametername>
</parameternamelist>
<parameterdescription>
<para>O estado atual do jogo </para>
</parameterdescription>
</parameteritem>
<parameteritem>
<parameternamelist>
<parametername>c</parametername>
</parameternamelist>
<parameterdescription>
<para>A coordenada da última jogada efetuada </para>
</parameterdescription>
</parameteritem>
</parameterlist>
</para>
        </detaileddescription>
        <inbodydescription>
        </inbodydescription>
        <location file="Dados.h" line="239" column="6" bodyfile="Dados.c" bodystart="161" bodyend="164" declfile="Dados.h" declline="239" declcolumn="6"/>
      </memberdef>
      <memberdef kind="function" id="_dados_8h_1ab39e238155cffe8df53fc543ba5c4509" prot="public" static="no" const="no" explicit="no" inline="no" virt="non-virtual">
        <type>void</type>
        <definition>void set_jogadas</definition>
        <argsstring>(ESTADO *e, int nj, COORDENADA j1, COORDENADA j2)</argsstring>
        <name>set_jogadas</name>
        <param>
          <type><ref refid="struct_e_s_t_a_d_o" kindref="compound">ESTADO</ref> *</type>
          <declname>e</declname>
        </param>
        <param>
          <type>int</type>
          <declname>nj</declname>
        </param>
        <param>
          <type><ref refid="struct_c_o_o_r_d_e_n_a_d_a" kindref="compound">COORDENADA</ref></type>
          <declname>j1</declname>
        </param>
        <param>
          <type><ref refid="struct_c_o_o_r_d_e_n_a_d_a" kindref="compound">COORDENADA</ref></type>
          <declname>j2</declname>
        </param>
        <briefdescription>
<para>Atualiza a jogada. </para>
        </briefdescription>
        <detaileddescription>
<para><parameterlist kind="param"><parameteritem>
<parameternamelist>
<parametername>e</parametername>
</parameternamelist>
<parameterdescription>
<para>O estado atual do jogo </para>
</parameterdescription>
</parameteritem>
<parameteritem>
<parameternamelist>
<parametername>nj</parametername>
</parameternamelist>
<parameterdescription>
<para>A jogada a atualizar </para>
</parameterdescription>
</parameteritem>
<parameteritem>
<parameternamelist>
<parametername>j1</parametername>
</parameternamelist>
<parameterdescription>
<para>A coordenada a colocar no jogador1 </para>
</parameterdescription>
</parameteritem>
<parameteritem>
<parameternamelist>
<parametername>j2</parametername>
</parameternamelist>
<parameterdescription>
<para>A coordenada a colocar no jogador2 </para>
</parameterdescription>
</parameteritem>
</parameterlist>
</para>
        </detaileddescription>
        <inbodydescription>
        </inbodydescription>
        <location file="Dados.h" line="248" column="6" bodyfile="Dados.c" bodystart="166" bodyend="170" declfile="Dados.h" declline="248" declcolumn="6"/>
      </memberdef>
      </sectiondef>
    <briefdescription>
    </briefdescription>
    <detaileddescription>
    </detaileddescription>
    <programlisting>
<codeline lineno="1"></codeline>
<codeline lineno="5"><highlight class="preprocessor">#ifndef<sp/>PL8_2_DADOS_H</highlight><highlight class="normal"></highlight></codeline>
<codeline lineno="6"><highlight class="normal"></highlight><highlight class="preprocessor">#define<sp/>PL8_2_DADOS_H</highlight><highlight class="normal"></highlight></codeline>
<codeline lineno="7"><highlight class="normal"></highlight></codeline>
<codeline lineno="21"><highlight class="keyword">typedef</highlight><highlight class="normal"><sp/></highlight><highlight class="keyword">enum</highlight><highlight class="normal"><sp/>{</highlight></codeline>
<codeline lineno="22"><highlight class="normal"><sp/><sp/><sp/><sp/>UM<sp/>=<sp/></highlight><highlight class="charliteral">&apos;1&apos;</highlight><highlight class="normal">,</highlight></codeline>
<codeline lineno="23"><highlight class="normal"><sp/><sp/><sp/><sp/>DOIS<sp/>=<sp/></highlight><highlight class="charliteral">&apos;2&apos;</highlight><highlight class="normal">,</highlight></codeline>
<codeline lineno="24"><highlight class="normal"><sp/><sp/><sp/><sp/>VAZIO<sp/>=<sp/></highlight><highlight class="charliteral">&apos;.&apos;</highlight><highlight class="normal">,</highlight></codeline>
<codeline lineno="25"><highlight class="normal"><sp/><sp/><sp/><sp/>BRANCA<sp/>=<sp/></highlight><highlight class="charliteral">&apos;*&apos;</highlight><highlight class="normal">,</highlight></codeline>
<codeline lineno="26"><highlight class="normal"><sp/><sp/><sp/><sp/>PRETA<sp/>=<sp/></highlight><highlight class="charliteral">&apos;#&apos;</highlight><highlight class="normal"></highlight></codeline>
<codeline lineno="27"><highlight class="normal">}<sp/>CASA;</highlight></codeline>
<codeline lineno="28"><highlight class="normal"></highlight></codeline>
<codeline lineno="42"><highlight class="keyword">typedef</highlight><highlight class="normal"><sp/></highlight><highlight class="keyword">enum</highlight><highlight class="normal"><sp/>{</highlight></codeline>
<codeline lineno="43"><highlight class="normal"><sp/><sp/><sp/><sp/>JOGAR<sp/>=<sp/>1,</highlight></codeline>
<codeline lineno="44"><highlight class="normal"><sp/><sp/><sp/><sp/>GRAVAR<sp/>=<sp/>2,</highlight></codeline>
<codeline lineno="45"><highlight class="normal"><sp/><sp/><sp/><sp/>LER<sp/>=<sp/>3,</highlight></codeline>
<codeline lineno="46"><highlight class="normal"><sp/><sp/><sp/><sp/>MOVS<sp/>=<sp/>4,</highlight></codeline>
<codeline lineno="47"><highlight class="normal"><sp/><sp/><sp/><sp/>POS<sp/>=<sp/>5,</highlight></codeline>
<codeline lineno="48"><highlight class="normal"><sp/><sp/><sp/><sp/>JOG<sp/>=<sp/>6</highlight></codeline>
<codeline lineno="49"><highlight class="normal">}<sp/>COMANDO;</highlight></codeline>
<codeline lineno="50"><highlight class="normal"></highlight></codeline>
<codeline lineno="58" refid="struct_c_o_o_r_d_e_n_a_d_a" refkind="compound"><highlight class="keyword">typedef</highlight><highlight class="normal"><sp/></highlight><highlight class="keyword">struct<sp/></highlight><highlight class="normal">{</highlight></codeline>
<codeline lineno="59" refid="struct_c_o_o_r_d_e_n_a_d_a_1ac241af99d2fb991831964fb94b86c7de" refkind="member"><highlight class="normal"><sp/><sp/><sp/><sp/></highlight><highlight class="keywordtype">int</highlight><highlight class="normal"><sp/><ref refid="struct_c_o_o_r_d_e_n_a_d_a_1ac241af99d2fb991831964fb94b86c7de" kindref="member">coluna</ref>;</highlight></codeline>
<codeline lineno="60" refid="struct_c_o_o_r_d_e_n_a_d_a_1a369e9a4d96b7450bbc640fe737db2977" refkind="member"><highlight class="normal"><sp/><sp/><sp/><sp/></highlight><highlight class="keywordtype">int</highlight><highlight class="normal"><sp/><ref refid="struct_c_o_o_r_d_e_n_a_d_a_1a369e9a4d96b7450bbc640fe737db2977" kindref="member">linha</ref>;</highlight></codeline>
<codeline lineno="61"><highlight class="normal">}<sp/><ref refid="struct_c_o_o_r_d_e_n_a_d_a" kindref="compound">COORDENADA</ref>;</highlight></codeline>
<codeline lineno="62"><highlight class="normal"></highlight></codeline>
<codeline lineno="70" refid="struct_j_o_g_a_d_a" refkind="compound"><highlight class="keyword">typedef</highlight><highlight class="normal"><sp/></highlight><highlight class="keyword">struct<sp/></highlight><highlight class="normal">{</highlight></codeline>
<codeline lineno="71" refid="struct_j_o_g_a_d_a_1a880582c073999b13f278a9ce47e16eb8" refkind="member"><highlight class="normal"><sp/><sp/><sp/><sp/><ref refid="struct_c_o_o_r_d_e_n_a_d_a" kindref="compound">COORDENADA</ref><sp/><ref refid="struct_j_o_g_a_d_a_1a880582c073999b13f278a9ce47e16eb8" kindref="member">jogador1</ref>;</highlight></codeline>
<codeline lineno="72" refid="struct_j_o_g_a_d_a_1a6e6dcfc7e5be8fbbe76750f7ae47ba70" refkind="member"><highlight class="normal"><sp/><sp/><sp/><sp/><ref refid="struct_c_o_o_r_d_e_n_a_d_a" kindref="compound">COORDENADA</ref><sp/><ref refid="struct_j_o_g_a_d_a_1a6e6dcfc7e5be8fbbe76750f7ae47ba70" kindref="member">jogador2</ref>;</highlight></codeline>
<codeline lineno="73"><highlight class="normal">}<sp/><ref refid="struct_j_o_g_a_d_a" kindref="compound">JOGADA</ref>;</highlight></codeline>
<codeline lineno="74"><highlight class="normal"></highlight></codeline>
<codeline lineno="78"><highlight class="keyword">typedef</highlight><highlight class="normal"><sp/><ref refid="struct_j_o_g_a_d_a" kindref="compound">JOGADA</ref><sp/>JOGADAS[32];</highlight></codeline>
<codeline lineno="79"><highlight class="normal"></highlight></codeline>
<codeline lineno="83" refid="struct_e_s_t_a_d_o" refkind="compound"><highlight class="keyword">typedef</highlight><highlight class="normal"><sp/></highlight><highlight class="keyword">struct<sp/></highlight><highlight class="normal">{</highlight></codeline>
<codeline lineno="85" refid="struct_e_s_t_a_d_o_1ab56f0f1be16954d3768b4174d14c087d" refkind="member"><highlight class="normal"><sp/><sp/><sp/><sp/>CASA<sp/>tab[8][8];</highlight></codeline>
<codeline lineno="87" refid="struct_e_s_t_a_d_o_1afae43b87a488fad0f2b56a18bad31d18" refkind="member"><highlight class="normal"><sp/><sp/><sp/><sp/>JOGADAS<sp/><ref refid="struct_e_s_t_a_d_o_1afae43b87a488fad0f2b56a18bad31d18" kindref="member">jogadas</ref>;</highlight></codeline>
<codeline lineno="89" refid="struct_e_s_t_a_d_o_1a261495728744647e618b4e623f5a4b7a" refkind="member"><highlight class="normal"><sp/><sp/><sp/><sp/></highlight><highlight class="keywordtype">int</highlight><highlight class="normal"><sp/><ref refid="struct_e_s_t_a_d_o_1a261495728744647e618b4e623f5a4b7a" kindref="member">num_jogadas</ref>;</highlight></codeline>
<codeline lineno="91" refid="struct_e_s_t_a_d_o_1a5dd28e2e68b7aef2b6b7ea88e02eff58" refkind="member"><highlight class="normal"><sp/><sp/><sp/><sp/></highlight><highlight class="keywordtype">int</highlight><highlight class="normal"><sp/><ref refid="struct_e_s_t_a_d_o_1a5dd28e2e68b7aef2b6b7ea88e02eff58" kindref="member">jogador_atual</ref>;</highlight></codeline>
<codeline lineno="93" refid="struct_e_s_t_a_d_o_1adf1064dfc09145b6995a7897249f1674" refkind="member"><highlight class="normal"><sp/><sp/><sp/><sp/></highlight><highlight class="keywordtype">int</highlight><highlight class="normal"><sp/><ref refid="struct_e_s_t_a_d_o_1adf1064dfc09145b6995a7897249f1674" kindref="member">num_comando</ref>;</highlight></codeline>
<codeline lineno="95" refid="struct_e_s_t_a_d_o_1a4896a5c5c1f40b43fb795623327e3f47" refkind="member"><highlight class="normal"><sp/><sp/><sp/><sp/><ref refid="struct_c_o_o_r_d_e_n_a_d_a" kindref="compound">COORDENADA</ref><sp/><ref refid="struct_e_s_t_a_d_o_1a4896a5c5c1f40b43fb795623327e3f47" kindref="member">ultima_jogada</ref>;</highlight></codeline>
<codeline lineno="96"><highlight class="normal">}<sp/><ref refid="struct_e_s_t_a_d_o" kindref="compound">ESTADO</ref>;</highlight></codeline>
<codeline lineno="97"><highlight class="normal"></highlight></codeline>
<codeline lineno="101"><highlight class="keyword">typedef</highlight><highlight class="normal"><sp/></highlight><highlight class="keyword">enum</highlight><highlight class="normal"><sp/>{</highlight></codeline>
<codeline lineno="102"><highlight class="normal"><sp/><sp/><sp/><sp/>OK,</highlight></codeline>
<codeline lineno="103"><highlight class="normal"><sp/><sp/><sp/><sp/>COORDENADA_INVALIDA,</highlight></codeline>
<codeline lineno="104"><highlight class="normal"><sp/><sp/><sp/><sp/>JOGADA_INVALIDA,</highlight></codeline>
<codeline lineno="105"><highlight class="normal"><sp/><sp/><sp/><sp/>ERRO_LER_TAB,</highlight></codeline>
<codeline lineno="106"><highlight class="normal"><sp/><sp/><sp/><sp/>ERRO_ABRIR_FICHEIRO,</highlight></codeline>
<codeline lineno="107"><highlight class="normal"><sp/><sp/><sp/><sp/>ERRO_GRAVAR</highlight></codeline>
<codeline lineno="108"><highlight class="normal">}<sp/>ERRO;</highlight></codeline>
<codeline lineno="109"><highlight class="normal"></highlight></codeline>
<codeline lineno="119"><highlight class="normal"><ref refid="struct_c_o_o_r_d_e_n_a_d_a" kindref="compound">COORDENADA</ref><sp/>converte_coordenada(<ref refid="struct_c_o_o_r_d_e_n_a_d_a" kindref="compound">COORDENADA</ref><sp/>c);</highlight></codeline>
<codeline lineno="120"><highlight class="normal"></highlight></codeline>
<codeline lineno="125"><highlight class="keywordtype">void</highlight><highlight class="normal"><sp/>clear_jogadas(<ref refid="struct_e_s_t_a_d_o" kindref="compound">ESTADO</ref><sp/>*e);</highlight></codeline>
<codeline lineno="126"><highlight class="normal"></highlight></codeline>
<codeline lineno="131"><highlight class="normal"><ref refid="struct_e_s_t_a_d_o" kindref="compound">ESTADO</ref><sp/>*inicializar_estado();</highlight></codeline>
<codeline lineno="132"><highlight class="normal"></highlight></codeline>
<codeline lineno="138"><highlight class="keywordtype">int</highlight><highlight class="normal"><sp/>obter_jogador_atual(<ref refid="struct_e_s_t_a_d_o" kindref="compound">ESTADO</ref><sp/>*estado);</highlight></codeline>
<codeline lineno="139"><highlight class="normal"></highlight></codeline>
<codeline lineno="145"><highlight class="keywordtype">int</highlight><highlight class="normal"><sp/>obter_numero_de_jogadas(<ref refid="struct_e_s_t_a_d_o" kindref="compound">ESTADO</ref><sp/>*estado);</highlight></codeline>
<codeline lineno="146"><highlight class="normal"></highlight></codeline>
<codeline lineno="152"><highlight class="normal"><ref refid="struct_c_o_o_r_d_e_n_a_d_a" kindref="compound">COORDENADA</ref><sp/>obter_ultima_jogada(<ref refid="struct_e_s_t_a_d_o" kindref="compound">ESTADO</ref><sp/>*estado);</highlight></codeline>
<codeline lineno="153"><highlight class="normal"></highlight></codeline>
<codeline lineno="160"><highlight class="normal">CASA<sp/>obter_estado_casa(<ref refid="struct_e_s_t_a_d_o" kindref="compound">ESTADO</ref><sp/>*e,<sp/><ref refid="struct_c_o_o_r_d_e_n_a_d_a" kindref="compound">COORDENADA</ref><sp/>c);</highlight></codeline>
<codeline lineno="161"><highlight class="normal"></highlight></codeline>
<codeline lineno="167"><highlight class="keywordtype">int</highlight><highlight class="normal"><sp/>obter_num_comandos(<ref refid="struct_e_s_t_a_d_o" kindref="compound">ESTADO</ref><sp/>*estado);</highlight></codeline>
<codeline lineno="168"><highlight class="normal"></highlight></codeline>
<codeline lineno="173"><highlight class="keywordtype">char</highlight><highlight class="normal"><sp/>traduz_linha(<ref refid="struct_c_o_o_r_d_e_n_a_d_a" kindref="compound">COORDENADA</ref><sp/>c);</highlight></codeline>
<codeline lineno="174"><highlight class="normal"></highlight></codeline>
<codeline lineno="179"><highlight class="keywordtype">char</highlight><highlight class="normal"><sp/>traduz_coluna(<ref refid="struct_c_o_o_r_d_e_n_a_d_a" kindref="compound">COORDENADA</ref><sp/>c);</highlight></codeline>
<codeline lineno="180"><highlight class="normal"></highlight></codeline>
<codeline lineno="187"><highlight class="normal"><ref refid="struct_c_o_o_r_d_e_n_a_d_a" kindref="compound">COORDENADA</ref><sp/>obter_coordjogada(<ref refid="struct_e_s_t_a_d_o" kindref="compound">ESTADO</ref><sp/>*e,<sp/></highlight><highlight class="keywordtype">int</highlight><highlight class="normal"><sp/>nj,<sp/></highlight><highlight class="keywordtype">int</highlight><highlight class="normal"><sp/>j);</highlight></codeline>
<codeline lineno="188"><highlight class="normal"></highlight></codeline>
<codeline lineno="195"><highlight class="keywordtype">void</highlight><highlight class="normal"><sp/>set_casa(<ref refid="struct_e_s_t_a_d_o" kindref="compound">ESTADO</ref><sp/>*e,<sp/><ref refid="struct_c_o_o_r_d_e_n_a_d_a" kindref="compound">COORDENADA</ref><sp/>c,<sp/></highlight><highlight class="keywordtype">char</highlight><highlight class="normal"><sp/>peca);</highlight></codeline>
<codeline lineno="196"><highlight class="normal"></highlight></codeline>
<codeline lineno="202"><highlight class="keywordtype">void</highlight><highlight class="normal"><sp/>atualiza_tabuleiro(<ref refid="struct_e_s_t_a_d_o" kindref="compound">ESTADO</ref><sp/>*e,<sp/><ref refid="struct_c_o_o_r_d_e_n_a_d_a" kindref="compound">COORDENADA</ref><sp/>c);</highlight></codeline>
<codeline lineno="203"><highlight class="normal"></highlight></codeline>
<codeline lineno="209"><highlight class="keywordtype">void</highlight><highlight class="normal"><sp/>atualiza_numero_jogadas(<ref refid="struct_e_s_t_a_d_o" kindref="compound">ESTADO</ref><sp/>*e,<sp/></highlight><highlight class="keywordtype">int</highlight><highlight class="normal"><sp/>nj);</highlight></codeline>
<codeline lineno="210"><highlight class="normal"></highlight></codeline>
<codeline lineno="216"><highlight class="keywordtype">void</highlight><highlight class="normal"><sp/>atualiza_jogador(<ref refid="struct_e_s_t_a_d_o" kindref="compound">ESTADO</ref><sp/>*e,</highlight><highlight class="keywordtype">int</highlight><highlight class="normal"><sp/>ja);</highlight></codeline>
<codeline lineno="217"><highlight class="normal"></highlight></codeline>
<codeline lineno="225"><highlight class="keywordtype">void</highlight><highlight class="normal"><sp/>atualiza_jogadas(<ref refid="struct_e_s_t_a_d_o" kindref="compound">ESTADO</ref><sp/>*e,<ref refid="struct_c_o_o_r_d_e_n_a_d_a" kindref="compound">COORDENADA</ref><sp/>c,</highlight><highlight class="keywordtype">int</highlight><highlight class="normal"><sp/>nj,</highlight><highlight class="keywordtype">int</highlight><highlight class="normal"><sp/>ja);</highlight></codeline>
<codeline lineno="226"><highlight class="normal"></highlight></codeline>
<codeline lineno="232"><highlight class="keywordtype">void</highlight><highlight class="normal"><sp/>atualiza_num_comando(<ref refid="struct_e_s_t_a_d_o" kindref="compound">ESTADO</ref><sp/>*e,</highlight><highlight class="keywordtype">int</highlight><highlight class="normal"><sp/>nc);</highlight></codeline>
<codeline lineno="233"><highlight class="normal"></highlight></codeline>
<codeline lineno="239"><highlight class="keywordtype">void</highlight><highlight class="normal"><sp/>atualiza_ultima_jogada(<ref refid="struct_e_s_t_a_d_o" kindref="compound">ESTADO</ref><sp/>*e,<ref refid="struct_c_o_o_r_d_e_n_a_d_a" kindref="compound">COORDENADA</ref><sp/>c);</highlight></codeline>
<codeline lineno="240"><highlight class="normal"></highlight></codeline>
<codeline lineno="248"><highlight class="keywordtype">void</highlight><highlight class="normal"><sp/>set_jogadas(<ref refid="struct_e_s_t_a_d_o" kindref="compound">ESTADO</ref><sp/>*e,<sp/></highlight><highlight class="keywordtype">int</highlight><highlight class="normal"><sp/>nj,<ref refid="struct_c_o_o_r_d_e_n_a_d_a" kindref="compound">COORDENADA</ref><sp/>j1,<ref refid="struct_c_o_o_r_d_e_n_a_d_a" kindref="compound">COORDENADA</ref><sp/>j2);</highlight></codeline>
<codeline lineno="249"><highlight class="normal"></highlight></codeline>
<codeline lineno="250"><highlight class="normal"></highlight><highlight class="preprocessor">#endif</highlight></codeline>
    </programlisting>
    <location file="Dados.h"/>
  </compounddef>
</doxygen>
