<?xml version='1.0' encoding='UTF-8' standalone='no'?>
<doxygen xmlns:xsi="http://www.w3.org/2001/XMLSchema-instance" xsi:noNamespaceSchemaLocation="compound.xsd" version="1.8.18">
  <compounddef id="_dados_8c" kind="file" language="C++">
    <compoundname>Dados.c</compoundname>
    <includes refid="_dados_8h" local="yes">Dados.h</includes>
    <includes local="no">stdlib.h</includes>
    <incdepgraph>
      <node id="3">
        <label>stdlib.h</label>
      </node>
      <node id="1">
        <label>Dados.c</label>
        <link refid="_dados_8c"/>
        <childnode refid="2" relation="include">
        </childnode>
        <childnode refid="3" relation="include">
        </childnode>
      </node>
      <node id="2">
        <label>Dados.h</label>
        <link refid="_dados_8h_source"/>
      </node>
    </incdepgraph>
      <sectiondef kind="func">
      <memberdef kind="function" id="_dados_8c_1a2915c59fe0ae21288f2e053782d01afd" prot="public" static="no" const="no" explicit="no" inline="no" virt="non-virtual">
        <type><ref refid="struct_c_o_o_r_d_e_n_a_d_a" kindref="compound">COORDENADA</ref></type>
        <definition>COORDENADA converte_coordenada</definition>
        <argsstring>(COORDENADA c)</argsstring>
        <name>converte_coordenada</name>
        <param>
          <type><ref refid="struct_c_o_o_r_d_e_n_a_d_a" kindref="compound">COORDENADA</ref></type>
          <declname>c</declname>
        </param>
        <briefdescription>
<para>Declaração de funções. </para>
        </briefdescription>
        <detaileddescription>
<para>Devolve a coordenada, tendo em conta que as linhas são contadas de forma inversa no tabuleiro. <parameterlist kind="param"><parameteritem>
<parameternamelist>
<parametername>c</parametername>
</parameternamelist>
<parameterdescription>
<para>A coordenada a ser convertida </para>
</parameterdescription>
</parameteritem>
</parameterlist>
<simplesect kind="return"><para>A coordenada convertida </para>
</simplesect>
</para>
        </detaileddescription>
        <inbodydescription>
        </inbodydescription>
        <location file="Dados.c" line="4" column="12" bodyfile="Dados.c" bodystart="4" bodyend="7"/>
      </memberdef>
      <memberdef kind="function" id="_dados_8c_1a7311e4b194b6b6ea69db2ea2639dd7fb" prot="public" static="no" const="no" explicit="no" inline="no" virt="non-virtual">
        <type>void</type>
        <definition>void clear_jogadas</definition>
        <argsstring>(ESTADO *e)</argsstring>
        <name>clear_jogadas</name>
        <param>
          <type><ref refid="struct_e_s_t_a_d_o" kindref="compound">ESTADO</ref> *</type>
          <declname>e</declname>
        </param>
        <briefdescription>
<para>Função que coloca todas as jogadas como nulas, sendo a coordenada nula = {-1,-1}. </para>
        </briefdescription>
        <detaileddescription>
<para><parameterlist kind="param"><parameteritem>
<parameternamelist>
<parametername>e</parametername>
</parameternamelist>
<parameterdescription>
<para>O estado em que as jogas vão ser anuladas </para>
</parameterdescription>
</parameteritem>
</parameterlist>
</para>
        </detaileddescription>
        <inbodydescription>
        </inbodydescription>
        <location file="Dados.c" line="9" column="6" bodyfile="Dados.c" bodystart="9" bodyend="17"/>
      </memberdef>
      <memberdef kind="function" id="_dados_8c_1a7e0c7e26fb685d9ab501e19b05e6954f" prot="public" static="no" const="no" explicit="no" inline="no" virt="non-virtual">
        <type><ref refid="struct_e_s_t_a_d_o" kindref="compound">ESTADO</ref> *</type>
        <definition>ESTADO* inicializar_estado</definition>
        <argsstring>()</argsstring>
        <name>inicializar_estado</name>
        <briefdescription>
<para>Inicializa o estado. </para>
        </briefdescription>
        <detaileddescription>
<para><simplesect kind="return"><para>O estado inicial do jogo, tendo em conta todos os parâmetros do estado. </para>
</simplesect>
</para>
        </detaileddescription>
        <inbodydescription>
        </inbodydescription>
        <location file="Dados.c" line="19" column="8" bodyfile="Dados.c" bodystart="19" bodyend="45"/>
      </memberdef>
      <memberdef kind="function" id="_dados_8c_1ad6e326e4ffa57ca1ae0c75377ecefc8c" prot="public" static="no" const="no" explicit="no" inline="no" virt="non-virtual">
        <type>int</type>
        <definition>int obter_jogador_atual</definition>
        <argsstring>(ESTADO *estado)</argsstring>
        <name>obter_jogador_atual</name>
        <param>
          <type><ref refid="struct_e_s_t_a_d_o" kindref="compound">ESTADO</ref> *</type>
          <declname>estado</declname>
        </param>
        <briefdescription>
<para>Devolve o jogador atual. </para>
        </briefdescription>
        <detaileddescription>
<para><parameterlist kind="param"><parameteritem>
<parameternamelist>
<parametername>estado</parametername>
</parameternamelist>
<parameterdescription>
<para>O estado atual do jogo </para>
</parameterdescription>
</parameteritem>
</parameterlist>
<simplesect kind="return"><para>O jogador atual </para>
</simplesect>
</para>
        </detaileddescription>
        <inbodydescription>
        </inbodydescription>
        <location file="Dados.c" line="47" column="5" bodyfile="Dados.c" bodystart="47" bodyend="49"/>
      </memberdef>
      <memberdef kind="function" id="_dados_8c_1a6cd0b387bdee9e18003c78852394aa63" prot="public" static="no" const="no" explicit="no" inline="no" virt="non-virtual">
        <type>int</type>
        <definition>int obter_numero_de_jogadas</definition>
        <argsstring>(ESTADO *estado)</argsstring>
        <name>obter_numero_de_jogadas</name>
        <param>
          <type><ref refid="struct_e_s_t_a_d_o" kindref="compound">ESTADO</ref> *</type>
          <declname>estado</declname>
        </param>
        <briefdescription>
<para>Devolve o número de jogadas. </para>
        </briefdescription>
        <detaileddescription>
<para><parameterlist kind="param"><parameteritem>
<parameternamelist>
<parametername>estado</parametername>
</parameternamelist>
<parameterdescription>
<para>O estado atual do jogo </para>
</parameterdescription>
</parameteritem>
</parameterlist>
<simplesect kind="return"><para>O número de jogadas efetuadas </para>
</simplesect>
</para>
        </detaileddescription>
        <inbodydescription>
        </inbodydescription>
        <location file="Dados.c" line="51" column="5" bodyfile="Dados.c" bodystart="51" bodyend="53"/>
      </memberdef>
      <memberdef kind="function" id="_dados_8c_1a002d7b97f6e1f8bfa2b50efbe03d62bf" prot="public" static="no" const="no" explicit="no" inline="no" virt="non-virtual">
        <type><ref refid="struct_c_o_o_r_d_e_n_a_d_a" kindref="compound">COORDENADA</ref></type>
        <definition>COORDENADA obter_ultima_jogada</definition>
        <argsstring>(ESTADO *estado)</argsstring>
        <name>obter_ultima_jogada</name>
        <param>
          <type><ref refid="struct_e_s_t_a_d_o" kindref="compound">ESTADO</ref> *</type>
          <declname>estado</declname>
        </param>
        <briefdescription>
<para>Devolve o última jogada efetuada. </para>
        </briefdescription>
        <detaileddescription>
<para><parameterlist kind="param"><parameteritem>
<parameternamelist>
<parametername>estado</parametername>
</parameternamelist>
<parameterdescription>
<para>O estado atual do jogo </para>
</parameterdescription>
</parameteritem>
</parameterlist>
<simplesect kind="return"><para>A coordenada da última jogada efetuada </para>
</simplesect>
</para>
        </detaileddescription>
        <inbodydescription>
        </inbodydescription>
        <location file="Dados.c" line="55" column="12" bodyfile="Dados.c" bodystart="55" bodyend="57"/>
      </memberdef>
      <memberdef kind="function" id="_dados_8c_1a6faa68373203923729ed38657aa0f768" prot="public" static="no" const="no" explicit="no" inline="no" virt="non-virtual">
        <type>CASA</type>
        <definition>CASA obter_estado_casa</definition>
        <argsstring>(ESTADO *e, COORDENADA c)</argsstring>
        <name>obter_estado_casa</name>
        <param>
          <type><ref refid="struct_e_s_t_a_d_o" kindref="compound">ESTADO</ref> *</type>
          <declname>e</declname>
        </param>
        <param>
          <type><ref refid="struct_c_o_o_r_d_e_n_a_d_a" kindref="compound">COORDENADA</ref></type>
          <declname>c</declname>
        </param>
        <briefdescription>
<para>Devolve o estado da casa. </para>
        </briefdescription>
        <detaileddescription>
<para><parameterlist kind="param"><parameteritem>
<parameternamelist>
<parametername>e</parametername>
</parameternamelist>
<parameterdescription>
<para>O estado atual do jogo </para>
</parameterdescription>
</parameteritem>
<parameteritem>
<parameternamelist>
<parametername>c</parametername>
</parameternamelist>
<parameterdescription>
<para>Coordenada da casa </para>
</parameterdescription>
</parameteritem>
</parameterlist>
<simplesect kind="return"><para>O estado da casa de coordenada c </para>
</simplesect>
</para>
        </detaileddescription>
        <inbodydescription>
        </inbodydescription>
        <location file="Dados.c" line="59" column="6" bodyfile="Dados.c" bodystart="59" bodyend="61"/>
      </memberdef>
      <memberdef kind="function" id="_dados_8c_1a668e7b13f461f17959ffd07a22a6f2dc" prot="public" static="no" const="no" explicit="no" inline="no" virt="non-virtual">
        <type>int</type>
        <definition>int obter_num_comandos</definition>
        <argsstring>(ESTADO *estado)</argsstring>
        <name>obter_num_comandos</name>
        <param>
          <type><ref refid="struct_e_s_t_a_d_o" kindref="compound">ESTADO</ref> *</type>
          <declname>estado</declname>
        </param>
        <briefdescription>
<para>Devolve o número de comandos. </para>
        </briefdescription>
        <detaileddescription>
<para><parameterlist kind="param"><parameteritem>
<parameternamelist>
<parametername>estado</parametername>
</parameternamelist>
<parameterdescription>
<para>O estado atual do jogo </para>
</parameterdescription>
</parameteritem>
</parameterlist>
<simplesect kind="return"><para>O número de comandos efetuados </para>
</simplesect>
</para>
        </detaileddescription>
        <inbodydescription>
        </inbodydescription>
        <location file="Dados.c" line="63" column="5" bodyfile="Dados.c" bodystart="63" bodyend="65"/>
      </memberdef>
      <memberdef kind="function" id="_dados_8c_1a1a9bdbad348a38721af5306f7269b9c5" prot="public" static="no" const="no" explicit="no" inline="no" virt="non-virtual">
        <type>char</type>
        <definition>char traduz_linha</definition>
        <argsstring>(COORDENADA c)</argsstring>
        <name>traduz_linha</name>
        <param>
          <type><ref refid="struct_c_o_o_r_d_e_n_a_d_a" kindref="compound">COORDENADA</ref></type>
          <declname>c</declname>
        </param>
        <briefdescription>
        </briefdescription>
        <detaileddescription>
<para>brief Traduz a linha em char <parameterlist kind="param"><parameteritem>
<parameternamelist>
<parametername>c</parametername>
</parameternamelist>
<parameterdescription>
<para>A coordenada a traduzir </para>
</parameterdescription>
</parameteritem>
</parameterlist>
<simplesect kind="return"><para>Um char com a linha traduzida de acordo com o tabuleiro </para>
</simplesect>
</para>
        </detaileddescription>
        <inbodydescription>
        </inbodydescription>
        <location file="Dados.c" line="67" column="6" bodyfile="Dados.c" bodystart="67" bodyend="75"/>
      </memberdef>
      <memberdef kind="function" id="_dados_8c_1a868d44f898de4fc25778e5b5147818b3" prot="public" static="no" const="no" explicit="no" inline="no" virt="non-virtual">
        <type>char</type>
        <definition>char traduz_coluna</definition>
        <argsstring>(COORDENADA c)</argsstring>
        <name>traduz_coluna</name>
        <param>
          <type><ref refid="struct_c_o_o_r_d_e_n_a_d_a" kindref="compound">COORDENADA</ref></type>
          <declname>c</declname>
        </param>
        <briefdescription>
        </briefdescription>
        <detaileddescription>
<para>brief Traduz a coluna em char <parameterlist kind="param"><parameteritem>
<parameternamelist>
<parametername>c</parametername>
</parameternamelist>
<parameterdescription>
<para>A coordenada a traduzir </para>
</parameterdescription>
</parameteritem>
</parameterlist>
<simplesect kind="return"><para>Um char com a coluna traduzida de acordo com o tabuleiro </para>
</simplesect>
</para>
        </detaileddescription>
        <inbodydescription>
        </inbodydescription>
        <location file="Dados.c" line="77" column="6" bodyfile="Dados.c" bodystart="77" bodyend="86"/>
      </memberdef>
      <memberdef kind="function" id="_dados_8c_1a4f818d5b7ca57f9c1ff8dff454b4a6be" prot="public" static="no" const="no" explicit="no" inline="no" virt="non-virtual">
        <type><ref refid="struct_c_o_o_r_d_e_n_a_d_a" kindref="compound">COORDENADA</ref></type>
        <definition>COORDENADA obter_coordjogada</definition>
        <argsstring>(ESTADO *e, int nj, int j)</argsstring>
        <name>obter_coordjogada</name>
        <param>
          <type><ref refid="struct_e_s_t_a_d_o" kindref="compound">ESTADO</ref> *</type>
          <declname>e</declname>
        </param>
        <param>
          <type>int</type>
          <declname>nj</declname>
        </param>
        <param>
          <type>int</type>
          <declname>j</declname>
        </param>
        <briefdescription>
        </briefdescription>
        <detaileddescription>
<para>brief Devolve a coordenada de uma jogada <parameterlist kind="param"><parameteritem>
<parameternamelist>
<parametername>e</parametername>
</parameternamelist>
<parameterdescription>
<para>O estado atual do jogo </para>
</parameterdescription>
</parameteritem>
<parameteritem>
<parameternamelist>
<parametername>nj</parametername>
</parameternamelist>
<parameterdescription>
<para>O número da jogada que se pretende devolver </para>
</parameterdescription>
</parameteritem>
<parameteritem>
<parameternamelist>
<parametername>j</parametername>
</parameternamelist>
<parameterdescription>
<para>O jogador que efetuou a jogada </para>
</parameterdescription>
</parameteritem>
</parameterlist>
<simplesect kind="return"><para>A coordenada da jogada nj do jogador j </para>
</simplesect>
</para>
        </detaileddescription>
        <inbodydescription>
        </inbodydescription>
        <location file="Dados.c" line="88" column="12" bodyfile="Dados.c" bodystart="88" bodyend="98"/>
      </memberdef>
      <memberdef kind="function" id="_dados_8c_1a4756813af82ac51ca833acf53de91c62" prot="public" static="no" const="no" explicit="no" inline="no" virt="non-virtual">
        <type>void</type>
        <definition>void set_casa</definition>
        <argsstring>(ESTADO *e, COORDENADA c, char peca)</argsstring>
        <name>set_casa</name>
        <param>
          <type><ref refid="struct_e_s_t_a_d_o" kindref="compound">ESTADO</ref> *</type>
          <declname>e</declname>
        </param>
        <param>
          <type><ref refid="struct_c_o_o_r_d_e_n_a_d_a" kindref="compound">COORDENADA</ref></type>
          <declname>c</declname>
        </param>
        <param>
          <type>char</type>
          <declname>peca</declname>
        </param>
        <briefdescription>
<para>Modifica uma casa. </para>
        </briefdescription>
        <detaileddescription>
<para><parameterlist kind="param"><parameteritem>
<parameternamelist>
<parametername>e</parametername>
</parameternamelist>
<parameterdescription>
<para>O estado atual do jogo </para>
</parameterdescription>
</parameteritem>
<parameteritem>
<parameternamelist>
<parametername>c</parametername>
</parameternamelist>
<parameterdescription>
<para>A coordenada a modificar </para>
</parameterdescription>
</parameteritem>
<parameteritem>
<parameternamelist>
<parametername>peca</parametername>
</parameternamelist>
<parameterdescription>
<para>O char que corresponde a uma CASA </para>
</parameterdescription>
</parameteritem>
</parameterlist>
</para>
        </detaileddescription>
        <inbodydescription>
        </inbodydescription>
        <location file="Dados.c" line="100" column="6" bodyfile="Dados.c" bodystart="100" bodyend="120"/>
      </memberdef>
      <memberdef kind="function" id="_dados_8c_1a85c84d8dbd29c824de2698a8afffddbc" prot="public" static="no" const="no" explicit="no" inline="no" virt="non-virtual">
        <type>void</type>
        <definition>void atualiza_tabuleiro</definition>
        <argsstring>(ESTADO *e, COORDENADA c)</argsstring>
        <name>atualiza_tabuleiro</name>
        <param>
          <type><ref refid="struct_e_s_t_a_d_o" kindref="compound">ESTADO</ref> *</type>
          <declname>e</declname>
        </param>
        <param>
          <type><ref refid="struct_c_o_o_r_d_e_n_a_d_a" kindref="compound">COORDENADA</ref></type>
          <declname>c</declname>
        </param>
        <briefdescription>
<para>Atualiza o tabuleiro. </para>
        </briefdescription>
        <detaileddescription>
<para><parameterlist kind="param"><parameteritem>
<parameternamelist>
<parametername>e</parametername>
</parameternamelist>
<parameterdescription>
<para>O estado atual do jogo </para>
</parameterdescription>
</parameteritem>
<parameteritem>
<parameternamelist>
<parametername>c</parametername>
</parameternamelist>
<parameterdescription>
<para>A coordenada da jogada </para>
</parameterdescription>
</parameteritem>
</parameterlist>
</para>
        </detaileddescription>
        <inbodydescription>
        </inbodydescription>
        <location file="Dados.c" line="123" column="6" bodyfile="Dados.c" bodystart="123" bodyend="131"/>
      </memberdef>
      <memberdef kind="function" id="_dados_8c_1a8f72c270019da8c3423aa3eb67898763" prot="public" static="no" const="no" explicit="no" inline="no" virt="non-virtual">
        <type>void</type>
        <definition>void atualiza_numero_jogadas</definition>
        <argsstring>(ESTADO *e, int nj)</argsstring>
        <name>atualiza_numero_jogadas</name>
        <param>
          <type><ref refid="struct_e_s_t_a_d_o" kindref="compound">ESTADO</ref> *</type>
          <declname>e</declname>
        </param>
        <param>
          <type>int</type>
          <declname>nj</declname>
        </param>
        <briefdescription>
<para>Atualiza o número de jogadas. </para>
        </briefdescription>
        <detaileddescription>
<para><parameterlist kind="param"><parameteritem>
<parameternamelist>
<parametername>e</parametername>
</parameternamelist>
<parameterdescription>
<para>O estado atual do jogo </para>
</parameterdescription>
</parameteritem>
<parameteritem>
<parameternamelist>
<parametername>nj</parametername>
</parameternamelist>
<parameterdescription>
<para>O número de jogadas efetuado no estado e </para>
</parameterdescription>
</parameteritem>
</parameterlist>
</para>
        </detaileddescription>
        <inbodydescription>
        </inbodydescription>
        <location file="Dados.c" line="134" column="6" bodyfile="Dados.c" bodystart="134" bodyend="137"/>
      </memberdef>
      <memberdef kind="function" id="_dados_8c_1af3a4c65c5fd625a7068ce22ddd1c1634" prot="public" static="no" const="no" explicit="no" inline="no" virt="non-virtual">
        <type>void</type>
        <definition>void atualiza_jogador</definition>
        <argsstring>(ESTADO *e, int ja)</argsstring>
        <name>atualiza_jogador</name>
        <param>
          <type><ref refid="struct_e_s_t_a_d_o" kindref="compound">ESTADO</ref> *</type>
          <declname>e</declname>
        </param>
        <param>
          <type>int</type>
          <declname>ja</declname>
        </param>
        <briefdescription>
<para>Atualiza jogador. </para>
        </briefdescription>
        <detaileddescription>
<para><parameterlist kind="param"><parameteritem>
<parameternamelist>
<parametername>e</parametername>
</parameternamelist>
<parameterdescription>
<para>O estado atual do jogo </para>
</parameterdescription>
</parameteritem>
<parameteritem>
<parameternamelist>
<parametername>ja</parametername>
</parameternamelist>
<parameterdescription>
<para>O jogador atual </para>
</parameterdescription>
</parameteritem>
</parameterlist>
</para>
        </detaileddescription>
        <inbodydescription>
        </inbodydescription>
        <location file="Dados.c" line="140" column="6" bodyfile="Dados.c" bodystart="140" bodyend="143"/>
      </memberdef>
      <memberdef kind="function" id="_dados_8c_1a8a58b5c1650e834852257ab02e9909df" prot="public" static="no" const="no" explicit="no" inline="no" virt="non-virtual">
        <type>void</type>
        <definition>void atualiza_jogadas</definition>
        <argsstring>(ESTADO *e, COORDENADA c, int nj, int ja)</argsstring>
        <name>atualiza_jogadas</name>
        <param>
          <type><ref refid="struct_e_s_t_a_d_o" kindref="compound">ESTADO</ref> *</type>
          <declname>e</declname>
        </param>
        <param>
          <type><ref refid="struct_c_o_o_r_d_e_n_a_d_a" kindref="compound">COORDENADA</ref></type>
          <declname>c</declname>
        </param>
        <param>
          <type>int</type>
          <declname>nj</declname>
        </param>
        <param>
          <type>int</type>
          <declname>ja</declname>
        </param>
        <briefdescription>
<para>Atualizada jogadas. </para>
        </briefdescription>
        <detaileddescription>
<para><parameterlist kind="param"><parameteritem>
<parameternamelist>
<parametername>e</parametername>
</parameternamelist>
<parameterdescription>
<para>O estado atual do jogo </para>
</parameterdescription>
</parameteritem>
<parameteritem>
<parameternamelist>
<parametername>c</parametername>
</parameternamelist>
<parameterdescription>
<para>Coordenada da jogada a adicionar </para>
</parameterdescription>
</parameteritem>
<parameteritem>
<parameternamelist>
<parametername>nj</parametername>
</parameternamelist>
<parameterdescription>
<para>O número de jogadas </para>
</parameterdescription>
</parameteritem>
<parameteritem>
<parameternamelist>
<parametername>ja</parametername>
</parameternamelist>
<parameterdescription>
<para>O jogador atual </para>
</parameterdescription>
</parameteritem>
</parameterlist>
</para>
        </detaileddescription>
        <inbodydescription>
        </inbodydescription>
        <location file="Dados.c" line="146" column="6" bodyfile="Dados.c" bodystart="146" bodyend="152"/>
      </memberdef>
      <memberdef kind="function" id="_dados_8c_1a06c882a493596ad9a74e8677910f568f" prot="public" static="no" const="no" explicit="no" inline="no" virt="non-virtual">
        <type>void</type>
        <definition>void atualiza_num_comando</definition>
        <argsstring>(ESTADO *e, int nc)</argsstring>
        <name>atualiza_num_comando</name>
        <param>
          <type><ref refid="struct_e_s_t_a_d_o" kindref="compound">ESTADO</ref> *</type>
          <declname>e</declname>
        </param>
        <param>
          <type>int</type>
          <declname>nc</declname>
        </param>
        <briefdescription>
<para>Atualiza o número de comandos. </para>
        </briefdescription>
        <detaileddescription>
<para><parameterlist kind="param"><parameteritem>
<parameternamelist>
<parametername>e</parametername>
</parameternamelist>
<parameterdescription>
<para>O estado atual do jogo </para>
</parameterdescription>
</parameteritem>
<parameteritem>
<parameternamelist>
<parametername>nc</parametername>
</parameternamelist>
<parameterdescription>
<para>O número de comandos </para>
</parameterdescription>
</parameteritem>
</parameterlist>
</para>
        </detaileddescription>
        <inbodydescription>
        </inbodydescription>
        <location file="Dados.c" line="155" column="6" bodyfile="Dados.c" bodystart="155" bodyend="158"/>
      </memberdef>
      <memberdef kind="function" id="_dados_8c_1ac3e2bb2a82a55bd13aa5cc73d513aad2" prot="public" static="no" const="no" explicit="no" inline="no" virt="non-virtual">
        <type>void</type>
        <definition>void atualiza_ultima_jogada</definition>
        <argsstring>(ESTADO *e, COORDENADA c)</argsstring>
        <name>atualiza_ultima_jogada</name>
        <param>
          <type><ref refid="struct_e_s_t_a_d_o" kindref="compound">ESTADO</ref> *</type>
          <declname>e</declname>
        </param>
        <param>
          <type><ref refid="struct_c_o_o_r_d_e_n_a_d_a" kindref="compound">COORDENADA</ref></type>
          <declname>c</declname>
        </param>
        <briefdescription>
<para>Atualiza a ultima jogada. </para>
        </briefdescription>
        <detaileddescription>
<para><parameterlist kind="param"><parameteritem>
<parameternamelist>
<parametername>e</parametername>
</parameternamelist>
<parameterdescription>
<para>O estado atual do jogo </para>
</parameterdescription>
</parameteritem>
<parameteritem>
<parameternamelist>
<parametername>c</parametername>
</parameternamelist>
<parameterdescription>
<para>A coordenada da última jogada efetuada </para>
</parameterdescription>
</parameteritem>
</parameterlist>
</para>
        </detaileddescription>
        <inbodydescription>
        </inbodydescription>
        <location file="Dados.c" line="161" column="6" bodyfile="Dados.c" bodystart="161" bodyend="164"/>
      </memberdef>
      <memberdef kind="function" id="_dados_8c_1ab39e238155cffe8df53fc543ba5c4509" prot="public" static="no" const="no" explicit="no" inline="no" virt="non-virtual">
        <type>void</type>
        <definition>void set_jogadas</definition>
        <argsstring>(ESTADO *e, int nj, COORDENADA j1, COORDENADA j2)</argsstring>
        <name>set_jogadas</name>
        <param>
          <type><ref refid="struct_e_s_t_a_d_o" kindref="compound">ESTADO</ref> *</type>
          <declname>e</declname>
        </param>
        <param>
          <type>int</type>
          <declname>nj</declname>
        </param>
        <param>
          <type><ref refid="struct_c_o_o_r_d_e_n_a_d_a" kindref="compound">COORDENADA</ref></type>
          <declname>j1</declname>
        </param>
        <param>
          <type><ref refid="struct_c_o_o_r_d_e_n_a_d_a" kindref="compound">COORDENADA</ref></type>
          <declname>j2</declname>
        </param>
        <briefdescription>
<para>Atualiza a jogada. </para>
        </briefdescription>
        <detaileddescription>
<para><parameterlist kind="param"><parameteritem>
<parameternamelist>
<parametername>e</parametername>
</parameternamelist>
<parameterdescription>
<para>O estado atual do jogo </para>
</parameterdescription>
</parameteritem>
<parameteritem>
<parameternamelist>
<parametername>nj</parametername>
</parameternamelist>
<parameterdescription>
<para>A jogada a atualizar </para>
</parameterdescription>
</parameteritem>
<parameteritem>
<parameternamelist>
<parametername>j1</parametername>
</parameternamelist>
<parameterdescription>
<para>A coordenada a colocar no jogador1 </para>
</parameterdescription>
</parameteritem>
<parameteritem>
<parameternamelist>
<parametername>j2</parametername>
</parameternamelist>
<parameterdescription>
<para>A coordenada a colocar no jogador2 </para>
</parameterdescription>
</parameteritem>
</parameterlist>
</para>
        </detaileddescription>
        <inbodydescription>
        </inbodydescription>
        <location file="Dados.c" line="166" column="6" bodyfile="Dados.c" bodystart="166" bodyend="170"/>
      </memberdef>
      </sectiondef>
    <briefdescription>
    </briefdescription>
    <detaileddescription>
    </detaileddescription>
    <programlisting>
<codeline lineno="1"><highlight class="preprocessor">#include<sp/>&quot;Dados.h&quot;</highlight><highlight class="normal"></highlight></codeline>
<codeline lineno="2"><highlight class="normal"></highlight><highlight class="preprocessor">#include<sp/>&lt;stdlib.h&gt;</highlight><highlight class="normal"></highlight></codeline>
<codeline lineno="3"><highlight class="normal"></highlight></codeline>
<codeline lineno="4"><highlight class="normal"><ref refid="struct_c_o_o_r_d_e_n_a_d_a" kindref="compound">COORDENADA</ref><sp/>converte_coordenada(<ref refid="struct_c_o_o_r_d_e_n_a_d_a" kindref="compound">COORDENADA</ref><sp/>c){</highlight></codeline>
<codeline lineno="5"><highlight class="normal"><sp/><sp/><sp/><sp/>c.<ref refid="struct_c_o_o_r_d_e_n_a_d_a_1a369e9a4d96b7450bbc640fe737db2977" kindref="member">linha</ref><sp/>=<sp/>7<sp/>-<sp/>c.<ref refid="struct_c_o_o_r_d_e_n_a_d_a_1a369e9a4d96b7450bbc640fe737db2977" kindref="member">linha</ref>;</highlight></codeline>
<codeline lineno="6"><highlight class="normal"><sp/><sp/><sp/><sp/></highlight><highlight class="keywordflow">return</highlight><highlight class="normal"><sp/>c;</highlight></codeline>
<codeline lineno="7"><highlight class="normal">}</highlight></codeline>
<codeline lineno="8"><highlight class="normal"></highlight></codeline>
<codeline lineno="9"><highlight class="normal"></highlight><highlight class="keywordtype">void</highlight><highlight class="normal"><sp/>clear_jogadas(<ref refid="struct_e_s_t_a_d_o" kindref="compound">ESTADO</ref><sp/>*e){</highlight></codeline>
<codeline lineno="10"><highlight class="normal"><sp/><sp/><sp/><sp/></highlight><highlight class="keywordtype">int</highlight><highlight class="normal"><sp/>i;</highlight></codeline>
<codeline lineno="11"><highlight class="normal"><sp/><sp/><sp/><sp/><ref refid="struct_c_o_o_r_d_e_n_a_d_a" kindref="compound">COORDENADA</ref><sp/>cnula<sp/>=<sp/>{-1,-1};</highlight></codeline>
<codeline lineno="12"><highlight class="normal"><sp/><sp/><sp/><sp/><ref refid="struct_j_o_g_a_d_a" kindref="compound">JOGADA</ref><sp/>jnula<sp/>=<sp/>{cnula,cnula};</highlight></codeline>
<codeline lineno="13"><highlight class="normal"></highlight></codeline>
<codeline lineno="14"><highlight class="normal"><sp/><sp/><sp/><sp/></highlight><highlight class="keywordflow">for</highlight><highlight class="normal"><sp/>(i<sp/>=<sp/>0;<sp/>i<sp/>&lt;<sp/>32;<sp/>i++)<sp/>{</highlight></codeline>
<codeline lineno="15"><highlight class="normal"><sp/><sp/><sp/><sp/><sp/><sp/><sp/><sp/>e-&gt;<ref refid="struct_e_s_t_a_d_o_1afae43b87a488fad0f2b56a18bad31d18" kindref="member">jogadas</ref>[i]<sp/>=<sp/>jnula;</highlight></codeline>
<codeline lineno="16"><highlight class="normal"><sp/><sp/><sp/><sp/>}</highlight></codeline>
<codeline lineno="17"><highlight class="normal">}</highlight></codeline>
<codeline lineno="18"><highlight class="normal"></highlight></codeline>
<codeline lineno="19"><highlight class="normal"><ref refid="struct_e_s_t_a_d_o" kindref="compound">ESTADO</ref><sp/>*inicializar_estado()</highlight></codeline>
<codeline lineno="20"><highlight class="normal">{</highlight></codeline>
<codeline lineno="21"><highlight class="normal"><sp/><sp/><sp/><sp/><ref refid="struct_e_s_t_a_d_o" kindref="compound">ESTADO</ref><sp/>*estadoinicial;</highlight></codeline>
<codeline lineno="22"><highlight class="normal"><sp/><sp/><sp/><sp/>estadoinicial<sp/>=<sp/>malloc(</highlight><highlight class="keyword">sizeof</highlight><highlight class="normal">(<ref refid="struct_e_s_t_a_d_o" kindref="compound">ESTADO</ref>));</highlight></codeline>
<codeline lineno="23"><highlight class="normal"><sp/><sp/><sp/><sp/></highlight><highlight class="keywordtype">int</highlight><highlight class="normal"><sp/>i,<sp/>j;</highlight></codeline>
<codeline lineno="24"><highlight class="normal"></highlight></codeline>
<codeline lineno="25"><highlight class="normal"><sp/><sp/><sp/><sp/>CASA<sp/>tabuleiro[8][8]<sp/>=<sp/>{{VAZIO,<sp/>VAZIO,<sp/>VAZIO,<sp/>VAZIO,<sp/>VAZIO,<sp/><sp/>VAZIO,<sp/>VAZIO,<sp/>DOIS},</highlight></codeline>
<codeline lineno="26"><highlight class="normal"><sp/><sp/><sp/><sp/><sp/><sp/><sp/><sp/><sp/><sp/><sp/><sp/><sp/><sp/><sp/><sp/><sp/><sp/><sp/><sp/><sp/><sp/><sp/><sp/><sp/><sp/><sp/><sp/>{VAZIO,<sp/>VAZIO,<sp/>VAZIO,<sp/>VAZIO,<sp/>VAZIO,<sp/><sp/>VAZIO,<sp/>VAZIO,<sp/>VAZIO},</highlight></codeline>
<codeline lineno="27"><highlight class="normal"><sp/><sp/><sp/><sp/><sp/><sp/><sp/><sp/><sp/><sp/><sp/><sp/><sp/><sp/><sp/><sp/><sp/><sp/><sp/><sp/><sp/><sp/><sp/><sp/><sp/><sp/><sp/><sp/>{VAZIO,<sp/>VAZIO,<sp/>VAZIO,<sp/>VAZIO,<sp/>VAZIO,<sp/><sp/>VAZIO,<sp/>VAZIO,<sp/>VAZIO},</highlight></codeline>
<codeline lineno="28"><highlight class="normal"><sp/><sp/><sp/><sp/><sp/><sp/><sp/><sp/><sp/><sp/><sp/><sp/><sp/><sp/><sp/><sp/><sp/><sp/><sp/><sp/><sp/><sp/><sp/><sp/><sp/><sp/><sp/><sp/>{VAZIO,<sp/>VAZIO,<sp/>VAZIO,<sp/>VAZIO,<sp/>BRANCA,<sp/>VAZIO,<sp/>VAZIO,<sp/>VAZIO},</highlight></codeline>
<codeline lineno="29"><highlight class="normal"><sp/><sp/><sp/><sp/><sp/><sp/><sp/><sp/><sp/><sp/><sp/><sp/><sp/><sp/><sp/><sp/><sp/><sp/><sp/><sp/><sp/><sp/><sp/><sp/><sp/><sp/><sp/><sp/>{VAZIO,<sp/>VAZIO,<sp/>VAZIO,<sp/>VAZIO,<sp/>VAZIO,<sp/><sp/>VAZIO,<sp/>VAZIO,<sp/>VAZIO},</highlight></codeline>
<codeline lineno="30"><highlight class="normal"><sp/><sp/><sp/><sp/><sp/><sp/><sp/><sp/><sp/><sp/><sp/><sp/><sp/><sp/><sp/><sp/><sp/><sp/><sp/><sp/><sp/><sp/><sp/><sp/><sp/><sp/><sp/><sp/>{VAZIO,<sp/>VAZIO,<sp/>VAZIO,<sp/>VAZIO,<sp/>VAZIO,<sp/><sp/>VAZIO,<sp/>VAZIO,<sp/>VAZIO},</highlight></codeline>
<codeline lineno="31"><highlight class="normal"><sp/><sp/><sp/><sp/><sp/><sp/><sp/><sp/><sp/><sp/><sp/><sp/><sp/><sp/><sp/><sp/><sp/><sp/><sp/><sp/><sp/><sp/><sp/><sp/><sp/><sp/><sp/><sp/>{VAZIO,<sp/>VAZIO,<sp/>VAZIO,<sp/>VAZIO,<sp/>VAZIO,<sp/><sp/>VAZIO,<sp/>VAZIO,<sp/>VAZIO},</highlight></codeline>
<codeline lineno="32"><highlight class="normal"><sp/><sp/><sp/><sp/><sp/><sp/><sp/><sp/><sp/><sp/><sp/><sp/><sp/><sp/><sp/><sp/><sp/><sp/><sp/><sp/><sp/><sp/><sp/><sp/><sp/><sp/><sp/><sp/>{UM,<sp/><sp/><sp/><sp/>VAZIO,<sp/>VAZIO,<sp/>VAZIO,<sp/>VAZIO,<sp/><sp/>VAZIO,<sp/>VAZIO,<sp/>VAZIO}};</highlight></codeline>
<codeline lineno="33"><highlight class="normal"><sp/><sp/><sp/><sp/></highlight><highlight class="keywordflow">for</highlight><highlight class="normal"><sp/>(i<sp/>=<sp/>0;<sp/>i&lt;8<sp/>;<sp/>i++)<sp/>{</highlight></codeline>
<codeline lineno="34"><highlight class="normal"><sp/><sp/><sp/><sp/><sp/><sp/><sp/><sp/></highlight><highlight class="keywordflow">for</highlight><highlight class="normal"><sp/>(j<sp/>=<sp/>0;<sp/>j&lt;8<sp/>;<sp/>j++)<sp/>{</highlight></codeline>
<codeline lineno="35"><highlight class="normal"><sp/><sp/><sp/><sp/><sp/><sp/><sp/><sp/><sp/><sp/><sp/><sp/>estadoinicial-&gt;<ref refid="struct_e_s_t_a_d_o_1ab56f0f1be16954d3768b4174d14c087d" kindref="member">tab</ref>[i][j]<sp/>=<sp/>tabuleiro[i][j];</highlight></codeline>
<codeline lineno="36"><highlight class="normal"><sp/><sp/><sp/><sp/><sp/><sp/><sp/><sp/>}</highlight></codeline>
<codeline lineno="37"><highlight class="normal"><sp/><sp/><sp/><sp/>}</highlight></codeline>
<codeline lineno="38"><highlight class="normal"><sp/><sp/><sp/><sp/><ref refid="struct_c_o_o_r_d_e_n_a_d_a" kindref="compound">COORDENADA</ref><sp/>uj<sp/>=<sp/>{4,3};</highlight></codeline>
<codeline lineno="39"><highlight class="normal"><sp/><sp/><sp/><sp/>estadoinicial-&gt;<ref refid="struct_e_s_t_a_d_o_1a4896a5c5c1f40b43fb795623327e3f47" kindref="member">ultima_jogada</ref><sp/>=<sp/>uj;</highlight></codeline>
<codeline lineno="40"><highlight class="normal"><sp/><sp/><sp/><sp/>clear_jogadas(estadoinicial);</highlight></codeline>
<codeline lineno="41"><highlight class="normal"><sp/><sp/><sp/><sp/>estadoinicial-&gt;<ref refid="struct_e_s_t_a_d_o_1a261495728744647e618b4e623f5a4b7a" kindref="member">num_jogadas</ref><sp/>=<sp/>0;</highlight></codeline>
<codeline lineno="42"><highlight class="normal"><sp/><sp/><sp/><sp/>estadoinicial-&gt;<ref refid="struct_e_s_t_a_d_o_1a5dd28e2e68b7aef2b6b7ea88e02eff58" kindref="member">jogador_atual</ref><sp/>=<sp/>1;</highlight></codeline>
<codeline lineno="43"><highlight class="normal"><sp/><sp/><sp/><sp/>estadoinicial-&gt;<ref refid="struct_e_s_t_a_d_o_1adf1064dfc09145b6995a7897249f1674" kindref="member">num_comando</ref><sp/>=<sp/>00;</highlight></codeline>
<codeline lineno="44"><highlight class="normal"><sp/><sp/><sp/><sp/></highlight><highlight class="keywordflow">return</highlight><highlight class="normal"><sp/>estadoinicial;</highlight></codeline>
<codeline lineno="45"><highlight class="normal">}</highlight></codeline>
<codeline lineno="46"><highlight class="normal"></highlight></codeline>
<codeline lineno="47"><highlight class="normal"></highlight><highlight class="keywordtype">int</highlight><highlight class="normal"><sp/>obter_jogador_atual(<ref refid="struct_e_s_t_a_d_o" kindref="compound">ESTADO</ref><sp/>*estado){</highlight></codeline>
<codeline lineno="48"><highlight class="normal"><sp/><sp/><sp/><sp/></highlight><highlight class="keywordflow">return</highlight><highlight class="normal"><sp/>estado-&gt;<ref refid="struct_e_s_t_a_d_o_1a5dd28e2e68b7aef2b6b7ea88e02eff58" kindref="member">jogador_atual</ref>;</highlight></codeline>
<codeline lineno="49"><highlight class="normal">}</highlight></codeline>
<codeline lineno="50"><highlight class="normal"></highlight></codeline>
<codeline lineno="51"><highlight class="normal"></highlight><highlight class="keywordtype">int</highlight><highlight class="normal"><sp/>obter_numero_de_jogadas(<ref refid="struct_e_s_t_a_d_o" kindref="compound">ESTADO</ref><sp/>*estado){</highlight></codeline>
<codeline lineno="52"><highlight class="normal"><sp/><sp/><sp/><sp/></highlight><highlight class="keywordflow">return</highlight><highlight class="normal"><sp/>estado-&gt;<ref refid="struct_e_s_t_a_d_o_1a261495728744647e618b4e623f5a4b7a" kindref="member">num_jogadas</ref>;</highlight></codeline>
<codeline lineno="53"><highlight class="normal">}</highlight></codeline>
<codeline lineno="54"><highlight class="normal"></highlight></codeline>
<codeline lineno="55"><highlight class="normal"><ref refid="struct_c_o_o_r_d_e_n_a_d_a" kindref="compound">COORDENADA</ref><sp/>obter_ultima_jogada(<ref refid="struct_e_s_t_a_d_o" kindref="compound">ESTADO</ref><sp/>*estado){</highlight></codeline>
<codeline lineno="56"><highlight class="normal"><sp/><sp/><sp/><sp/></highlight><highlight class="keywordflow">return</highlight><highlight class="normal"><sp/>estado-&gt;<ref refid="struct_e_s_t_a_d_o_1a4896a5c5c1f40b43fb795623327e3f47" kindref="member">ultima_jogada</ref>;</highlight></codeline>
<codeline lineno="57"><highlight class="normal">}</highlight></codeline>
<codeline lineno="58"><highlight class="normal"></highlight></codeline>
<codeline lineno="59"><highlight class="normal">CASA<sp/>obter_estado_casa(<ref refid="struct_e_s_t_a_d_o" kindref="compound">ESTADO</ref><sp/>*e,<sp/><ref refid="struct_c_o_o_r_d_e_n_a_d_a" kindref="compound">COORDENADA</ref><sp/>c){</highlight></codeline>
<codeline lineno="60"><highlight class="normal"><sp/><sp/><sp/><sp/></highlight><highlight class="keywordflow">return</highlight><highlight class="normal"><sp/>e-&gt;<ref refid="struct_e_s_t_a_d_o_1ab56f0f1be16954d3768b4174d14c087d" kindref="member">tab</ref>[c.<ref refid="struct_c_o_o_r_d_e_n_a_d_a_1a369e9a4d96b7450bbc640fe737db2977" kindref="member">linha</ref>][c.<ref refid="struct_c_o_o_r_d_e_n_a_d_a_1ac241af99d2fb991831964fb94b86c7de" kindref="member">coluna</ref>];</highlight></codeline>
<codeline lineno="61"><highlight class="normal">}</highlight></codeline>
<codeline lineno="62"><highlight class="normal"></highlight></codeline>
<codeline lineno="63"><highlight class="normal"></highlight><highlight class="keywordtype">int</highlight><highlight class="normal"><sp/>obter_num_comandos(<ref refid="struct_e_s_t_a_d_o" kindref="compound">ESTADO</ref><sp/>*estado){</highlight></codeline>
<codeline lineno="64"><highlight class="normal"><sp/><sp/><sp/><sp/></highlight><highlight class="keywordflow">return</highlight><highlight class="normal"><sp/>estado-&gt;<ref refid="struct_e_s_t_a_d_o_1adf1064dfc09145b6995a7897249f1674" kindref="member">num_comando</ref>;</highlight></codeline>
<codeline lineno="65"><highlight class="normal">}</highlight></codeline>
<codeline lineno="66"><highlight class="normal"></highlight></codeline>
<codeline lineno="67"><highlight class="normal"></highlight><highlight class="keywordtype">char</highlight><highlight class="normal"><sp/>traduz_linha(<ref refid="struct_c_o_o_r_d_e_n_a_d_a" kindref="compound">COORDENADA</ref><sp/>c)<sp/>{</highlight></codeline>
<codeline lineno="68"><highlight class="normal"><sp/><sp/><sp/><sp/></highlight><highlight class="keywordtype">int</highlight><highlight class="normal"><sp/>linha<sp/>=<sp/>7<sp/>-<sp/>c.<ref refid="struct_c_o_o_r_d_e_n_a_d_a_1a369e9a4d96b7450bbc640fe737db2977" kindref="member">linha</ref>;</highlight></codeline>
<codeline lineno="69"><highlight class="normal"></highlight></codeline>
<codeline lineno="70"><highlight class="normal"><sp/><sp/><sp/><sp/></highlight><highlight class="keywordtype">char</highlight><highlight class="normal"><sp/>l<sp/>=<sp/></highlight><highlight class="charliteral">&apos;1&apos;</highlight><highlight class="normal">;</highlight></codeline>
<codeline lineno="71"><highlight class="normal"></highlight></codeline>
<codeline lineno="72"><highlight class="normal"><sp/><sp/><sp/><sp/>l<sp/>+=<sp/>linha;</highlight></codeline>
<codeline lineno="73"><highlight class="normal"></highlight></codeline>
<codeline lineno="74"><highlight class="normal"><sp/><sp/><sp/><sp/></highlight><highlight class="keywordflow">return</highlight><highlight class="normal"><sp/>l;</highlight></codeline>
<codeline lineno="75"><highlight class="normal">}</highlight></codeline>
<codeline lineno="76"><highlight class="normal"></highlight></codeline>
<codeline lineno="77"><highlight class="normal"></highlight><highlight class="keywordtype">char</highlight><highlight class="normal"><sp/>traduz_coluna(<ref refid="struct_c_o_o_r_d_e_n_a_d_a" kindref="compound">COORDENADA</ref><sp/>c){</highlight></codeline>
<codeline lineno="78"><highlight class="normal"><sp/><sp/><sp/><sp/></highlight><highlight class="keywordtype">int</highlight><highlight class="normal"><sp/>coluna<sp/>=<sp/>c.<ref refid="struct_c_o_o_r_d_e_n_a_d_a_1ac241af99d2fb991831964fb94b86c7de" kindref="member">coluna</ref>;</highlight></codeline>
<codeline lineno="79"><highlight class="normal"></highlight></codeline>
<codeline lineno="80"><highlight class="normal"><sp/><sp/><sp/><sp/></highlight><highlight class="keywordtype">char</highlight><highlight class="normal"><sp/>col<sp/>=<sp/></highlight><highlight class="charliteral">&apos;a&apos;</highlight><highlight class="normal">;</highlight></codeline>
<codeline lineno="81"><highlight class="normal"></highlight></codeline>
<codeline lineno="82"><highlight class="normal"><sp/><sp/><sp/><sp/>col<sp/>+=<sp/>coluna;</highlight></codeline>
<codeline lineno="83"><highlight class="normal"></highlight></codeline>
<codeline lineno="84"><highlight class="normal"><sp/><sp/><sp/><sp/></highlight><highlight class="keywordflow">return</highlight><highlight class="normal"><sp/>col;</highlight></codeline>
<codeline lineno="85"><highlight class="normal"></highlight></codeline>
<codeline lineno="86"><highlight class="normal">}</highlight></codeline>
<codeline lineno="87"><highlight class="normal"></highlight></codeline>
<codeline lineno="88"><highlight class="normal"><ref refid="struct_c_o_o_r_d_e_n_a_d_a" kindref="compound">COORDENADA</ref><sp/>obter_coordjogada(<ref refid="struct_e_s_t_a_d_o" kindref="compound">ESTADO</ref><sp/>*e,<sp/></highlight><highlight class="keywordtype">int</highlight><highlight class="normal"><sp/>nj,<sp/></highlight><highlight class="keywordtype">int</highlight><highlight class="normal"><sp/>j)</highlight></codeline>
<codeline lineno="89"><highlight class="normal">{</highlight></codeline>
<codeline lineno="90"><highlight class="normal"><sp/><sp/><sp/><sp/><ref refid="struct_c_o_o_r_d_e_n_a_d_a" kindref="compound">COORDENADA</ref><sp/>jogada;</highlight></codeline>
<codeline lineno="91"><highlight class="normal"><sp/><sp/><sp/><sp/></highlight><highlight class="keywordflow">if</highlight><highlight class="normal"><sp/>(j<sp/>==<sp/>1){</highlight></codeline>
<codeline lineno="92"><highlight class="normal"><sp/><sp/><sp/><sp/><sp/><sp/><sp/><sp/>jogada<sp/>=<sp/>e-&gt;<ref refid="struct_e_s_t_a_d_o_1afae43b87a488fad0f2b56a18bad31d18" kindref="member">jogadas</ref>[nj].jogador1;</highlight></codeline>
<codeline lineno="93"><highlight class="normal"><sp/><sp/><sp/><sp/>}</highlight></codeline>
<codeline lineno="94"><highlight class="normal"><sp/><sp/><sp/><sp/></highlight><highlight class="keywordflow">else</highlight><highlight class="normal"></highlight></codeline>
<codeline lineno="95"><highlight class="normal"><sp/><sp/><sp/><sp/><sp/><sp/><sp/><sp/>jogada<sp/>=<sp/>e-&gt;<ref refid="struct_e_s_t_a_d_o_1afae43b87a488fad0f2b56a18bad31d18" kindref="member">jogadas</ref>[nj].jogador2;</highlight></codeline>
<codeline lineno="96"><highlight class="normal"></highlight></codeline>
<codeline lineno="97"><highlight class="normal"><sp/><sp/><sp/><sp/></highlight><highlight class="keywordflow">return</highlight><highlight class="normal"><sp/>jogada;</highlight></codeline>
<codeline lineno="98"><highlight class="normal">}</highlight></codeline>
<codeline lineno="99"><highlight class="normal"></highlight></codeline>
<codeline lineno="100"><highlight class="normal"></highlight><highlight class="keywordtype">void</highlight><highlight class="normal"><sp/>set_casa(<ref refid="struct_e_s_t_a_d_o" kindref="compound">ESTADO</ref><sp/>*e,<sp/><ref refid="struct_c_o_o_r_d_e_n_a_d_a" kindref="compound">COORDENADA</ref><sp/>c,<sp/></highlight><highlight class="keywordtype">char</highlight><highlight class="normal"><sp/>peca){</highlight></codeline>
<codeline lineno="101"><highlight class="normal"><sp/><sp/><sp/><sp/></highlight><highlight class="keywordflow">switch</highlight><highlight class="normal">(peca){</highlight></codeline>
<codeline lineno="102"><highlight class="normal"><sp/><sp/><sp/><sp/><sp/><sp/><sp/><sp/></highlight><highlight class="keywordflow">case</highlight><highlight class="normal"><sp/></highlight><highlight class="charliteral">&apos;.&apos;</highlight><highlight class="normal">:</highlight></codeline>
<codeline lineno="103"><highlight class="normal"><sp/><sp/><sp/><sp/><sp/><sp/><sp/><sp/><sp/><sp/><sp/><sp/>e-&gt;<ref refid="struct_e_s_t_a_d_o_1ab56f0f1be16954d3768b4174d14c087d" kindref="member">tab</ref>[c.<ref refid="struct_c_o_o_r_d_e_n_a_d_a_1a369e9a4d96b7450bbc640fe737db2977" kindref="member">linha</ref>][c.<ref refid="struct_c_o_o_r_d_e_n_a_d_a_1ac241af99d2fb991831964fb94b86c7de" kindref="member">coluna</ref>]<sp/>=<sp/>VAZIO;</highlight></codeline>
<codeline lineno="104"><highlight class="normal"><sp/><sp/><sp/><sp/><sp/><sp/><sp/><sp/><sp/><sp/><sp/><sp/></highlight><highlight class="keywordflow">break</highlight><highlight class="normal">;</highlight></codeline>
<codeline lineno="105"><highlight class="normal"><sp/><sp/><sp/><sp/><sp/><sp/><sp/><sp/></highlight><highlight class="keywordflow">case</highlight><highlight class="normal"><sp/></highlight><highlight class="charliteral">&apos;#&apos;</highlight><highlight class="normal">:</highlight></codeline>
<codeline lineno="106"><highlight class="normal"><sp/><sp/><sp/><sp/><sp/><sp/><sp/><sp/><sp/><sp/><sp/><sp/>e-&gt;<ref refid="struct_e_s_t_a_d_o_1ab56f0f1be16954d3768b4174d14c087d" kindref="member">tab</ref>[c.<ref refid="struct_c_o_o_r_d_e_n_a_d_a_1a369e9a4d96b7450bbc640fe737db2977" kindref="member">linha</ref>][c.<ref refid="struct_c_o_o_r_d_e_n_a_d_a_1ac241af99d2fb991831964fb94b86c7de" kindref="member">coluna</ref>]<sp/>=<sp/>PRETA;</highlight></codeline>
<codeline lineno="107"><highlight class="normal"><sp/><sp/><sp/><sp/><sp/><sp/><sp/><sp/><sp/><sp/><sp/><sp/></highlight><highlight class="keywordflow">break</highlight><highlight class="normal">;</highlight></codeline>
<codeline lineno="108"><highlight class="normal"><sp/><sp/><sp/><sp/><sp/><sp/><sp/><sp/></highlight><highlight class="keywordflow">case</highlight><highlight class="normal"><sp/></highlight><highlight class="charliteral">&apos;*&apos;</highlight><highlight class="normal">:</highlight></codeline>
<codeline lineno="109"><highlight class="normal"><sp/><sp/><sp/><sp/><sp/><sp/><sp/><sp/><sp/><sp/><sp/><sp/>e-&gt;<ref refid="struct_e_s_t_a_d_o_1ab56f0f1be16954d3768b4174d14c087d" kindref="member">tab</ref>[c.<ref refid="struct_c_o_o_r_d_e_n_a_d_a_1a369e9a4d96b7450bbc640fe737db2977" kindref="member">linha</ref>][c.<ref refid="struct_c_o_o_r_d_e_n_a_d_a_1ac241af99d2fb991831964fb94b86c7de" kindref="member">coluna</ref>]<sp/>=<sp/>BRANCA;</highlight></codeline>
<codeline lineno="110"><highlight class="normal"><sp/><sp/><sp/><sp/><sp/><sp/><sp/><sp/><sp/><sp/><sp/><sp/></highlight><highlight class="keywordflow">break</highlight><highlight class="normal">;</highlight></codeline>
<codeline lineno="111"><highlight class="normal"><sp/><sp/><sp/><sp/><sp/><sp/><sp/><sp/></highlight><highlight class="keywordflow">case</highlight><highlight class="normal"><sp/></highlight><highlight class="charliteral">&apos;1&apos;</highlight><highlight class="normal">:</highlight></codeline>
<codeline lineno="112"><highlight class="normal"><sp/><sp/><sp/><sp/><sp/><sp/><sp/><sp/><sp/><sp/><sp/><sp/>e-&gt;<ref refid="struct_e_s_t_a_d_o_1ab56f0f1be16954d3768b4174d14c087d" kindref="member">tab</ref>[c.<ref refid="struct_c_o_o_r_d_e_n_a_d_a_1a369e9a4d96b7450bbc640fe737db2977" kindref="member">linha</ref>][c.<ref refid="struct_c_o_o_r_d_e_n_a_d_a_1ac241af99d2fb991831964fb94b86c7de" kindref="member">coluna</ref>]<sp/>=<sp/>UM;</highlight></codeline>
<codeline lineno="113"><highlight class="normal"><sp/><sp/><sp/><sp/><sp/><sp/><sp/><sp/><sp/><sp/><sp/><sp/></highlight><highlight class="keywordflow">break</highlight><highlight class="normal">;</highlight></codeline>
<codeline lineno="114"><highlight class="normal"><sp/><sp/><sp/><sp/><sp/><sp/><sp/><sp/></highlight><highlight class="keywordflow">case</highlight><highlight class="normal"><sp/></highlight><highlight class="charliteral">&apos;2&apos;</highlight><highlight class="normal">:</highlight></codeline>
<codeline lineno="115"><highlight class="normal"><sp/><sp/><sp/><sp/><sp/><sp/><sp/><sp/><sp/><sp/><sp/><sp/>e-&gt;<ref refid="struct_e_s_t_a_d_o_1ab56f0f1be16954d3768b4174d14c087d" kindref="member">tab</ref>[c.<ref refid="struct_c_o_o_r_d_e_n_a_d_a_1a369e9a4d96b7450bbc640fe737db2977" kindref="member">linha</ref>][c.<ref refid="struct_c_o_o_r_d_e_n_a_d_a_1ac241af99d2fb991831964fb94b86c7de" kindref="member">coluna</ref>]<sp/>=<sp/>DOIS;</highlight></codeline>
<codeline lineno="116"><highlight class="normal"><sp/><sp/><sp/><sp/><sp/><sp/><sp/><sp/><sp/><sp/><sp/><sp/></highlight><highlight class="keywordflow">break</highlight><highlight class="normal">;</highlight></codeline>
<codeline lineno="117"><highlight class="normal"><sp/><sp/><sp/><sp/><sp/><sp/><sp/><sp/></highlight><highlight class="keywordflow">default</highlight><highlight class="normal">:</highlight></codeline>
<codeline lineno="118"><highlight class="normal"><sp/><sp/><sp/><sp/><sp/><sp/><sp/><sp/><sp/><sp/><sp/><sp/>e-&gt;<ref refid="struct_e_s_t_a_d_o_1ab56f0f1be16954d3768b4174d14c087d" kindref="member">tab</ref>[c.<ref refid="struct_c_o_o_r_d_e_n_a_d_a_1a369e9a4d96b7450bbc640fe737db2977" kindref="member">linha</ref>][c.<ref refid="struct_c_o_o_r_d_e_n_a_d_a_1ac241af99d2fb991831964fb94b86c7de" kindref="member">coluna</ref>]<sp/>=<sp/>VAZIO;</highlight></codeline>
<codeline lineno="119"><highlight class="normal"><sp/><sp/><sp/><sp/>}</highlight></codeline>
<codeline lineno="120"><highlight class="normal">}</highlight></codeline>
<codeline lineno="121"><highlight class="normal"></highlight></codeline>
<codeline lineno="122"><highlight class="normal"></highlight><highlight class="comment">//<sp/>Função<sp/>que<sp/>atualiza<sp/>o<sp/>tabuleiro<sp/>conforme<sp/>a<sp/>coordenada<sp/>da<sp/>jogada</highlight><highlight class="normal"></highlight></codeline>
<codeline lineno="123"><highlight class="normal"></highlight><highlight class="keywordtype">void</highlight><highlight class="normal"><sp/>atualiza_tabuleiro(<ref refid="struct_e_s_t_a_d_o" kindref="compound">ESTADO</ref><sp/>*e,<sp/><ref refid="struct_c_o_o_r_d_e_n_a_d_a" kindref="compound">COORDENADA</ref><sp/>c)</highlight></codeline>
<codeline lineno="124"><highlight class="normal">{</highlight></codeline>
<codeline lineno="125"><highlight class="normal"><sp/><sp/><sp/><sp/><ref refid="struct_c_o_o_r_d_e_n_a_d_a" kindref="compound">COORDENADA</ref><sp/>uj<sp/>=<sp/>e-&gt;<ref refid="struct_e_s_t_a_d_o_1a4896a5c5c1f40b43fb795623327e3f47" kindref="member">ultima_jogada</ref>;</highlight></codeline>
<codeline lineno="126"><highlight class="normal"><sp/><sp/><sp/><sp/></highlight><highlight class="keywordtype">int</highlight><highlight class="normal"><sp/>col<sp/>=<sp/>uj.<ref refid="struct_c_o_o_r_d_e_n_a_d_a_1ac241af99d2fb991831964fb94b86c7de" kindref="member">coluna</ref>;</highlight></codeline>
<codeline lineno="127"><highlight class="normal"><sp/><sp/><sp/><sp/></highlight><highlight class="keywordtype">int</highlight><highlight class="normal"><sp/>l<sp/>=<sp/>uj.<ref refid="struct_c_o_o_r_d_e_n_a_d_a_1a369e9a4d96b7450bbc640fe737db2977" kindref="member">linha</ref>;</highlight></codeline>
<codeline lineno="128"><highlight class="normal"></highlight></codeline>
<codeline lineno="129"><highlight class="normal"><sp/><sp/><sp/><sp/>e-&gt;<ref refid="struct_e_s_t_a_d_o_1ab56f0f1be16954d3768b4174d14c087d" kindref="member">tab</ref>[l][col]<sp/>=<sp/>PRETA;</highlight></codeline>
<codeline lineno="130"><highlight class="normal"><sp/><sp/><sp/><sp/>e-&gt;<ref refid="struct_e_s_t_a_d_o_1ab56f0f1be16954d3768b4174d14c087d" kindref="member">tab</ref>[c.<ref refid="struct_c_o_o_r_d_e_n_a_d_a_1a369e9a4d96b7450bbc640fe737db2977" kindref="member">linha</ref>][c.<ref refid="struct_c_o_o_r_d_e_n_a_d_a_1ac241af99d2fb991831964fb94b86c7de" kindref="member">coluna</ref>]=BRANCA;</highlight></codeline>
<codeline lineno="131"><highlight class="normal">}</highlight></codeline>
<codeline lineno="132"><highlight class="normal"></highlight></codeline>
<codeline lineno="133"><highlight class="normal"></highlight><highlight class="comment">//<sp/>Função<sp/>que<sp/>atualiza<sp/>o<sp/>número<sp/>de<sp/>jogadas</highlight><highlight class="normal"></highlight></codeline>
<codeline lineno="134"><highlight class="normal"></highlight><highlight class="keywordtype">void</highlight><highlight class="normal"><sp/>atualiza_numero_jogadas(<ref refid="struct_e_s_t_a_d_o" kindref="compound">ESTADO</ref><sp/>*e,<sp/></highlight><highlight class="keywordtype">int</highlight><highlight class="normal"><sp/>nj)</highlight></codeline>
<codeline lineno="135"><highlight class="normal">{</highlight></codeline>
<codeline lineno="136"><highlight class="normal"><sp/><sp/><sp/><sp/>e-&gt;<ref refid="struct_e_s_t_a_d_o_1a261495728744647e618b4e623f5a4b7a" kindref="member">num_jogadas</ref><sp/>=<sp/>nj;</highlight></codeline>
<codeline lineno="137"><highlight class="normal">}</highlight></codeline>
<codeline lineno="138"><highlight class="normal"></highlight></codeline>
<codeline lineno="139"><highlight class="normal"></highlight><highlight class="comment">//<sp/>Função<sp/>que<sp/>atualiza<sp/>o<sp/>jogador<sp/>atual</highlight><highlight class="normal"></highlight></codeline>
<codeline lineno="140"><highlight class="normal"></highlight><highlight class="keywordtype">void</highlight><highlight class="normal"><sp/>atualiza_jogador(<ref refid="struct_e_s_t_a_d_o" kindref="compound">ESTADO</ref><sp/>*e,</highlight><highlight class="keywordtype">int</highlight><highlight class="normal"><sp/>ja)</highlight></codeline>
<codeline lineno="141"><highlight class="normal">{</highlight></codeline>
<codeline lineno="142"><highlight class="normal"><sp/><sp/><sp/><sp/>e-&gt;<ref refid="struct_e_s_t_a_d_o_1a5dd28e2e68b7aef2b6b7ea88e02eff58" kindref="member">jogador_atual</ref><sp/>=<sp/>ja;</highlight></codeline>
<codeline lineno="143"><highlight class="normal">}</highlight></codeline>
<codeline lineno="144"><highlight class="normal"></highlight></codeline>
<codeline lineno="145"><highlight class="normal"></highlight><highlight class="comment">//<sp/>Função<sp/>que<sp/>atualiza<sp/>jogadas<sp/>de<sp/>cada<sp/>jogador</highlight><highlight class="normal"></highlight></codeline>
<codeline lineno="146"><highlight class="normal"></highlight><highlight class="keywordtype">void</highlight><highlight class="normal"><sp/>atualiza_jogadas(<ref refid="struct_e_s_t_a_d_o" kindref="compound">ESTADO</ref><sp/>*e,<ref refid="struct_c_o_o_r_d_e_n_a_d_a" kindref="compound">COORDENADA</ref><sp/>c,</highlight><highlight class="keywordtype">int</highlight><highlight class="normal"><sp/>nj,</highlight><highlight class="keywordtype">int</highlight><highlight class="normal"><sp/>ja)<sp/>{</highlight></codeline>
<codeline lineno="147"><highlight class="normal"><sp/><sp/><sp/><sp/></highlight><highlight class="keywordflow">if</highlight><highlight class="normal"><sp/>(ja<sp/>==<sp/>1)<sp/>{</highlight></codeline>
<codeline lineno="148"><highlight class="normal"><sp/><sp/><sp/><sp/><sp/><sp/><sp/><sp/>e-&gt;<ref refid="struct_e_s_t_a_d_o_1afae43b87a488fad0f2b56a18bad31d18" kindref="member">jogadas</ref>[nj].jogador1<sp/>=<sp/>c;</highlight></codeline>
<codeline lineno="149"><highlight class="normal"><sp/><sp/><sp/><sp/>}<sp/></highlight><highlight class="keywordflow">else</highlight><highlight class="normal">{</highlight></codeline>
<codeline lineno="150"><highlight class="normal"><sp/><sp/><sp/><sp/><sp/><sp/><sp/><sp/>e-&gt;<ref refid="struct_e_s_t_a_d_o_1afae43b87a488fad0f2b56a18bad31d18" kindref="member">jogadas</ref>[nj].jogador2<sp/>=<sp/>c;</highlight></codeline>
<codeline lineno="151"><highlight class="normal"><sp/><sp/><sp/><sp/>}</highlight></codeline>
<codeline lineno="152"><highlight class="normal">}</highlight></codeline>
<codeline lineno="153"><highlight class="normal"></highlight></codeline>
<codeline lineno="154"><highlight class="normal"></highlight><highlight class="comment">//<sp/>Função<sp/>que<sp/>atualiza<sp/>o<sp/>número<sp/>de<sp/>comandos<sp/>efetuados</highlight><highlight class="normal"></highlight></codeline>
<codeline lineno="155"><highlight class="normal"></highlight><highlight class="keywordtype">void</highlight><highlight class="normal"><sp/>atualiza_num_comando(<ref refid="struct_e_s_t_a_d_o" kindref="compound">ESTADO</ref><sp/>*e,</highlight><highlight class="keywordtype">int</highlight><highlight class="normal"><sp/>nc)</highlight></codeline>
<codeline lineno="156"><highlight class="normal">{</highlight></codeline>
<codeline lineno="157"><highlight class="normal"><sp/><sp/><sp/><sp/>e-&gt;<ref refid="struct_e_s_t_a_d_o_1adf1064dfc09145b6995a7897249f1674" kindref="member">num_comando</ref><sp/>=<sp/>nc;</highlight></codeline>
<codeline lineno="158"><highlight class="normal">}</highlight></codeline>
<codeline lineno="159"><highlight class="normal"></highlight></codeline>
<codeline lineno="160"><highlight class="normal"></highlight><highlight class="comment">//<sp/>Função<sp/>que<sp/>atualiza<sp/>a<sp/>última<sp/>jogada<sp/>que<sp/>foi<sp/>feita</highlight><highlight class="normal"></highlight></codeline>
<codeline lineno="161"><highlight class="normal"></highlight><highlight class="keywordtype">void</highlight><highlight class="normal"><sp/>atualiza_ultima_jogada(<ref refid="struct_e_s_t_a_d_o" kindref="compound">ESTADO</ref><sp/>*e,<ref refid="struct_c_o_o_r_d_e_n_a_d_a" kindref="compound">COORDENADA</ref><sp/>c)</highlight></codeline>
<codeline lineno="162"><highlight class="normal">{</highlight></codeline>
<codeline lineno="163"><highlight class="normal"><sp/><sp/><sp/><sp/>e-&gt;<ref refid="struct_e_s_t_a_d_o_1a4896a5c5c1f40b43fb795623327e3f47" kindref="member">ultima_jogada</ref><sp/>=<sp/>c;</highlight></codeline>
<codeline lineno="164"><highlight class="normal">}</highlight></codeline>
<codeline lineno="165"><highlight class="normal"></highlight></codeline>
<codeline lineno="166"><highlight class="normal"></highlight><highlight class="keywordtype">void</highlight><highlight class="normal"><sp/>set_jogadas(<ref refid="struct_e_s_t_a_d_o" kindref="compound">ESTADO</ref><sp/>*e,<sp/></highlight><highlight class="keywordtype">int</highlight><highlight class="normal"><sp/>nj,<ref refid="struct_c_o_o_r_d_e_n_a_d_a" kindref="compound">COORDENADA</ref><sp/>j1,<ref refid="struct_c_o_o_r_d_e_n_a_d_a" kindref="compound">COORDENADA</ref><sp/>j2){</highlight></codeline>
<codeline lineno="167"><highlight class="normal"><sp/><sp/><sp/><sp/>nj--;</highlight></codeline>
<codeline lineno="168"><highlight class="normal"><sp/><sp/><sp/><sp/>e-&gt;<ref refid="struct_e_s_t_a_d_o_1afae43b87a488fad0f2b56a18bad31d18" kindref="member">jogadas</ref>[nj].jogador1<sp/>=<sp/>j1;</highlight></codeline>
<codeline lineno="169"><highlight class="normal"><sp/><sp/><sp/><sp/>e-&gt;<ref refid="struct_e_s_t_a_d_o_1afae43b87a488fad0f2b56a18bad31d18" kindref="member">jogadas</ref>[nj].jogador2<sp/>=<sp/>j2;</highlight></codeline>
<codeline lineno="170"><highlight class="normal">}</highlight></codeline>
    </programlisting>
    <location file="Dados.c"/>
  </compounddef>
</doxygen>
