<?xml version='1.0' encoding='UTF-8' standalone='no'?>
<doxygen xmlns:xsi="http://www.w3.org/2001/XMLSchema-instance" xsi:noNamespaceSchemaLocation="compound.xsd" version="1.8.18">
  <compounddef id="_interface_8h" kind="file" language="C++">
    <compoundname>Interface.h</compoundname>
    <includes local="no">stdio.h</includes>
    <includedby refid="_interface_8c" local="yes">Interface.c</includedby>
    <includedby refid="main_8c" local="yes">main.c</includedby>
    <incdepgraph>
      <node id="2">
        <label>stdio.h</label>
      </node>
      <node id="1">
        <label>Interface.h</label>
        <link refid="_interface_8h"/>
        <childnode refid="2" relation="include">
        </childnode>
      </node>
    </incdepgraph>
      <sectiondef kind="func">
      <memberdef kind="function" id="_interface_8h_1a9777893a82dbab8021cb127597e29afc" prot="public" static="no" const="no" explicit="no" inline="no" virt="non-virtual">
        <type>void</type>
        <definition>void imprimePeca</definition>
        <argsstring>(CASA c, FILE *fp)</argsstring>
        <name>imprimePeca</name>
        <param>
          <type>CASA</type>
          <declname>c</declname>
        </param>
        <param>
          <type>FILE *</type>
          <declname>fp</declname>
        </param>
        <briefdescription>
<para>Definição da Interface. </para>
        </briefdescription>
        <detaileddescription>
<para>Imprime a peça com o símbolo associado à casa <parameterlist kind="param"><parameteritem>
<parameternamelist>
<parametername>c</parametername>
</parameternamelist>
<parameterdescription>
<para>A casa </para>
</parameterdescription>
</parameteritem>
<parameteritem>
<parameternamelist>
<parametername>fp</parametername>
</parameternamelist>
<parameterdescription>
<para>O ficheiro em que vai ser imprimida a peça </para>
</parameterdescription>
</parameteritem>
</parameterlist>
</para>
        </detaileddescription>
        <inbodydescription>
        </inbodydescription>
        <location file="Interface.h" line="14" column="6" bodyfile="Interface.c" bodystart="9" bodyend="11" declfile="Interface.h" declline="14" declcolumn="6"/>
      </memberdef>
      <memberdef kind="function" id="_interface_8h_1a96e1aa90c322ad1662b52ff2470bb5d9" prot="public" static="no" const="no" explicit="no" inline="no" virt="non-virtual">
        <type>void</type>
        <definition>void imprimeErro</definition>
        <argsstring>(ERRO e, FILE *fp)</argsstring>
        <name>imprimeErro</name>
        <param>
          <type>ERRO</type>
          <declname>e</declname>
        </param>
        <param>
          <type>FILE *</type>
          <declname>fp</declname>
        </param>
        <briefdescription>
<para>Imprime o erro, mostrando uma frase associada ao erro ocorrido. </para>
        </briefdescription>
        <detaileddescription>
<para><parameterlist kind="param"><parameteritem>
<parameternamelist>
<parametername>e</parametername>
</parameternamelist>
<parameterdescription>
<para>O erro </para>
</parameterdescription>
</parameteritem>
<parameteritem>
<parameternamelist>
<parametername>fp</parametername>
</parameternamelist>
<parameterdescription>
<para>O ficheiro em que vai ser imprimido o erro </para>
</parameterdescription>
</parameteritem>
</parameterlist>
</para>
        </detaileddescription>
        <inbodydescription>
        </inbodydescription>
        <location file="Interface.h" line="21" column="6" bodyfile="Interface.c" bodystart="13" bodyend="24" declfile="Interface.h" declline="21" declcolumn="6"/>
      </memberdef>
      <memberdef kind="function" id="_interface_8h_1a9a2877fb8fbb6568f720e23ead43b77e" prot="public" static="no" const="no" explicit="no" inline="no" virt="non-virtual">
        <type>void</type>
        <definition>void mostrar_tabuleiro</definition>
        <argsstring>(ESTADO *e, FILE *fp)</argsstring>
        <name>mostrar_tabuleiro</name>
        <param>
          <type><ref refid="struct_e_s_t_a_d_o" kindref="compound">ESTADO</ref> *</type>
          <declname>e</declname>
        </param>
        <param>
          <type>FILE *</type>
          <declname>fp</declname>
        </param>
        <briefdescription>
<para>Devolve o tabuleiro. </para>
        </briefdescription>
        <detaileddescription>
<para><parameterlist kind="param"><parameteritem>
<parameternamelist>
<parametername>e</parametername>
</parameternamelist>
<parameterdescription>
<para>O estado atual do jogo </para>
</parameterdescription>
</parameteritem>
<parameteritem>
<parameternamelist>
<parametername>fp</parametername>
</parameternamelist>
<parameterdescription>
<para>O ficheiro em que vai ser imprimido o tabuleiro </para>
</parameterdescription>
</parameteritem>
</parameterlist>
</para>
        </detaileddescription>
        <inbodydescription>
        </inbodydescription>
        <location file="Interface.h" line="28" column="6" bodyfile="Interface.c" bodystart="26" bodyend="39" declfile="Interface.h" declline="28" declcolumn="6"/>
      </memberdef>
      <memberdef kind="function" id="_interface_8h_1a9ff671b5e0bf422e7221db15c9ed6827" prot="public" static="no" const="no" explicit="no" inline="no" virt="non-virtual">
        <type>void</type>
        <definition>void mostra_estado</definition>
        <argsstring>(ESTADO *e, FILE *fp)</argsstring>
        <name>mostra_estado</name>
        <param>
          <type><ref refid="struct_e_s_t_a_d_o" kindref="compound">ESTADO</ref> *</type>
          <declname>e</declname>
        </param>
        <param>
          <type>FILE *</type>
          <declname>fp</declname>
        </param>
        <briefdescription>
<para>Função que mostra tudo relativamente ao estado. </para>
        </briefdescription>
        <detaileddescription>
<para><parameterlist kind="param"><parameteritem>
<parameternamelist>
<parametername>e</parametername>
</parameternamelist>
<parameterdescription>
<para>O estado atual do jogo </para>
</parameterdescription>
</parameteritem>
<parameteritem>
<parameternamelist>
<parametername>fp</parametername>
</parameternamelist>
<parameterdescription>
<para>O ficheiro em que vão ser imprimidas as informações </para>
</parameterdescription>
</parameteritem>
</parameterlist>
</para>
        </detaileddescription>
        <inbodydescription>
        </inbodydescription>
        <location file="Interface.h" line="35" column="6" bodyfile="Interface.c" bodystart="41" bodyend="45" declfile="Interface.h" declline="35" declcolumn="6"/>
      </memberdef>
      <memberdef kind="function" id="_interface_8h_1ab09ec42316bdc5d8587ceb7348a16fc9" prot="public" static="no" const="no" explicit="no" inline="no" virt="non-virtual">
        <type>void</type>
        <definition>void prompt</definition>
        <argsstring>(ESTADO *e, FILE *fp)</argsstring>
        <name>prompt</name>
        <param>
          <type><ref refid="struct_e_s_t_a_d_o" kindref="compound">ESTADO</ref> *</type>
          <declname>e</declname>
        </param>
        <param>
          <type>FILE *</type>
          <declname>fp</declname>
        </param>
        <briefdescription>
<para>Devolve o prompt. </para>
        </briefdescription>
        <detaileddescription>
<para><parameterlist kind="param"><parameteritem>
<parameternamelist>
<parametername>e</parametername>
</parameternamelist>
<parameterdescription>
<para>O estado atual do jogo </para>
</parameterdescription>
</parameteritem>
<parameteritem>
<parameternamelist>
<parametername>fp</parametername>
</parameternamelist>
<parameterdescription>
<para>O ficheiro em que vai ser usado o prompt </para>
</parameterdescription>
</parameteritem>
</parameterlist>
</para>
        </detaileddescription>
        <inbodydescription>
        </inbodydescription>
        <location file="Interface.h" line="42" column="6" bodyfile="Interface.c" bodystart="47" bodyend="51" declfile="Interface.h" declline="42" declcolumn="6"/>
      </memberdef>
      <memberdef kind="function" id="_interface_8h_1a36eefd4c9c6493504558ad393a5fc453" prot="public" static="no" const="no" explicit="no" inline="no" virt="non-virtual">
        <type>void</type>
        <definition>void movs</definition>
        <argsstring>(ESTADO *e, FILE *fp)</argsstring>
        <name>movs</name>
        <param>
          <type><ref refid="struct_e_s_t_a_d_o" kindref="compound">ESTADO</ref> *</type>
          <declname>e</declname>
        </param>
        <param>
          <type>FILE *</type>
          <declname>fp</declname>
        </param>
        <briefdescription>
<para>Comando movs. </para>
        </briefdescription>
        <detaileddescription>
<para><parameterlist kind="param"><parameteritem>
<parameternamelist>
<parametername>e</parametername>
</parameternamelist>
<parameterdescription>
<para>O estado atual do jogo </para>
</parameterdescription>
</parameteritem>
<parameteritem>
<parameternamelist>
<parametername>fp</parametername>
</parameternamelist>
<parameterdescription>
<para>O ficheiro em que vai ser usado o movs </para>
</parameterdescription>
</parameteritem>
</parameterlist>
</para>
        </detaileddescription>
        <inbodydescription>
        </inbodydescription>
        <location file="Interface.h" line="49" column="6" bodyfile="Interface.c" bodystart="54" bodyend="86" declfile="Interface.h" declline="49" declcolumn="6"/>
      </memberdef>
      <memberdef kind="function" id="_interface_8h_1a966fe043dc196e3f9bad58ebc9deaf43" prot="public" static="no" const="no" explicit="no" inline="no" virt="non-virtual">
        <type>ERRO</type>
        <definition>ERRO gravar</definition>
        <argsstring>(ESTADO *e, char *filename)</argsstring>
        <name>gravar</name>
        <param>
          <type><ref refid="struct_e_s_t_a_d_o" kindref="compound">ESTADO</ref> *</type>
          <declname>e</declname>
        </param>
        <param>
          <type>char *</type>
          <declname>filename</declname>
        </param>
        <briefdescription>
<para>Comando gravar. </para>
        </briefdescription>
        <detaileddescription>
<para><parameterlist kind="param"><parameteritem>
<parameternamelist>
<parametername>e</parametername>
</parameternamelist>
<parameterdescription>
<para>O estado atual do jogo </para>
</parameterdescription>
</parameteritem>
<parameteritem>
<parameternamelist>
<parametername>filename</parametername>
</parameternamelist>
<parameterdescription>
<para>O nome do ficheiro em que vai ser guardado o ficheiro </para>
</parameterdescription>
</parameteritem>
</parameterlist>
<simplesect kind="return"><para>ERRO_GRAVAR no caso de não ser possível gravar o ficheiro e OK, caso contrário. </para>
</simplesect>
</para>
        </detaileddescription>
        <inbodydescription>
        </inbodydescription>
        <location file="Interface.h" line="57" column="6" bodyfile="Interface.c" bodystart="89" bodyend="110" declfile="Interface.h" declline="57" declcolumn="6"/>
      </memberdef>
      <memberdef kind="function" id="_interface_8h_1a60074e7df1e5a69b2fe6daf233965597" prot="public" static="no" const="no" explicit="no" inline="no" virt="non-virtual">
        <type>ERRO</type>
        <definition>ERRO ler_tabuleiro</definition>
        <argsstring>(ESTADO *e, FILE *fp)</argsstring>
        <name>ler_tabuleiro</name>
        <param>
          <type><ref refid="struct_e_s_t_a_d_o" kindref="compound">ESTADO</ref> *</type>
          <declname>e</declname>
        </param>
        <param>
          <type>FILE *</type>
          <declname>fp</declname>
        </param>
        <briefdescription>
<para>Função que lê o tabuleiro de um ficheiro. </para>
        </briefdescription>
        <detaileddescription>
<para><parameterlist kind="param"><parameteritem>
<parameternamelist>
<parametername>e</parametername>
</parameternamelist>
<parameterdescription>
<para>O estado atual do jogo </para>
</parameterdescription>
</parameteritem>
<parameteritem>
<parameternamelist>
<parametername>fp</parametername>
</parameternamelist>
<parameterdescription>
<para>O ficheiro que vai ser lido </para>
</parameterdescription>
</parameteritem>
</parameterlist>
<simplesect kind="return"><para>OK, no caso do ficheiro ser lido e ERRO_ABRIR_FICHEIRO, caso contrário </para>
</simplesect>
</para>
        </detaileddescription>
        <inbodydescription>
        </inbodydescription>
        <location file="Interface.h" line="65" column="6" bodyfile="Interface.c" bodystart="112" bodyend="128" declfile="Interface.h" declline="65" declcolumn="6"/>
      </memberdef>
      <memberdef kind="function" id="_interface_8h_1ab26953078f40314c94b367e07f6518d5" prot="public" static="no" const="no" explicit="no" inline="no" virt="non-virtual">
        <type>ERRO</type>
        <definition>ERRO ler_jogadas</definition>
        <argsstring>(ESTADO *e, FILE *fp)</argsstring>
        <name>ler_jogadas</name>
        <param>
          <type><ref refid="struct_e_s_t_a_d_o" kindref="compound">ESTADO</ref> *</type>
          <declname>e</declname>
        </param>
        <param>
          <type>FILE *</type>
          <declname>fp</declname>
        </param>
        <briefdescription>
<para>Função que lê as jogadas de um ficheiro. </para>
        </briefdescription>
        <detaileddescription>
<para><parameterlist kind="param"><parameteritem>
<parameternamelist>
<parametername>e</parametername>
</parameternamelist>
<parameterdescription>
<para>O estado atual do jogo </para>
</parameterdescription>
</parameteritem>
<parameteritem>
<parameternamelist>
<parametername>fp</parametername>
</parameternamelist>
<parameterdescription>
<para>O ficheiro a ser lido </para>
</parameterdescription>
</parameteritem>
</parameterlist>
<simplesect kind="return"><para>OK no caso das jogadas serem lidas </para>
</simplesect>
</para>
        </detaileddescription>
        <inbodydescription>
        </inbodydescription>
        <location file="Interface.h" line="73" column="6" bodyfile="Interface.c" bodystart="130" bodyend="153" declfile="Interface.h" declline="73" declcolumn="6"/>
      </memberdef>
      <memberdef kind="function" id="_interface_8h_1ab7cd81114567019fde15aa37198a8b31" prot="public" static="no" const="no" explicit="no" inline="no" virt="non-virtual">
        <type>ERRO</type>
        <definition>ERRO ler</definition>
        <argsstring>(ESTADO *e, char *fn)</argsstring>
        <name>ler</name>
        <param>
          <type><ref refid="struct_e_s_t_a_d_o" kindref="compound">ESTADO</ref> *</type>
          <declname>e</declname>
        </param>
        <param>
          <type>char *</type>
          <declname>fn</declname>
        </param>
        <briefdescription>
<para>Função que lê o ficheiro. </para>
        </briefdescription>
        <detaileddescription>
<para><parameterlist kind="param"><parameteritem>
<parameternamelist>
<parametername>e</parametername>
</parameternamelist>
<parameterdescription>
<para>O estado atual do jogo </para>
</parameterdescription>
</parameteritem>
<parameteritem>
<parameternamelist>
<parametername>fn</parametername>
</parameternamelist>
<parameterdescription>
<para>O nome do ficheiro a ser lido </para>
</parameterdescription>
</parameteritem>
</parameterlist>
<simplesect kind="return"><para>OK no caso do ficheiro ser lido </para>
</simplesect>
</para>
        </detaileddescription>
        <inbodydescription>
        </inbodydescription>
        <location file="Interface.h" line="81" column="6" bodyfile="Interface.c" bodystart="155" bodyend="164" declfile="Interface.h" declline="81" declcolumn="6"/>
      </memberdef>
      <memberdef kind="function" id="_interface_8h_1a24da95ebeede4a540e37790ce8be359b" prot="public" static="no" const="no" explicit="no" inline="no" virt="non-virtual">
        <type>int</type>
        <definition>int interpretador</definition>
        <argsstring>(ESTADO *e)</argsstring>
        <name>interpretador</name>
        <param>
          <type><ref refid="struct_e_s_t_a_d_o" kindref="compound">ESTADO</ref> *</type>
          <declname>e</declname>
        </param>
        <briefdescription>
<para>Interpretador. </para>
        </briefdescription>
        <detaileddescription>
<para><parameterlist kind="param"><parameteritem>
<parameternamelist>
<parametername>e</parametername>
</parameternamelist>
<parameterdescription>
<para>O estado atual do jogo </para>
</parameterdescription>
</parameteritem>
</parameterlist>
<simplesect kind="return"><para>1 no caso de o jogo ter terminado e 0 caso contrário </para>
</simplesect>
</para>
        </detaileddescription>
        <inbodydescription>
        </inbodydescription>
        <location file="Interface.h" line="88" column="5" bodyfile="Interface.c" bodystart="168" bodyend="285" declfile="Interface.h" declline="88" declcolumn="5"/>
      </memberdef>
      </sectiondef>
    <briefdescription>
    </briefdescription>
    <detaileddescription>
    </detaileddescription>
    <programlisting>
<codeline lineno="1"></codeline>
<codeline lineno="5"><highlight class="preprocessor">#ifndef<sp/>PL8_2_INTERFACE_H</highlight><highlight class="normal"></highlight></codeline>
<codeline lineno="6"><highlight class="normal"></highlight><highlight class="preprocessor">#define<sp/>PL8_2_INTERFACE_H</highlight><highlight class="normal"></highlight></codeline>
<codeline lineno="7"><highlight class="normal"></highlight><highlight class="preprocessor">#include<sp/>&lt;stdio.h&gt;</highlight><highlight class="normal"></highlight></codeline>
<codeline lineno="8"><highlight class="normal"></highlight></codeline>
<codeline lineno="14"><highlight class="keywordtype">void</highlight><highlight class="normal"><sp/>imprimePeca(CASA<sp/>c,<sp/>FILE<sp/>*fp);</highlight></codeline>
<codeline lineno="15"><highlight class="normal"></highlight></codeline>
<codeline lineno="21"><highlight class="keywordtype">void</highlight><highlight class="normal"><sp/>imprimeErro<sp/>(ERRO<sp/>e,<sp/>FILE<sp/>*fp);</highlight></codeline>
<codeline lineno="22"><highlight class="normal"></highlight></codeline>
<codeline lineno="28"><highlight class="keywordtype">void</highlight><highlight class="normal"><sp/>mostrar_tabuleiro(<ref refid="struct_e_s_t_a_d_o" kindref="compound">ESTADO</ref><sp/>*e,<sp/>FILE<sp/>*fp);</highlight></codeline>
<codeline lineno="29"><highlight class="normal"></highlight></codeline>
<codeline lineno="35"><highlight class="keywordtype">void</highlight><highlight class="normal"><sp/>mostra_estado(<ref refid="struct_e_s_t_a_d_o" kindref="compound">ESTADO</ref><sp/>*e,FILE<sp/>*fp);</highlight></codeline>
<codeline lineno="36"><highlight class="normal"></highlight></codeline>
<codeline lineno="42"><highlight class="keywordtype">void</highlight><highlight class="normal"><sp/>prompt<sp/>(<ref refid="struct_e_s_t_a_d_o" kindref="compound">ESTADO</ref><sp/>*e,<sp/>FILE<sp/>*fp);</highlight></codeline>
<codeline lineno="43"><highlight class="normal"></highlight></codeline>
<codeline lineno="49"><highlight class="keywordtype">void</highlight><highlight class="normal"><sp/>movs<sp/>(<ref refid="struct_e_s_t_a_d_o" kindref="compound">ESTADO</ref><sp/>*e,<sp/>FILE<sp/>*fp);</highlight></codeline>
<codeline lineno="50"><highlight class="normal"></highlight></codeline>
<codeline lineno="57"><highlight class="normal">ERRO<sp/>gravar(<ref refid="struct_e_s_t_a_d_o" kindref="compound">ESTADO</ref><sp/>*e,<sp/></highlight><highlight class="keywordtype">char</highlight><highlight class="normal"><sp/>*filename);</highlight></codeline>
<codeline lineno="58"><highlight class="normal"></highlight></codeline>
<codeline lineno="65"><highlight class="normal">ERRO<sp/>ler_tabuleiro(<ref refid="struct_e_s_t_a_d_o" kindref="compound">ESTADO</ref><sp/>*e,<sp/>FILE*<sp/>fp);</highlight></codeline>
<codeline lineno="66"><highlight class="normal"></highlight></codeline>
<codeline lineno="73"><highlight class="normal">ERRO<sp/>ler_jogadas(<ref refid="struct_e_s_t_a_d_o" kindref="compound">ESTADO</ref><sp/>*e,FILE<sp/>*fp);</highlight></codeline>
<codeline lineno="74"><highlight class="normal"></highlight></codeline>
<codeline lineno="81"><highlight class="normal">ERRO<sp/>ler<sp/>(<ref refid="struct_e_s_t_a_d_o" kindref="compound">ESTADO</ref><sp/>*e,<sp/></highlight><highlight class="keywordtype">char</highlight><highlight class="normal"><sp/>*fn);</highlight></codeline>
<codeline lineno="82"><highlight class="normal"></highlight></codeline>
<codeline lineno="88"><highlight class="keywordtype">int</highlight><highlight class="normal"><sp/>interpretador(<ref refid="struct_e_s_t_a_d_o" kindref="compound">ESTADO</ref><sp/>*e);</highlight></codeline>
<codeline lineno="89"><highlight class="normal"></highlight></codeline>
<codeline lineno="90"><highlight class="normal"></highlight><highlight class="preprocessor">#endif</highlight></codeline>
    </programlisting>
    <location file="Interface.h"/>
  </compounddef>
</doxygen>
