<?xml version='1.0' encoding='UTF-8' standalone='no'?>
<doxygen xmlns:xsi="http://www.w3.org/2001/XMLSchema-instance" xsi:noNamespaceSchemaLocation="compound.xsd" version="1.8.18">
  <compounddef id="_interface_8c" kind="file" language="C++">
    <compoundname>Interface.c</compoundname>
    <includes local="no">stdio.h</includes>
    <includes local="no">string.h</includes>
    <includes refid="_dados_8h" local="yes">Dados.h</includes>
    <includes refid="_logica_8h" local="yes">Logica.h</includes>
    <includes refid="_interface_8h" local="yes">Interface.h</includes>
    <incdepgraph>
      <node id="6">
        <label>Lista.h</label>
        <link refid="_lista_8h_source"/>
        <childnode refid="4" relation="include">
        </childnode>
      </node>
      <node id="5">
        <label>Logica.h</label>
        <link refid="_logica_8h_source"/>
        <childnode refid="6" relation="include">
        </childnode>
      </node>
      <node id="3">
        <label>string.h</label>
      </node>
      <node id="4">
        <label>Dados.h</label>
        <link refid="_dados_8h_source"/>
      </node>
      <node id="2">
        <label>stdio.h</label>
      </node>
      <node id="1">
        <label>Interface.c</label>
        <link refid="_interface_8c"/>
        <childnode refid="2" relation="include">
        </childnode>
        <childnode refid="3" relation="include">
        </childnode>
        <childnode refid="4" relation="include">
        </childnode>
        <childnode refid="5" relation="include">
        </childnode>
        <childnode refid="7" relation="include">
        </childnode>
      </node>
      <node id="7">
        <label>Interface.h</label>
        <link refid="_interface_8h_source"/>
        <childnode refid="2" relation="include">
        </childnode>
      </node>
    </incdepgraph>
      <sectiondef kind="define">
      <memberdef kind="define" id="_interface_8c_1a6821bafc3c88dfb2e433a095df9940c6" prot="public" static="no">
        <name>BUF_SIZE</name>
        <initializer>1024</initializer>
        <briefdescription>
        </briefdescription>
        <detaileddescription>
        </detaileddescription>
        <inbodydescription>
        </inbodydescription>
        <location file="Interface.c" line="7" column="9" bodyfile="Interface.c" bodystart="7" bodyend="-1"/>
      </memberdef>
      </sectiondef>
      <sectiondef kind="func">
      <memberdef kind="function" id="_interface_8c_1a9777893a82dbab8021cb127597e29afc" prot="public" static="no" const="no" explicit="no" inline="no" virt="non-virtual">
        <type>void</type>
        <definition>void imprimePeca</definition>
        <argsstring>(CASA c, FILE *fp)</argsstring>
        <name>imprimePeca</name>
        <param>
          <type>CASA</type>
          <declname>c</declname>
        </param>
        <param>
          <type>FILE *</type>
          <declname>fp</declname>
        </param>
        <briefdescription>
<para>Definição da Interface. </para>
        </briefdescription>
        <detaileddescription>
<para>Imprime a peça com o símbolo associado à casa <parameterlist kind="param"><parameteritem>
<parameternamelist>
<parametername>c</parametername>
</parameternamelist>
<parameterdescription>
<para>A casa </para>
</parameterdescription>
</parameteritem>
<parameteritem>
<parameternamelist>
<parametername>fp</parametername>
</parameternamelist>
<parameterdescription>
<para>O ficheiro em que vai ser imprimida a peça </para>
</parameterdescription>
</parameteritem>
</parameterlist>
</para>
        </detaileddescription>
        <inbodydescription>
        </inbodydescription>
        <location file="Interface.c" line="9" column="6" bodyfile="Interface.c" bodystart="9" bodyend="11"/>
      </memberdef>
      <memberdef kind="function" id="_interface_8c_1a96e1aa90c322ad1662b52ff2470bb5d9" prot="public" static="no" const="no" explicit="no" inline="no" virt="non-virtual">
        <type>void</type>
        <definition>void imprimeErro</definition>
        <argsstring>(ERRO e, FILE *fp)</argsstring>
        <name>imprimeErro</name>
        <param>
          <type>ERRO</type>
          <declname>e</declname>
        </param>
        <param>
          <type>FILE *</type>
          <declname>fp</declname>
        </param>
        <briefdescription>
<para>Imprime o erro, mostrando uma frase associada ao erro ocorrido. </para>
        </briefdescription>
        <detaileddescription>
<para><parameterlist kind="param"><parameteritem>
<parameternamelist>
<parametername>e</parametername>
</parameternamelist>
<parameterdescription>
<para>O erro </para>
</parameterdescription>
</parameteritem>
<parameteritem>
<parameternamelist>
<parametername>fp</parametername>
</parameternamelist>
<parameterdescription>
<para>O ficheiro em que vai ser imprimido o erro </para>
</parameterdescription>
</parameteritem>
</parameterlist>
</para>
        </detaileddescription>
        <inbodydescription>
        </inbodydescription>
        <location file="Interface.c" line="13" column="6" bodyfile="Interface.c" bodystart="13" bodyend="24"/>
      </memberdef>
      <memberdef kind="function" id="_interface_8c_1a9a2877fb8fbb6568f720e23ead43b77e" prot="public" static="no" const="no" explicit="no" inline="no" virt="non-virtual">
        <type>void</type>
        <definition>void mostrar_tabuleiro</definition>
        <argsstring>(ESTADO *e, FILE *fp)</argsstring>
        <name>mostrar_tabuleiro</name>
        <param>
          <type><ref refid="struct_e_s_t_a_d_o" kindref="compound">ESTADO</ref> *</type>
          <declname>e</declname>
        </param>
        <param>
          <type>FILE *</type>
          <declname>fp</declname>
        </param>
        <briefdescription>
<para>Devolve o tabuleiro. </para>
        </briefdescription>
        <detaileddescription>
<para><parameterlist kind="param"><parameteritem>
<parameternamelist>
<parametername>e</parametername>
</parameternamelist>
<parameterdescription>
<para>O estado atual do jogo </para>
</parameterdescription>
</parameteritem>
<parameteritem>
<parameternamelist>
<parametername>fp</parametername>
</parameternamelist>
<parameterdescription>
<para>O ficheiro em que vai ser imprimido o tabuleiro </para>
</parameterdescription>
</parameteritem>
</parameterlist>
</para>
        </detaileddescription>
        <inbodydescription>
        </inbodydescription>
        <location file="Interface.c" line="26" column="6" bodyfile="Interface.c" bodystart="26" bodyend="39"/>
      </memberdef>
      <memberdef kind="function" id="_interface_8c_1a9ff671b5e0bf422e7221db15c9ed6827" prot="public" static="no" const="no" explicit="no" inline="no" virt="non-virtual">
        <type>void</type>
        <definition>void mostra_estado</definition>
        <argsstring>(ESTADO *e, FILE *fp)</argsstring>
        <name>mostra_estado</name>
        <param>
          <type><ref refid="struct_e_s_t_a_d_o" kindref="compound">ESTADO</ref> *</type>
          <declname>e</declname>
        </param>
        <param>
          <type>FILE *</type>
          <declname>fp</declname>
        </param>
        <briefdescription>
<para>Função que mostra tudo relativamente ao estado. </para>
        </briefdescription>
        <detaileddescription>
<para><parameterlist kind="param"><parameteritem>
<parameternamelist>
<parametername>e</parametername>
</parameternamelist>
<parameterdescription>
<para>O estado atual do jogo </para>
</parameterdescription>
</parameteritem>
<parameteritem>
<parameternamelist>
<parametername>fp</parametername>
</parameternamelist>
<parameterdescription>
<para>O ficheiro em que vão ser imprimidas as informações </para>
</parameterdescription>
</parameteritem>
</parameterlist>
</para>
        </detaileddescription>
        <inbodydescription>
        </inbodydescription>
        <location file="Interface.c" line="41" column="6" bodyfile="Interface.c" bodystart="41" bodyend="45"/>
      </memberdef>
      <memberdef kind="function" id="_interface_8c_1ab09ec42316bdc5d8587ceb7348a16fc9" prot="public" static="no" const="no" explicit="no" inline="no" virt="non-virtual">
        <type>void</type>
        <definition>void prompt</definition>
        <argsstring>(ESTADO *e, FILE *fp)</argsstring>
        <name>prompt</name>
        <param>
          <type><ref refid="struct_e_s_t_a_d_o" kindref="compound">ESTADO</ref> *</type>
          <declname>e</declname>
        </param>
        <param>
          <type>FILE *</type>
          <declname>fp</declname>
        </param>
        <briefdescription>
<para>Devolve o prompt. </para>
        </briefdescription>
        <detaileddescription>
<para><parameterlist kind="param"><parameteritem>
<parameternamelist>
<parametername>e</parametername>
</parameternamelist>
<parameterdescription>
<para>O estado atual do jogo </para>
</parameterdescription>
</parameteritem>
<parameteritem>
<parameternamelist>
<parametername>fp</parametername>
</parameternamelist>
<parameterdescription>
<para>O ficheiro em que vai ser usado o prompt </para>
</parameterdescription>
</parameteritem>
</parameterlist>
</para>
        </detaileddescription>
        <inbodydescription>
        </inbodydescription>
        <location file="Interface.c" line="47" column="6" bodyfile="Interface.c" bodystart="47" bodyend="51"/>
      </memberdef>
      <memberdef kind="function" id="_interface_8c_1a36eefd4c9c6493504558ad393a5fc453" prot="public" static="no" const="no" explicit="no" inline="no" virt="non-virtual">
        <type>void</type>
        <definition>void movs</definition>
        <argsstring>(ESTADO *e, FILE *fp)</argsstring>
        <name>movs</name>
        <param>
          <type><ref refid="struct_e_s_t_a_d_o" kindref="compound">ESTADO</ref> *</type>
          <declname>e</declname>
        </param>
        <param>
          <type>FILE *</type>
          <declname>fp</declname>
        </param>
        <briefdescription>
<para>Comando movs. </para>
        </briefdescription>
        <detaileddescription>
<para><parameterlist kind="param"><parameteritem>
<parameternamelist>
<parametername>e</parametername>
</parameternamelist>
<parameterdescription>
<para>O estado atual do jogo </para>
</parameterdescription>
</parameteritem>
<parameteritem>
<parameternamelist>
<parametername>fp</parametername>
</parameternamelist>
<parameterdescription>
<para>O ficheiro em que vai ser usado o movs </para>
</parameterdescription>
</parameteritem>
</parameterlist>
</para>
        </detaileddescription>
        <inbodydescription>
        </inbodydescription>
        <location file="Interface.c" line="54" column="6" bodyfile="Interface.c" bodystart="54" bodyend="86"/>
      </memberdef>
      <memberdef kind="function" id="_interface_8c_1aba79eb5c4aa19eb778d745e2694e1df0" prot="public" static="no" const="no" explicit="no" inline="no" virt="non-virtual">
        <type>ERRO</type>
        <definition>ERRO gravar</definition>
        <argsstring>(ESTADO *e, char *fn)</argsstring>
        <name>gravar</name>
        <param>
          <type><ref refid="struct_e_s_t_a_d_o" kindref="compound">ESTADO</ref> *</type>
          <declname>e</declname>
        </param>
        <param>
          <type>char *</type>
          <declname>filename</declname>
          <defname>fn</defname>
        </param>
        <briefdescription>
<para>Comando gravar. </para>
        </briefdescription>
        <detaileddescription>
<para><parameterlist kind="param"><parameteritem>
<parameternamelist>
<parametername>e</parametername>
</parameternamelist>
<parameterdescription>
<para>O estado atual do jogo </para>
</parameterdescription>
</parameteritem>
<parameteritem>
<parameternamelist>
<parametername>filename</parametername>
</parameternamelist>
<parameterdescription>
<para>O nome do ficheiro em que vai ser guardado o ficheiro </para>
</parameterdescription>
</parameteritem>
</parameterlist>
<simplesect kind="return"><para>ERRO_GRAVAR no caso de não ser possível gravar o ficheiro e OK, caso contrário. </para>
</simplesect>
</para>
        </detaileddescription>
        <inbodydescription>
        </inbodydescription>
        <location file="Interface.c" line="89" column="6" bodyfile="Interface.c" bodystart="89" bodyend="110"/>
      </memberdef>
      <memberdef kind="function" id="_interface_8c_1a60074e7df1e5a69b2fe6daf233965597" prot="public" static="no" const="no" explicit="no" inline="no" virt="non-virtual">
        <type>ERRO</type>
        <definition>ERRO ler_tabuleiro</definition>
        <argsstring>(ESTADO *e, FILE *fp)</argsstring>
        <name>ler_tabuleiro</name>
        <param>
          <type><ref refid="struct_e_s_t_a_d_o" kindref="compound">ESTADO</ref> *</type>
          <declname>e</declname>
        </param>
        <param>
          <type>FILE *</type>
          <declname>fp</declname>
        </param>
        <briefdescription>
<para>Função que lê o tabuleiro de um ficheiro. </para>
        </briefdescription>
        <detaileddescription>
<para><parameterlist kind="param"><parameteritem>
<parameternamelist>
<parametername>e</parametername>
</parameternamelist>
<parameterdescription>
<para>O estado atual do jogo </para>
</parameterdescription>
</parameteritem>
<parameteritem>
<parameternamelist>
<parametername>fp</parametername>
</parameternamelist>
<parameterdescription>
<para>O ficheiro que vai ser lido </para>
</parameterdescription>
</parameteritem>
</parameterlist>
<simplesect kind="return"><para>OK, no caso do ficheiro ser lido e ERRO_ABRIR_FICHEIRO, caso contrário </para>
</simplesect>
</para>
        </detaileddescription>
        <inbodydescription>
        </inbodydescription>
        <location file="Interface.c" line="112" column="6" bodyfile="Interface.c" bodystart="112" bodyend="128"/>
      </memberdef>
      <memberdef kind="function" id="_interface_8c_1ab26953078f40314c94b367e07f6518d5" prot="public" static="no" const="no" explicit="no" inline="no" virt="non-virtual">
        <type>ERRO</type>
        <definition>ERRO ler_jogadas</definition>
        <argsstring>(ESTADO *e, FILE *fp)</argsstring>
        <name>ler_jogadas</name>
        <param>
          <type><ref refid="struct_e_s_t_a_d_o" kindref="compound">ESTADO</ref> *</type>
          <declname>e</declname>
        </param>
        <param>
          <type>FILE *</type>
          <declname>fp</declname>
        </param>
        <briefdescription>
<para>Função que lê as jogadas de um ficheiro. </para>
        </briefdescription>
        <detaileddescription>
<para><parameterlist kind="param"><parameteritem>
<parameternamelist>
<parametername>e</parametername>
</parameternamelist>
<parameterdescription>
<para>O estado atual do jogo </para>
</parameterdescription>
</parameteritem>
<parameteritem>
<parameternamelist>
<parametername>fp</parametername>
</parameternamelist>
<parameterdescription>
<para>O ficheiro a ser lido </para>
</parameterdescription>
</parameteritem>
</parameterlist>
<simplesect kind="return"><para>OK no caso das jogadas serem lidas </para>
</simplesect>
</para>
        </detaileddescription>
        <inbodydescription>
        </inbodydescription>
        <location file="Interface.c" line="130" column="6" bodyfile="Interface.c" bodystart="130" bodyend="153"/>
      </memberdef>
      <memberdef kind="function" id="_interface_8c_1ab7cd81114567019fde15aa37198a8b31" prot="public" static="no" const="no" explicit="no" inline="no" virt="non-virtual">
        <type>ERRO</type>
        <definition>ERRO ler</definition>
        <argsstring>(ESTADO *e, char *fn)</argsstring>
        <name>ler</name>
        <param>
          <type><ref refid="struct_e_s_t_a_d_o" kindref="compound">ESTADO</ref> *</type>
          <declname>e</declname>
        </param>
        <param>
          <type>char *</type>
          <declname>fn</declname>
        </param>
        <briefdescription>
<para>Função que lê o ficheiro. </para>
        </briefdescription>
        <detaileddescription>
<para><parameterlist kind="param"><parameteritem>
<parameternamelist>
<parametername>e</parametername>
</parameternamelist>
<parameterdescription>
<para>O estado atual do jogo </para>
</parameterdescription>
</parameteritem>
<parameteritem>
<parameternamelist>
<parametername>fn</parametername>
</parameternamelist>
<parameterdescription>
<para>O nome do ficheiro a ser lido </para>
</parameterdescription>
</parameteritem>
</parameterlist>
<simplesect kind="return"><para>OK no caso do ficheiro ser lido </para>
</simplesect>
</para>
        </detaileddescription>
        <inbodydescription>
        </inbodydescription>
        <location file="Interface.c" line="155" column="6" bodyfile="Interface.c" bodystart="155" bodyend="164"/>
      </memberdef>
      <memberdef kind="function" id="_interface_8c_1a24da95ebeede4a540e37790ce8be359b" prot="public" static="no" const="no" explicit="no" inline="no" virt="non-virtual">
        <type>int</type>
        <definition>int interpretador</definition>
        <argsstring>(ESTADO *e)</argsstring>
        <name>interpretador</name>
        <param>
          <type><ref refid="struct_e_s_t_a_d_o" kindref="compound">ESTADO</ref> *</type>
          <declname>e</declname>
        </param>
        <briefdescription>
<para>Interpretador. </para>
        </briefdescription>
        <detaileddescription>
<para><parameterlist kind="param"><parameteritem>
<parameternamelist>
<parametername>e</parametername>
</parameternamelist>
<parameterdescription>
<para>O estado atual do jogo </para>
</parameterdescription>
</parameteritem>
</parameterlist>
<simplesect kind="return"><para>1 no caso de o jogo ter terminado e 0 caso contrário </para>
</simplesect>
</para>
        </detaileddescription>
        <inbodydescription>
        </inbodydescription>
        <location file="Interface.c" line="168" column="5" bodyfile="Interface.c" bodystart="168" bodyend="285"/>
      </memberdef>
      </sectiondef>
    <briefdescription>
    </briefdescription>
    <detaileddescription>
    </detaileddescription>
    <programlisting>
<codeline lineno="1"><highlight class="preprocessor">#include<sp/>&lt;stdio.h&gt;</highlight><highlight class="normal"></highlight></codeline>
<codeline lineno="2"><highlight class="normal"></highlight><highlight class="preprocessor">#include<sp/>&lt;string.h&gt;</highlight><highlight class="normal"></highlight></codeline>
<codeline lineno="3"><highlight class="normal"></highlight><highlight class="preprocessor">#include<sp/>&quot;Dados.h&quot;</highlight><highlight class="normal"></highlight></codeline>
<codeline lineno="4"><highlight class="normal"></highlight><highlight class="preprocessor">#include<sp/>&quot;Logica.h&quot;</highlight><highlight class="normal"></highlight></codeline>
<codeline lineno="5"><highlight class="normal"></highlight><highlight class="preprocessor">#include<sp/>&quot;Interface.h&quot;</highlight><highlight class="normal"></highlight></codeline>
<codeline lineno="6"><highlight class="normal"></highlight></codeline>
<codeline lineno="7"><highlight class="normal"></highlight><highlight class="preprocessor">#define<sp/>BUF_SIZE<sp/>1024</highlight><highlight class="normal"></highlight></codeline>
<codeline lineno="8"><highlight class="normal"></highlight></codeline>
<codeline lineno="9"><highlight class="normal"></highlight><highlight class="keywordtype">void</highlight><highlight class="normal"><sp/>imprimePeca(CASA<sp/>c,<sp/>FILE<sp/>*fp){</highlight></codeline>
<codeline lineno="10"><highlight class="normal"><sp/><sp/><sp/><sp/>fprintf(fp,</highlight><highlight class="stringliteral">&quot;%c<sp/>&quot;</highlight><highlight class="normal">,c);</highlight></codeline>
<codeline lineno="11"><highlight class="normal">}</highlight></codeline>
<codeline lineno="12"><highlight class="normal"></highlight></codeline>
<codeline lineno="13"><highlight class="normal"></highlight><highlight class="keywordtype">void</highlight><highlight class="normal"><sp/>imprimeErro<sp/>(ERRO<sp/>e,<sp/>FILE<sp/>*fp){</highlight></codeline>
<codeline lineno="14"><highlight class="normal"><sp/><sp/><sp/><sp/></highlight><highlight class="keywordflow">if</highlight><highlight class="normal"><sp/>(e<sp/>==<sp/>ERRO_ABRIR_FICHEIRO)</highlight></codeline>
<codeline lineno="15"><highlight class="normal"><sp/><sp/><sp/><sp/><sp/><sp/><sp/><sp/>fprintf(fp,<sp/></highlight><highlight class="stringliteral">&quot;Erro<sp/>a<sp/>abrir<sp/>ficheiro&quot;</highlight><highlight class="normal">);</highlight></codeline>
<codeline lineno="16"><highlight class="normal"><sp/><sp/><sp/><sp/></highlight><highlight class="keywordflow">else</highlight><highlight class="normal"><sp/></highlight><highlight class="keywordflow">if</highlight><highlight class="normal"><sp/>(e<sp/>==<sp/>OK)</highlight></codeline>
<codeline lineno="17"><highlight class="normal"><sp/><sp/><sp/><sp/><sp/><sp/><sp/><sp/>fprintf(fp,<sp/></highlight><highlight class="stringliteral">&quot;OK&quot;</highlight><highlight class="normal">);</highlight></codeline>
<codeline lineno="18"><highlight class="normal"><sp/><sp/><sp/><sp/></highlight><highlight class="keywordflow">else</highlight><highlight class="normal"><sp/></highlight><highlight class="keywordflow">if</highlight><highlight class="normal"><sp/>(e<sp/>==<sp/>ERRO_LER_TAB)</highlight></codeline>
<codeline lineno="19"><highlight class="normal"><sp/><sp/><sp/><sp/><sp/><sp/><sp/><sp/>fprintf(fp,<sp/></highlight><highlight class="stringliteral">&quot;Erro<sp/>a<sp/>ler<sp/>tabuleiro&quot;</highlight><highlight class="normal">);</highlight></codeline>
<codeline lineno="20"><highlight class="normal"><sp/><sp/><sp/><sp/></highlight><highlight class="keywordflow">else</highlight><highlight class="normal"><sp/></highlight><highlight class="keywordflow">if</highlight><highlight class="normal"><sp/>(e<sp/>==<sp/>COORDENADA_INVALIDA)</highlight></codeline>
<codeline lineno="21"><highlight class="normal"><sp/><sp/><sp/><sp/><sp/><sp/><sp/><sp/>fprintf(fp,<sp/></highlight><highlight class="stringliteral">&quot;Introduzida<sp/>coordenada<sp/>inválida&quot;</highlight><highlight class="normal">);</highlight></codeline>
<codeline lineno="22"><highlight class="normal"><sp/><sp/><sp/><sp/></highlight><highlight class="keywordflow">else</highlight><highlight class="normal"><sp/></highlight><highlight class="keywordflow">if</highlight><highlight class="normal"><sp/>(e<sp/>==<sp/>JOGADA_INVALIDA)</highlight></codeline>
<codeline lineno="23"><highlight class="normal"><sp/><sp/><sp/><sp/><sp/><sp/><sp/><sp/>fprintf(fp,<sp/></highlight><highlight class="stringliteral">&quot;Jogada<sp/>inválida&quot;</highlight><highlight class="normal">);</highlight></codeline>
<codeline lineno="24"><highlight class="normal">}</highlight></codeline>
<codeline lineno="25"><highlight class="normal"></highlight></codeline>
<codeline lineno="26"><highlight class="normal"></highlight><highlight class="keywordtype">void</highlight><highlight class="normal"><sp/>mostrar_tabuleiro(<ref refid="struct_e_s_t_a_d_o" kindref="compound">ESTADO</ref><sp/>*e,<sp/>FILE<sp/>*fp)<sp/>{</highlight></codeline>
<codeline lineno="27"><highlight class="normal"><sp/><sp/><sp/><sp/></highlight><highlight class="keywordtype">int</highlight><highlight class="normal"><sp/>i,<sp/>j;</highlight></codeline>
<codeline lineno="28"><highlight class="normal"><sp/><sp/><sp/><sp/></highlight><highlight class="keywordflow">for</highlight><highlight class="normal"><sp/>(i<sp/>=<sp/>0;<sp/>i<sp/>&lt;<sp/>8<sp/>;<sp/>i++)<sp/>{</highlight></codeline>
<codeline lineno="29"><highlight class="normal"><sp/><sp/><sp/><sp/><sp/><sp/><sp/><sp/></highlight><highlight class="keywordtype">int</highlight><highlight class="normal"><sp/>linha<sp/>=<sp/>8<sp/>-<sp/>i;</highlight></codeline>
<codeline lineno="30"><highlight class="normal"><sp/><sp/><sp/><sp/><sp/><sp/><sp/><sp/>fprintf(fp,<sp/></highlight><highlight class="stringliteral">&quot;%d<sp/>&quot;</highlight><highlight class="normal">,linha);</highlight></codeline>
<codeline lineno="31"><highlight class="normal"><sp/><sp/><sp/><sp/><sp/><sp/><sp/><sp/></highlight><highlight class="keywordflow">for</highlight><highlight class="normal"><sp/>(j<sp/>=<sp/>0;<sp/>j<sp/>&lt;<sp/>8;<sp/>j++)<sp/>{</highlight></codeline>
<codeline lineno="32"><highlight class="normal"><sp/><sp/><sp/><sp/><sp/><sp/><sp/><sp/><sp/><sp/><sp/><sp/><ref refid="struct_c_o_o_r_d_e_n_a_d_a" kindref="compound">COORDENADA</ref><sp/>c<sp/>=<sp/>{j,<sp/>i};</highlight></codeline>
<codeline lineno="33"><highlight class="normal"><sp/><sp/><sp/><sp/><sp/><sp/><sp/><sp/><sp/><sp/><sp/><sp/>CASA<sp/>casa<sp/>=<sp/>obter_estado_casa(e,c);</highlight></codeline>
<codeline lineno="34"><highlight class="normal"><sp/><sp/><sp/><sp/><sp/><sp/><sp/><sp/><sp/><sp/><sp/><sp/>imprimePeca(casa,<sp/>fp);</highlight></codeline>
<codeline lineno="35"><highlight class="normal"><sp/><sp/><sp/><sp/><sp/><sp/><sp/><sp/>}</highlight></codeline>
<codeline lineno="36"><highlight class="normal"><sp/><sp/><sp/><sp/><sp/><sp/><sp/><sp/>fprintf(fp,<sp/></highlight><highlight class="stringliteral">&quot;\n&quot;</highlight><highlight class="normal">);</highlight></codeline>
<codeline lineno="37"><highlight class="normal"><sp/><sp/><sp/><sp/>}</highlight></codeline>
<codeline lineno="38"><highlight class="normal"><sp/><sp/><sp/><sp/>fprintf(fp,<sp/></highlight><highlight class="stringliteral">&quot;<sp/><sp/>A<sp/>B<sp/>C<sp/>D<sp/>E<sp/>F<sp/>G<sp/>H<sp/>\n&quot;</highlight><highlight class="normal">);</highlight></codeline>
<codeline lineno="39"><highlight class="normal">}</highlight></codeline>
<codeline lineno="40"><highlight class="normal"></highlight></codeline>
<codeline lineno="41"><highlight class="normal"></highlight><highlight class="keywordtype">void</highlight><highlight class="normal"><sp/>mostra_estado(<ref refid="struct_e_s_t_a_d_o" kindref="compound">ESTADO</ref><sp/>*e,FILE<sp/>*fp){</highlight></codeline>
<codeline lineno="42"><highlight class="normal"><sp/><sp/><sp/><sp/>mostrar_tabuleiro(e,fp);</highlight></codeline>
<codeline lineno="43"><highlight class="normal"><sp/><sp/><sp/><sp/>prompt(e,fp);</highlight></codeline>
<codeline lineno="44"><highlight class="normal"><sp/><sp/><sp/><sp/>movs(e,fp);</highlight></codeline>
<codeline lineno="45"><highlight class="normal">}</highlight></codeline>
<codeline lineno="46"><highlight class="normal"></highlight></codeline>
<codeline lineno="47"><highlight class="normal"></highlight><highlight class="keywordtype">void</highlight><highlight class="normal"><sp/>prompt<sp/>(<ref refid="struct_e_s_t_a_d_o" kindref="compound">ESTADO</ref><sp/>*e,<sp/>FILE<sp/>*fp){</highlight></codeline>
<codeline lineno="48"><highlight class="normal"><sp/><sp/><sp/><sp/><ref refid="struct_c_o_o_r_d_e_n_a_d_a" kindref="compound">COORDENADA</ref><sp/>uj<sp/>=<sp/>obter_ultima_jogada(e);</highlight></codeline>
<codeline lineno="49"><highlight class="normal"><sp/><sp/><sp/><sp/>fprintf(fp,</highlight><highlight class="stringliteral">&quot;Número<sp/>de<sp/>Jogadas<sp/>:<sp/>%d<sp/><sp/><sp/>Número<sp/>de<sp/>Comandos<sp/>:<sp/>%d\n&quot;</highlight><highlight class="normal">,obter_numero_de_jogadas(e),obter_num_comandos(e));</highlight></codeline>
<codeline lineno="50"><highlight class="normal"><sp/><sp/><sp/><sp/>fprintf(fp,</highlight><highlight class="stringliteral">&quot;Última<sp/>Jogada<sp/>:<sp/>%c%c<sp/><sp/><sp/><sp/><sp/><sp/>Jogador<sp/>Atual<sp/>:<sp/>%d\n&quot;</highlight><highlight class="normal">,traduz_coluna(uj),traduz_linha(uj),obter_jogador_atual(e));</highlight></codeline>
<codeline lineno="51"><highlight class="normal">}</highlight></codeline>
<codeline lineno="52"><highlight class="normal"></highlight></codeline>
<codeline lineno="53"><highlight class="normal"></highlight></codeline>
<codeline lineno="54"><highlight class="normal"></highlight><highlight class="keywordtype">void</highlight><highlight class="normal"><sp/>movs<sp/>(<ref refid="struct_e_s_t_a_d_o" kindref="compound">ESTADO</ref><sp/>*e,<sp/>FILE<sp/>*fp)<sp/>{</highlight></codeline>
<codeline lineno="55"><highlight class="normal"><sp/><sp/><sp/><sp/></highlight><highlight class="keywordtype">int</highlight><highlight class="normal"><sp/>jogada<sp/>=<sp/>obter_numero_de_jogadas(e);</highlight></codeline>
<codeline lineno="56"><highlight class="normal"><sp/><sp/><sp/><sp/></highlight><highlight class="keywordflow">for</highlight><highlight class="normal"><sp/>(</highlight><highlight class="keywordtype">int</highlight><highlight class="normal"><sp/>i<sp/>=<sp/>0;<sp/>i<sp/>&lt;=<sp/>jogada;<sp/>i++)<sp/>{</highlight></codeline>
<codeline lineno="57"><highlight class="normal"><sp/><sp/><sp/><sp/><sp/><sp/><sp/><sp/></highlight><highlight class="comment">//<sp/>Jogada<sp/>Jogador<sp/>1</highlight><highlight class="normal"></highlight></codeline>
<codeline lineno="58"><highlight class="normal"><sp/><sp/><sp/><sp/><sp/><sp/><sp/><sp/><ref refid="struct_c_o_o_r_d_e_n_a_d_a" kindref="compound">COORDENADA</ref><sp/>j1<sp/>=<sp/>obter_coordjogada(e,i,1);</highlight></codeline>
<codeline lineno="59"><highlight class="normal"><sp/><sp/><sp/><sp/><sp/><sp/><sp/><sp/></highlight><highlight class="keywordtype">char</highlight><highlight class="normal"><sp/>j1l<sp/>=<sp/>traduz_linha(j1);</highlight></codeline>
<codeline lineno="60"><highlight class="normal"><sp/><sp/><sp/><sp/><sp/><sp/><sp/><sp/></highlight><highlight class="keywordtype">char</highlight><highlight class="normal"><sp/>j1c<sp/>=<sp/>traduz_coluna(j1);</highlight></codeline>
<codeline lineno="61"><highlight class="normal"></highlight></codeline>
<codeline lineno="62"><highlight class="normal"><sp/><sp/><sp/><sp/><sp/><sp/><sp/><sp/></highlight><highlight class="comment">//<sp/>Jogada<sp/>Jogador<sp/>2</highlight><highlight class="normal"></highlight></codeline>
<codeline lineno="63"><highlight class="normal"><sp/><sp/><sp/><sp/><sp/><sp/><sp/><sp/><ref refid="struct_c_o_o_r_d_e_n_a_d_a" kindref="compound">COORDENADA</ref><sp/>j2<sp/>=<sp/>obter_coordjogada(e,i,2);</highlight></codeline>
<codeline lineno="64"><highlight class="normal"><sp/><sp/><sp/><sp/><sp/><sp/><sp/><sp/></highlight><highlight class="keywordtype">char</highlight><highlight class="normal"><sp/>j2l<sp/>=<sp/>traduz_linha(j2);</highlight></codeline>
<codeline lineno="65"><highlight class="normal"><sp/><sp/><sp/><sp/><sp/><sp/><sp/><sp/></highlight><highlight class="keywordtype">char</highlight><highlight class="normal"><sp/>j2c<sp/>=<sp/>traduz_coluna(j2);</highlight></codeline>
<codeline lineno="66"><highlight class="normal"></highlight></codeline>
<codeline lineno="67"><highlight class="normal"><sp/><sp/><sp/><sp/><sp/><sp/><sp/><sp/></highlight><highlight class="keywordflow">if</highlight><highlight class="normal"><sp/>(obter_jogador_atual(e)<sp/>==<sp/>2<sp/>&amp;&amp;<sp/>i<sp/>==<sp/>obter_numero_de_jogadas(e))<sp/>{</highlight></codeline>
<codeline lineno="68"><highlight class="normal"><sp/><sp/><sp/><sp/><sp/><sp/><sp/><sp/><sp/><sp/><sp/><sp/></highlight><highlight class="keywordflow">if</highlight><highlight class="normal">(i+1<sp/>&lt;<sp/>10)</highlight></codeline>
<codeline lineno="69"><highlight class="normal"><sp/><sp/><sp/><sp/><sp/><sp/><sp/><sp/><sp/><sp/><sp/><sp/><sp/><sp/><sp/><sp/>fprintf(fp,<sp/></highlight><highlight class="stringliteral">&quot;0%d:&quot;</highlight><highlight class="normal">,<sp/>i+1);</highlight></codeline>
<codeline lineno="70"><highlight class="normal"><sp/><sp/><sp/><sp/><sp/><sp/><sp/><sp/><sp/><sp/><sp/><sp/></highlight><highlight class="keywordflow">else</highlight><highlight class="normal"></highlight></codeline>
<codeline lineno="71"><highlight class="normal"><sp/><sp/><sp/><sp/><sp/><sp/><sp/><sp/><sp/><sp/><sp/><sp/><sp/><sp/><sp/><sp/>fprintf(fp,<sp/></highlight><highlight class="stringliteral">&quot;%d:&quot;</highlight><highlight class="normal">,<sp/>i+1);</highlight></codeline>
<codeline lineno="72"><highlight class="normal"><sp/><sp/><sp/><sp/><sp/><sp/><sp/><sp/><sp/><sp/><sp/><sp/>fprintf(fp,<sp/></highlight><highlight class="stringliteral">&quot;<sp/>%c%c\n&quot;</highlight><highlight class="normal">,<sp/>j1c,<sp/>j1l);</highlight></codeline>
<codeline lineno="73"><highlight class="normal"></highlight></codeline>
<codeline lineno="74"><highlight class="normal"><sp/><sp/><sp/><sp/><sp/><sp/><sp/><sp/>}</highlight></codeline>
<codeline lineno="75"><highlight class="normal"><sp/><sp/><sp/><sp/><sp/><sp/><sp/><sp/></highlight><highlight class="keywordflow">else</highlight><highlight class="normal"></highlight></codeline>
<codeline lineno="76"><highlight class="normal"><sp/><sp/><sp/><sp/><sp/><sp/><sp/><sp/></highlight><highlight class="keywordflow">if</highlight><highlight class="normal">(obter_jogador_atual(e)<sp/>==<sp/>1<sp/>&amp;&amp;<sp/>i<sp/>==<sp/>obter_numero_de_jogadas(e)){</highlight></codeline>
<codeline lineno="77"><highlight class="normal"></highlight></codeline>
<codeline lineno="78"><highlight class="normal"><sp/><sp/><sp/><sp/><sp/><sp/><sp/><sp/>}</highlight><highlight class="keywordflow">else</highlight><highlight class="normal"><sp/>{</highlight></codeline>
<codeline lineno="79"><highlight class="normal"><sp/><sp/><sp/><sp/><sp/><sp/><sp/><sp/><sp/><sp/><sp/><sp/></highlight><highlight class="keywordflow">if</highlight><highlight class="normal">(i+1<sp/>&lt;<sp/>10)</highlight></codeline>
<codeline lineno="80"><highlight class="normal"><sp/><sp/><sp/><sp/><sp/><sp/><sp/><sp/><sp/><sp/><sp/><sp/><sp/><sp/><sp/><sp/>fprintf(fp,<sp/></highlight><highlight class="stringliteral">&quot;0%d:&quot;</highlight><highlight class="normal">,<sp/>i+1);</highlight></codeline>
<codeline lineno="81"><highlight class="normal"><sp/><sp/><sp/><sp/><sp/><sp/><sp/><sp/><sp/><sp/><sp/><sp/></highlight><highlight class="keywordflow">else</highlight><highlight class="normal"></highlight></codeline>
<codeline lineno="82"><highlight class="normal"><sp/><sp/><sp/><sp/><sp/><sp/><sp/><sp/><sp/><sp/><sp/><sp/><sp/><sp/><sp/><sp/>fprintf(fp,<sp/></highlight><highlight class="stringliteral">&quot;%d:&quot;</highlight><highlight class="normal">,<sp/>i+1);</highlight></codeline>
<codeline lineno="83"><highlight class="normal"><sp/><sp/><sp/><sp/><sp/><sp/><sp/><sp/><sp/><sp/><sp/><sp/>fprintf(fp,<sp/></highlight><highlight class="stringliteral">&quot;<sp/>%c%c<sp/>%c%c\n&quot;</highlight><highlight class="normal">,<sp/>j1c,<sp/>j1l,<sp/>j2c,<sp/>j2l);</highlight></codeline>
<codeline lineno="84"><highlight class="normal"><sp/><sp/><sp/><sp/><sp/><sp/><sp/><sp/>}</highlight></codeline>
<codeline lineno="85"><highlight class="normal"><sp/><sp/><sp/><sp/>}</highlight></codeline>
<codeline lineno="86"><highlight class="normal">}</highlight></codeline>
<codeline lineno="87"><highlight class="normal"></highlight></codeline>
<codeline lineno="88"><highlight class="normal"></highlight><highlight class="comment">//Função<sp/>que<sp/>grava<sp/>o<sp/>estado<sp/>do<sp/>tabuleiro<sp/>num<sp/>ficheiro</highlight><highlight class="normal"></highlight></codeline>
<codeline lineno="89"><highlight class="normal">ERRO<sp/>gravar(<ref refid="struct_e_s_t_a_d_o" kindref="compound">ESTADO</ref><sp/>*e,<sp/></highlight><highlight class="keywordtype">char</highlight><highlight class="normal"><sp/>*fn)<sp/>{</highlight></codeline>
<codeline lineno="90"><highlight class="normal"><sp/><sp/><sp/><sp/>FILE<sp/>*fp;</highlight></codeline>
<codeline lineno="91"><highlight class="normal"><sp/><sp/><sp/><sp/>fp<sp/>=<sp/>fopen(fn,<sp/></highlight><highlight class="stringliteral">&quot;w+&quot;</highlight><highlight class="normal">);</highlight></codeline>
<codeline lineno="92"><highlight class="normal"><sp/><sp/><sp/><sp/></highlight><highlight class="keywordflow">if</highlight><highlight class="normal"><sp/>(fp<sp/>==<sp/>NULL)</highlight></codeline>
<codeline lineno="93"><highlight class="normal"><sp/><sp/><sp/><sp/><sp/><sp/><sp/><sp/></highlight><highlight class="keywordflow">return</highlight><highlight class="normal"><sp/>ERRO_GRAVAR;</highlight></codeline>
<codeline lineno="94"><highlight class="normal"><sp/><sp/><sp/><sp/></highlight><highlight class="keywordflow">else</highlight><highlight class="normal"><sp/>{</highlight></codeline>
<codeline lineno="95"><highlight class="normal"><sp/><sp/><sp/><sp/><sp/><sp/><sp/><sp/></highlight><highlight class="keywordflow">for</highlight><highlight class="normal"><sp/>(</highlight><highlight class="keywordtype">int</highlight><highlight class="normal"><sp/>i<sp/>=<sp/>0;<sp/>i<sp/>&lt;<sp/>8<sp/>;<sp/>i++)<sp/>{</highlight></codeline>
<codeline lineno="96"><highlight class="normal"><sp/><sp/><sp/><sp/><sp/><sp/><sp/><sp/><sp/><sp/><sp/><sp/></highlight><highlight class="keywordflow">for</highlight><highlight class="normal"><sp/>(</highlight><highlight class="keywordtype">int</highlight><highlight class="normal"><sp/>j<sp/>=<sp/>0;<sp/>j<sp/>&lt;<sp/>8;<sp/>j++)<sp/>{</highlight></codeline>
<codeline lineno="97"><highlight class="normal"><sp/><sp/><sp/><sp/><sp/><sp/><sp/><sp/><sp/><sp/><sp/><sp/><sp/><sp/><sp/><sp/><ref refid="struct_c_o_o_r_d_e_n_a_d_a" kindref="compound">COORDENADA</ref><sp/>c<sp/>=<sp/>{j,<sp/>i};</highlight></codeline>
<codeline lineno="98"><highlight class="normal"><sp/><sp/><sp/><sp/><sp/><sp/><sp/><sp/><sp/><sp/><sp/><sp/><sp/><sp/><sp/><sp/>CASA<sp/>casa<sp/>=<sp/>obter_estado_casa(e,<sp/>c);</highlight></codeline>
<codeline lineno="99"><highlight class="normal"><sp/><sp/><sp/><sp/><sp/><sp/><sp/><sp/><sp/><sp/><sp/><sp/><sp/><sp/><sp/><sp/>fprintf(fp,<sp/></highlight><highlight class="stringliteral">&quot;%c&quot;</highlight><highlight class="normal">,<sp/>casa);</highlight></codeline>
<codeline lineno="100"><highlight class="normal"><sp/><sp/><sp/><sp/><sp/><sp/><sp/><sp/><sp/><sp/><sp/><sp/>}</highlight></codeline>
<codeline lineno="101"><highlight class="normal"><sp/><sp/><sp/><sp/><sp/><sp/><sp/><sp/><sp/><sp/><sp/><sp/>fprintf(fp,<sp/></highlight><highlight class="stringliteral">&quot;\n&quot;</highlight><highlight class="normal">);</highlight></codeline>
<codeline lineno="102"><highlight class="normal"><sp/><sp/><sp/><sp/><sp/><sp/><sp/><sp/>}</highlight></codeline>
<codeline lineno="103"><highlight class="normal"><sp/><sp/><sp/><sp/><sp/><sp/><sp/><sp/>fprintf(fp,<sp/></highlight><highlight class="stringliteral">&quot;\n&quot;</highlight><highlight class="normal">);</highlight></codeline>
<codeline lineno="104"><highlight class="normal"><sp/><sp/><sp/><sp/><sp/><sp/><sp/><sp/>movs(e,fp);</highlight></codeline>
<codeline lineno="105"><highlight class="normal"></highlight></codeline>
<codeline lineno="106"><highlight class="normal"><sp/><sp/><sp/><sp/>}</highlight></codeline>
<codeline lineno="107"><highlight class="normal"><sp/><sp/><sp/><sp/>fclose(fp);</highlight></codeline>
<codeline lineno="108"><highlight class="normal"><sp/><sp/><sp/><sp/></highlight><highlight class="keywordflow">return</highlight><highlight class="normal"><sp/>OK;</highlight></codeline>
<codeline lineno="109"><highlight class="normal"></highlight></codeline>
<codeline lineno="110"><highlight class="normal">}</highlight></codeline>
<codeline lineno="111"><highlight class="normal"></highlight></codeline>
<codeline lineno="112"><highlight class="normal">ERRO<sp/>ler_tabuleiro(<ref refid="struct_e_s_t_a_d_o" kindref="compound">ESTADO</ref><sp/>*e,<sp/>FILE*<sp/>fp){</highlight></codeline>
<codeline lineno="113"><highlight class="normal"><sp/><sp/><sp/><sp/></highlight><highlight class="keywordtype">char</highlight><highlight class="normal"><sp/>a[BUF_SIZE];</highlight></codeline>
<codeline lineno="114"><highlight class="normal"><sp/><sp/><sp/><sp/><ref refid="struct_c_o_o_r_d_e_n_a_d_a" kindref="compound">COORDENADA</ref><sp/>c<sp/>=<sp/>{-1,-1};</highlight></codeline>
<codeline lineno="115"><highlight class="normal"><sp/><sp/><sp/><sp/></highlight><highlight class="keywordflow">if</highlight><highlight class="normal"><sp/>(fp<sp/>==<sp/>NULL)</highlight></codeline>
<codeline lineno="116"><highlight class="normal"><sp/><sp/><sp/><sp/><sp/><sp/><sp/><sp/></highlight><highlight class="keywordflow">return</highlight><highlight class="normal"><sp/>ERRO_ABRIR_FICHEIRO;</highlight></codeline>
<codeline lineno="117"><highlight class="normal"><sp/><sp/><sp/><sp/></highlight><highlight class="keywordflow">else</highlight><highlight class="normal"><sp/>{</highlight></codeline>
<codeline lineno="118"><highlight class="normal"><sp/><sp/><sp/><sp/><sp/><sp/><sp/><sp/></highlight><highlight class="keywordflow">for</highlight><highlight class="normal"><sp/>(c.<ref refid="struct_c_o_o_r_d_e_n_a_d_a_1a369e9a4d96b7450bbc640fe737db2977" kindref="member">linha</ref><sp/>=<sp/>0;<sp/>c.<ref refid="struct_c_o_o_r_d_e_n_a_d_a_1a369e9a4d96b7450bbc640fe737db2977" kindref="member">linha</ref><sp/>&lt;<sp/>8<sp/>&amp;&amp;<sp/>fgets(a,BUF_SIZE,fp);<sp/>c.<ref refid="struct_c_o_o_r_d_e_n_a_d_a_1a369e9a4d96b7450bbc640fe737db2977" kindref="member">linha</ref>++)<sp/>{</highlight></codeline>
<codeline lineno="119"><highlight class="normal"><sp/><sp/><sp/><sp/><sp/><sp/><sp/><sp/><sp/><sp/><sp/><sp/></highlight><highlight class="keywordflow">for</highlight><highlight class="normal"><sp/>(c.<ref refid="struct_c_o_o_r_d_e_n_a_d_a_1ac241af99d2fb991831964fb94b86c7de" kindref="member">coluna</ref><sp/>=<sp/>0;<sp/>c.<ref refid="struct_c_o_o_r_d_e_n_a_d_a_1ac241af99d2fb991831964fb94b86c7de" kindref="member">coluna</ref><sp/>&lt;<sp/>8;<sp/>c.<ref refid="struct_c_o_o_r_d_e_n_a_d_a_1ac241af99d2fb991831964fb94b86c7de" kindref="member">coluna</ref>++)<sp/>{</highlight></codeline>
<codeline lineno="120"><highlight class="normal"><sp/><sp/><sp/><sp/><sp/><sp/><sp/><sp/><sp/><sp/><sp/><sp/><sp/><sp/><sp/><sp/>set_casa(e,c,a[c.<ref refid="struct_c_o_o_r_d_e_n_a_d_a_1ac241af99d2fb991831964fb94b86c7de" kindref="member">coluna</ref>]);</highlight></codeline>
<codeline lineno="121"><highlight class="normal"><sp/><sp/><sp/><sp/><sp/><sp/><sp/><sp/><sp/><sp/><sp/><sp/><sp/><sp/><sp/><sp/></highlight><highlight class="keywordflow">if</highlight><highlight class="normal">(a[c.<ref refid="struct_c_o_o_r_d_e_n_a_d_a_1ac241af99d2fb991831964fb94b86c7de" kindref="member">coluna</ref>]<sp/>==<sp/></highlight><highlight class="charliteral">&apos;*&apos;</highlight><highlight class="normal">)</highlight></codeline>
<codeline lineno="122"><highlight class="normal"><sp/><sp/><sp/><sp/><sp/><sp/><sp/><sp/><sp/><sp/><sp/><sp/><sp/><sp/><sp/><sp/><sp/><sp/><sp/><sp/>atualiza_ultima_jogada(e,c);</highlight></codeline>
<codeline lineno="123"><highlight class="normal"><sp/><sp/><sp/><sp/><sp/><sp/><sp/><sp/><sp/><sp/><sp/><sp/>}</highlight></codeline>
<codeline lineno="124"><highlight class="normal"><sp/><sp/><sp/><sp/><sp/><sp/><sp/><sp/>}</highlight></codeline>
<codeline lineno="125"><highlight class="normal"><sp/><sp/><sp/><sp/><sp/><sp/><sp/><sp/></highlight><highlight class="keywordflow">if</highlight><highlight class="normal">(fgets(a,BUF_SIZE,fp)){}</highlight></codeline>
<codeline lineno="126"><highlight class="normal"><sp/><sp/><sp/><sp/>}</highlight></codeline>
<codeline lineno="127"><highlight class="normal"><sp/><sp/><sp/><sp/></highlight><highlight class="keywordflow">return</highlight><highlight class="normal"><sp/>OK;</highlight></codeline>
<codeline lineno="128"><highlight class="normal">}</highlight></codeline>
<codeline lineno="129"><highlight class="normal"></highlight></codeline>
<codeline lineno="130"><highlight class="normal">ERRO<sp/>ler_jogadas(<ref refid="struct_e_s_t_a_d_o" kindref="compound">ESTADO</ref><sp/>*e,FILE<sp/>*fp){</highlight></codeline>
<codeline lineno="131"><highlight class="normal"><sp/><sp/><sp/><sp/>clear_jogadas(e);</highlight></codeline>
<codeline lineno="132"><highlight class="normal"><sp/><sp/><sp/><sp/></highlight><highlight class="keywordtype">int</highlight><highlight class="normal"><sp/>nj<sp/>=<sp/>0,<sp/>ja<sp/>=<sp/>1,<sp/>l1,<sp/>l2,<sp/>nv;</highlight></codeline>
<codeline lineno="133"><highlight class="normal"><sp/><sp/><sp/><sp/></highlight><highlight class="keywordtype">char</highlight><highlight class="normal"><sp/>c1[2],<sp/>c2[2];</highlight></codeline>
<codeline lineno="134"><highlight class="normal"><sp/><sp/><sp/><sp/></highlight><highlight class="keywordflow">while</highlight><highlight class="normal"><sp/>((nv<sp/>=<sp/>(fscanf(fp,<sp/></highlight><highlight class="stringliteral">&quot;%02d:<sp/>%c%d<sp/>%c%d&quot;</highlight><highlight class="normal">,<sp/>&amp;nj,<sp/>c1,<sp/>&amp;l1,<sp/>c2,<sp/>&amp;l2)))<sp/>!=<sp/>EOF)<sp/>{</highlight></codeline>
<codeline lineno="135"><highlight class="normal"><sp/><sp/><sp/><sp/><sp/><sp/><sp/><sp/><ref refid="struct_c_o_o_r_d_e_n_a_d_a" kindref="compound">COORDENADA</ref><sp/>j1=<sp/>{*c1<sp/>-<sp/></highlight><highlight class="charliteral">&apos;a&apos;</highlight><highlight class="normal">,<sp/>l1<sp/>-<sp/>1},<sp/>j2<sp/>=<sp/>{*c2<sp/>-<sp/></highlight><highlight class="charliteral">&apos;a&apos;</highlight><highlight class="normal">,<sp/>l2<sp/>-<sp/>1};</highlight></codeline>
<codeline lineno="136"><highlight class="normal"><sp/><sp/><sp/><sp/><sp/><sp/><sp/><sp/><ref refid="struct_c_o_o_r_d_e_n_a_d_a" kindref="compound">COORDENADA</ref><sp/>nula<sp/>=<sp/>{-1,-1};</highlight></codeline>
<codeline lineno="137"><highlight class="normal"><sp/><sp/><sp/><sp/><sp/><sp/><sp/><sp/>j1<sp/>=<sp/>converte_coordenada(j1);</highlight></codeline>
<codeline lineno="138"><highlight class="normal"><sp/><sp/><sp/><sp/><sp/><sp/><sp/><sp/>j2<sp/>=<sp/>converte_coordenada(j2);</highlight></codeline>
<codeline lineno="139"><highlight class="normal"><sp/><sp/><sp/><sp/><sp/><sp/><sp/><sp/></highlight><highlight class="keywordflow">if</highlight><highlight class="normal"><sp/>(nv<sp/>==<sp/>5)<sp/>{</highlight></codeline>
<codeline lineno="140"><highlight class="normal"><sp/><sp/><sp/><sp/><sp/><sp/><sp/><sp/><sp/><sp/><sp/><sp/>set_jogadas(e,nj,j1,j2);</highlight></codeline>
<codeline lineno="141"><highlight class="normal"><sp/><sp/><sp/><sp/><sp/><sp/><sp/><sp/><sp/><sp/><sp/><sp/>ja<sp/>=<sp/>1;</highlight></codeline>
<codeline lineno="142"><highlight class="normal"><sp/><sp/><sp/><sp/><sp/><sp/><sp/><sp/><sp/><sp/><sp/><sp/>nj++;</highlight></codeline>
<codeline lineno="143"><highlight class="normal"><sp/><sp/><sp/><sp/><sp/><sp/><sp/><sp/>}</highlight><highlight class="keywordflow">else</highlight><highlight class="normal">{</highlight></codeline>
<codeline lineno="144"><highlight class="normal"><sp/><sp/><sp/><sp/><sp/><sp/><sp/><sp/><sp/><sp/><sp/><sp/>set_jogadas(e,nj,j1,nula);</highlight></codeline>
<codeline lineno="145"><highlight class="normal"><sp/><sp/><sp/><sp/><sp/><sp/><sp/><sp/><sp/><sp/><sp/><sp/>ja<sp/>=<sp/>2;</highlight></codeline>
<codeline lineno="146"><highlight class="normal"><sp/><sp/><sp/><sp/><sp/><sp/><sp/><sp/>}</highlight></codeline>
<codeline lineno="147"><highlight class="normal"><sp/><sp/><sp/><sp/>}</highlight></codeline>
<codeline lineno="148"><highlight class="normal"><sp/><sp/><sp/><sp/>atualiza_numero_jogadas(e,nj-1);</highlight></codeline>
<codeline lineno="149"><highlight class="normal"><sp/><sp/><sp/><sp/>atualiza_jogador(e,ja);</highlight></codeline>
<codeline lineno="150"><highlight class="normal"></highlight></codeline>
<codeline lineno="151"><highlight class="normal"><sp/><sp/><sp/><sp/>fclose(fp);</highlight></codeline>
<codeline lineno="152"><highlight class="normal"><sp/><sp/><sp/><sp/></highlight><highlight class="keywordflow">return</highlight><highlight class="normal"><sp/>OK;</highlight></codeline>
<codeline lineno="153"><highlight class="normal">}</highlight></codeline>
<codeline lineno="154"><highlight class="normal"></highlight></codeline>
<codeline lineno="155"><highlight class="normal">ERRO<sp/>ler<sp/>(<ref refid="struct_e_s_t_a_d_o" kindref="compound">ESTADO</ref><sp/>*e,<sp/></highlight><highlight class="keywordtype">char</highlight><highlight class="normal"><sp/>*fn){</highlight></codeline>
<codeline lineno="156"><highlight class="normal"><sp/><sp/><sp/><sp/>FILE<sp/>*fp;</highlight></codeline>
<codeline lineno="157"><highlight class="normal"><sp/><sp/><sp/><sp/>fp<sp/>=<sp/>fopen(fn,</highlight><highlight class="stringliteral">&quot;a+&quot;</highlight><highlight class="normal">);</highlight></codeline>
<codeline lineno="158"><highlight class="normal"><sp/><sp/><sp/><sp/></highlight><highlight class="keywordtype">char</highlight><highlight class="normal"><sp/>a[BUF_SIZE];</highlight></codeline>
<codeline lineno="159"><highlight class="normal"><sp/><sp/><sp/><sp/></highlight><highlight class="keywordflow">while</highlight><highlight class="normal"><sp/>(fgets(a,BUF_SIZE,fp)<sp/>!=<sp/>NULL);</highlight></codeline>
<codeline lineno="160"><highlight class="normal"><sp/><sp/><sp/><sp/>fseek(fp,0,SEEK_SET);</highlight></codeline>
<codeline lineno="161"><highlight class="normal"><sp/><sp/><sp/><sp/>ler_tabuleiro(e,fp);</highlight></codeline>
<codeline lineno="162"><highlight class="normal"><sp/><sp/><sp/><sp/>ler_jogadas(e,fp);</highlight></codeline>
<codeline lineno="163"><highlight class="normal"><sp/><sp/><sp/><sp/></highlight><highlight class="keywordflow">return</highlight><highlight class="normal"><sp/>OK;</highlight></codeline>
<codeline lineno="164"><highlight class="normal">}</highlight></codeline>
<codeline lineno="165"><highlight class="normal"></highlight></codeline>
<codeline lineno="166"><highlight class="normal"></highlight></codeline>
<codeline lineno="167"><highlight class="normal"></highlight></codeline>
<codeline lineno="168"><highlight class="normal"></highlight><highlight class="keywordtype">int</highlight><highlight class="normal"><sp/>interpretador(<ref refid="struct_e_s_t_a_d_o" kindref="compound">ESTADO</ref><sp/>*e)</highlight></codeline>
<codeline lineno="169"><highlight class="normal">{</highlight></codeline>
<codeline lineno="170"><highlight class="normal"><sp/><sp/><sp/><sp/>mostrar_tabuleiro(e,<sp/>stdout);</highlight></codeline>
<codeline lineno="171"><highlight class="normal"><sp/><sp/><sp/><sp/>printf(</highlight><highlight class="stringliteral">&quot;<sp/><sp/>---------------\n&quot;</highlight><highlight class="normal">);</highlight></codeline>
<codeline lineno="172"><highlight class="normal"><sp/><sp/><sp/><sp/>prompt(e,<sp/>stdout);</highlight></codeline>
<codeline lineno="173"><highlight class="normal"><sp/><sp/><sp/><sp/><ref refid="struct_c_o_o_r_d_e_n_a_d_a" kindref="compound">COORDENADA</ref><sp/>c;</highlight></codeline>
<codeline lineno="174"><highlight class="normal"></highlight></codeline>
<codeline lineno="175"><highlight class="normal"><sp/><sp/><sp/><sp/>COMANDO<sp/>ultimo_comando<sp/>=<sp/>JOGAR;</highlight></codeline>
<codeline lineno="176"><highlight class="normal"><sp/><sp/><sp/><sp/><ref refid="struct_e_s_t_a_d_o" kindref="compound">ESTADO</ref><sp/>*estado_pos<sp/>=<sp/>NULL;</highlight></codeline>
<codeline lineno="177"><highlight class="normal"></highlight></codeline>
<codeline lineno="178"><highlight class="normal"><sp/><sp/><sp/><sp/></highlight><highlight class="keywordflow">while</highlight><highlight class="normal">(fim_de_jogo(e)==0)</highlight></codeline>
<codeline lineno="179"><highlight class="normal"><sp/><sp/><sp/><sp/>{</highlight></codeline>
<codeline lineno="180"><highlight class="normal"><sp/><sp/><sp/><sp/><sp/><sp/><sp/><sp/></highlight><highlight class="keywordtype">char</highlight><highlight class="normal"><sp/>linha[BUF_SIZE];</highlight></codeline>
<codeline lineno="181"><highlight class="normal"><sp/><sp/><sp/><sp/><sp/><sp/><sp/><sp/></highlight><highlight class="keywordtype">char</highlight><highlight class="normal"><sp/>col[2],<sp/>lin[2];</highlight></codeline>
<codeline lineno="182"><highlight class="normal"><sp/><sp/><sp/><sp/><sp/><sp/><sp/><sp/></highlight><highlight class="keywordtype">char</highlight><highlight class="normal"><sp/>filename[4];</highlight></codeline>
<codeline lineno="183"><highlight class="normal"><sp/><sp/><sp/><sp/><sp/><sp/><sp/><sp/></highlight><highlight class="keywordtype">int</highlight><highlight class="normal"><sp/>jogada;</highlight></codeline>
<codeline lineno="184"><highlight class="normal"><sp/><sp/><sp/><sp/><sp/><sp/><sp/><sp/>ERRO<sp/>erro;</highlight></codeline>
<codeline lineno="185"><highlight class="normal"></highlight></codeline>
<codeline lineno="186"><highlight class="normal"><sp/><sp/><sp/><sp/><sp/><sp/><sp/><sp/></highlight><highlight class="keywordflow">if</highlight><highlight class="normal"><sp/>(fgets(linha,<sp/>BUF_SIZE,<sp/>stdin)<sp/>==<sp/>NULL)</highlight></codeline>
<codeline lineno="187"><highlight class="normal"><sp/><sp/><sp/><sp/><sp/><sp/><sp/><sp/><sp/><sp/><sp/><sp/></highlight><highlight class="keywordflow">return</highlight><highlight class="normal"><sp/>0;</highlight></codeline>
<codeline lineno="188"><highlight class="normal"></highlight></codeline>
<codeline lineno="189"><highlight class="normal"><sp/><sp/><sp/><sp/><sp/><sp/><sp/><sp/></highlight><highlight class="keywordflow">else</highlight><highlight class="normal"><sp/></highlight><highlight class="keywordflow">if</highlight><highlight class="normal"><sp/>(strlen(linha)<sp/>==<sp/>3<sp/>&amp;&amp;<sp/>sscanf(linha,<sp/></highlight><highlight class="stringliteral">&quot;%[a-h]%[1-8]&quot;</highlight><highlight class="normal">,<sp/>col,<sp/>lin)<sp/>==<sp/>2)</highlight></codeline>
<codeline lineno="190"><highlight class="normal"><sp/><sp/><sp/><sp/><sp/><sp/><sp/><sp/>{</highlight></codeline>
<codeline lineno="191"><highlight class="normal"><sp/><sp/><sp/><sp/><sp/><sp/><sp/><sp/><sp/><sp/><sp/><sp/>fprintf(stdout,</highlight><highlight class="stringliteral">&quot;Introduza<sp/>uma<sp/>nova<sp/>jogada\n&quot;</highlight><highlight class="normal">);</highlight></codeline>
<codeline lineno="192"><highlight class="normal"><sp/><sp/><sp/><sp/><sp/><sp/><sp/><sp/><sp/><sp/><sp/><sp/><ref refid="struct_c_o_o_r_d_e_n_a_d_a" kindref="compound">COORDENADA</ref><sp/>coord<sp/>=<sp/>{*col<sp/>-<sp/></highlight><highlight class="charliteral">&apos;a&apos;</highlight><highlight class="normal">,<sp/>*lin<sp/>-<sp/></highlight><highlight class="charliteral">&apos;1&apos;</highlight><highlight class="normal">};</highlight></codeline>
<codeline lineno="193"><highlight class="normal"><sp/><sp/><sp/><sp/><sp/><sp/><sp/><sp/><sp/><sp/><sp/><sp/>coord<sp/>=<sp/>converte_coordenada(coord);</highlight></codeline>
<codeline lineno="194"><highlight class="normal"><sp/><sp/><sp/><sp/><sp/><sp/><sp/><sp/><sp/><sp/><sp/><sp/></highlight><highlight class="keywordflow">if</highlight><highlight class="normal"><sp/>(ultimo_comando<sp/>==<sp/>POS)<sp/>{</highlight></codeline>
<codeline lineno="195"><highlight class="normal"><sp/><sp/><sp/><sp/><sp/><sp/><sp/><sp/><sp/><sp/><sp/><sp/><sp/><sp/><sp/><sp/>*e<sp/>=<sp/>*estado_pos;</highlight></codeline>
<codeline lineno="196"><highlight class="normal"><sp/><sp/><sp/><sp/><sp/><sp/><sp/><sp/><sp/><sp/><sp/><sp/>}</highlight></codeline>
<codeline lineno="197"><highlight class="normal"><sp/><sp/><sp/><sp/><sp/><sp/><sp/><sp/><sp/><sp/><sp/><sp/>e<sp/>=<sp/>jogar(e,<sp/>coord);</highlight></codeline>
<codeline lineno="198"><highlight class="normal"><sp/><sp/><sp/><sp/><sp/><sp/><sp/><sp/><sp/><sp/><sp/><sp/>printf(</highlight><highlight class="stringliteral">&quot;Jogar<sp/>%d<sp/>%d\n&quot;</highlight><highlight class="normal">,<sp/>coord.<ref refid="struct_c_o_o_r_d_e_n_a_d_a_1ac241af99d2fb991831964fb94b86c7de" kindref="member">coluna</ref>,<sp/>coord.<ref refid="struct_c_o_o_r_d_e_n_a_d_a_1a369e9a4d96b7450bbc640fe737db2977" kindref="member">linha</ref>);</highlight></codeline>
<codeline lineno="199"><highlight class="normal"><sp/><sp/><sp/><sp/><sp/><sp/><sp/><sp/><sp/><sp/><sp/><sp/>ultimo_comando<sp/>=<sp/>JOGAR;</highlight></codeline>
<codeline lineno="200"><highlight class="normal"><sp/><sp/><sp/><sp/><sp/><sp/><sp/><sp/><sp/><sp/><sp/><sp/>atualiza_num_comando(e,obter_num_comandos(e)+1);</highlight></codeline>
<codeline lineno="201"><highlight class="normal"><sp/><sp/><sp/><sp/><sp/><sp/><sp/><sp/><sp/><sp/><sp/><sp/>mostrar_tabuleiro(e,<sp/>stdout);</highlight></codeline>
<codeline lineno="202"><highlight class="normal"><sp/><sp/><sp/><sp/><sp/><sp/><sp/><sp/><sp/><sp/><sp/><sp/>prompt(e,<sp/>stdout);</highlight></codeline>
<codeline lineno="203"><highlight class="normal"><sp/><sp/><sp/><sp/><sp/><sp/><sp/><sp/>}</highlight></codeline>
<codeline lineno="204"><highlight class="normal"></highlight></codeline>
<codeline lineno="205"><highlight class="normal"><sp/><sp/><sp/><sp/><sp/><sp/><sp/><sp/></highlight><highlight class="keywordflow">else</highlight><highlight class="normal"><sp/></highlight><highlight class="keywordflow">if</highlight><highlight class="normal"><sp/>(sscanf(linha,<sp/></highlight><highlight class="stringliteral">&quot;gr<sp/>%s&quot;</highlight><highlight class="normal">,<sp/>filename)<sp/>==<sp/>1)<sp/>{</highlight></codeline>
<codeline lineno="206"><highlight class="normal"><sp/><sp/><sp/><sp/><sp/><sp/><sp/><sp/><sp/><sp/><sp/><sp/></highlight><highlight class="keywordflow">if</highlight><highlight class="normal"><sp/>((erro<sp/>=<sp/>gravar(e,<sp/>filename))<sp/>==<sp/>OK)<sp/>{</highlight></codeline>
<codeline lineno="207"><highlight class="normal"><sp/><sp/><sp/><sp/><sp/><sp/><sp/><sp/><sp/><sp/><sp/><sp/><sp/><sp/><sp/><sp/>gravar(e,<sp/>filename);</highlight></codeline>
<codeline lineno="208"><highlight class="normal"><sp/><sp/><sp/><sp/><sp/><sp/><sp/><sp/><sp/><sp/><sp/><sp/><sp/><sp/><sp/><sp/>fprintf(stdout,<sp/></highlight><highlight class="stringliteral">&quot;Ficheiro<sp/>guardado<sp/>com<sp/>sucesso.\n&quot;</highlight><highlight class="normal">);</highlight></codeline>
<codeline lineno="209"><highlight class="normal"><sp/><sp/><sp/><sp/><sp/><sp/><sp/><sp/><sp/><sp/><sp/><sp/><sp/><sp/><sp/><sp/>ultimo_comando<sp/>=<sp/>GRAVAR;</highlight></codeline>
<codeline lineno="210"><highlight class="normal"><sp/><sp/><sp/><sp/><sp/><sp/><sp/><sp/><sp/><sp/><sp/><sp/><sp/><sp/><sp/><sp/>atualiza_num_comando(e,obter_num_comandos(e)+1);</highlight></codeline>
<codeline lineno="211"><highlight class="normal"><sp/><sp/><sp/><sp/><sp/><sp/><sp/><sp/><sp/><sp/><sp/><sp/>}<sp/></highlight><highlight class="keywordflow">else</highlight><highlight class="normal"></highlight></codeline>
<codeline lineno="212"><highlight class="normal"><sp/><sp/><sp/><sp/><sp/><sp/><sp/><sp/><sp/><sp/><sp/><sp/><sp/><sp/><sp/><sp/>imprimeErro(erro,<sp/>stdout);</highlight></codeline>
<codeline lineno="213"><highlight class="normal"><sp/><sp/><sp/><sp/><sp/><sp/><sp/><sp/>}</highlight></codeline>
<codeline lineno="214"><highlight class="normal"></highlight></codeline>
<codeline lineno="215"><highlight class="normal"><sp/><sp/><sp/><sp/><sp/><sp/><sp/><sp/></highlight><highlight class="keywordflow">else</highlight><highlight class="normal"><sp/></highlight><highlight class="keywordflow">if</highlight><highlight class="normal"><sp/>(sscanf(linha,<sp/></highlight><highlight class="stringliteral">&quot;ler<sp/>%s&quot;</highlight><highlight class="normal">,<sp/>filename)<sp/>==<sp/>1)<sp/>{</highlight></codeline>
<codeline lineno="216"><highlight class="normal"><sp/><sp/><sp/><sp/><sp/><sp/><sp/><sp/><sp/><sp/><sp/><sp/></highlight><highlight class="keywordflow">if</highlight><highlight class="normal"><sp/>((erro<sp/>=<sp/>ler(e,<sp/>filename))<sp/>==<sp/>OK)<sp/>{</highlight></codeline>
<codeline lineno="217"><highlight class="normal"><sp/><sp/><sp/><sp/><sp/><sp/><sp/><sp/><sp/><sp/><sp/><sp/><sp/><sp/><sp/><sp/>ler(e,<sp/>filename);</highlight></codeline>
<codeline lineno="218"><highlight class="normal"><sp/><sp/><sp/><sp/><sp/><sp/><sp/><sp/><sp/><sp/><sp/><sp/><sp/><sp/><sp/><sp/>atualiza_num_comando(e,obter_num_comandos(e)+1);</highlight></codeline>
<codeline lineno="219"><highlight class="normal"><sp/><sp/><sp/><sp/><sp/><sp/><sp/><sp/><sp/><sp/><sp/><sp/><sp/><sp/><sp/><sp/>mostrar_tabuleiro(e,<sp/>stdout);</highlight></codeline>
<codeline lineno="220"><highlight class="normal"><sp/><sp/><sp/><sp/><sp/><sp/><sp/><sp/><sp/><sp/><sp/><sp/><sp/><sp/><sp/><sp/>prompt(e,<sp/>stdout);</highlight></codeline>
<codeline lineno="221"><highlight class="normal"><sp/><sp/><sp/><sp/><sp/><sp/><sp/><sp/><sp/><sp/><sp/><sp/><sp/><sp/><sp/><sp/>fprintf(stdout,<sp/></highlight><highlight class="stringliteral">&quot;Ficheiro<sp/>lido<sp/>com<sp/>sucesso.\n<sp/>&gt;&gt;&quot;</highlight><highlight class="normal">);</highlight></codeline>
<codeline lineno="222"><highlight class="normal"><sp/><sp/><sp/><sp/><sp/><sp/><sp/><sp/><sp/><sp/><sp/><sp/><sp/><sp/><sp/><sp/>ultimo_comando<sp/>=<sp/>LER;</highlight></codeline>
<codeline lineno="223"><highlight class="normal"><sp/><sp/><sp/><sp/><sp/><sp/><sp/><sp/><sp/><sp/><sp/><sp/>}</highlight><highlight class="keywordflow">else</highlight><highlight class="normal"></highlight></codeline>
<codeline lineno="224"><highlight class="normal"><sp/><sp/><sp/><sp/><sp/><sp/><sp/><sp/><sp/><sp/><sp/><sp/><sp/><sp/><sp/><sp/>imprimeErro(erro,<sp/>stdout);</highlight></codeline>
<codeline lineno="225"><highlight class="normal"><sp/><sp/><sp/><sp/><sp/><sp/><sp/><sp/>}</highlight></codeline>
<codeline lineno="226"><highlight class="normal"></highlight></codeline>
<codeline lineno="227"><highlight class="normal"><sp/><sp/><sp/><sp/><sp/><sp/><sp/><sp/></highlight><highlight class="keywordflow">else</highlight><highlight class="normal"><sp/></highlight><highlight class="keywordflow">if</highlight><highlight class="normal"><sp/>(strcmp(linha,<sp/></highlight><highlight class="stringliteral">&quot;movs\n&quot;</highlight><highlight class="normal">)<sp/>==<sp/>0)<sp/>{</highlight></codeline>
<codeline lineno="228"><highlight class="normal"><sp/><sp/><sp/><sp/><sp/><sp/><sp/><sp/><sp/><sp/><sp/><sp/><sp/><sp/><sp/><sp/>movs(e,stdout);</highlight></codeline>
<codeline lineno="229"><highlight class="normal"><sp/><sp/><sp/><sp/><sp/><sp/><sp/><sp/><sp/><sp/><sp/><sp/><sp/><sp/><sp/><sp/>fprintf(stdout,</highlight><highlight class="stringliteral">&quot;Comando<sp/>movs<sp/>executado<sp/>com<sp/>sucesso.\n&quot;</highlight><highlight class="normal">);</highlight></codeline>
<codeline lineno="230"><highlight class="normal"><sp/><sp/><sp/><sp/><sp/><sp/><sp/><sp/><sp/><sp/><sp/><sp/><sp/><sp/><sp/><sp/>ultimo_comando<sp/>=<sp/>MOVS;</highlight></codeline>
<codeline lineno="231"><highlight class="normal"><sp/><sp/><sp/><sp/><sp/><sp/><sp/><sp/><sp/><sp/><sp/><sp/><sp/><sp/><sp/><sp/>atualiza_num_comando(e,obter_num_comandos(e)+1);</highlight></codeline>
<codeline lineno="232"><highlight class="normal"><sp/><sp/><sp/><sp/><sp/><sp/><sp/><sp/>}</highlight></codeline>
<codeline lineno="233"><highlight class="normal"></highlight></codeline>
<codeline lineno="234"><highlight class="normal"><sp/><sp/><sp/><sp/><sp/><sp/><sp/><sp/></highlight><highlight class="keywordflow">else</highlight><highlight class="normal"><sp/></highlight><highlight class="keywordflow">if</highlight><highlight class="normal"><sp/>(sscanf(linha,<sp/></highlight><highlight class="stringliteral">&quot;pos<sp/>%d&quot;</highlight><highlight class="normal">,<sp/>&amp;jogada)<sp/>==<sp/>1)<sp/>{</highlight></codeline>
<codeline lineno="235"><highlight class="normal"><sp/><sp/><sp/><sp/><sp/><sp/><sp/><sp/><sp/><sp/><sp/><sp/></highlight><highlight class="keywordtype">int</highlight><highlight class="normal"><sp/>ja<sp/>=<sp/>obter_numero_de_jogadas(e);</highlight></codeline>
<codeline lineno="236"><highlight class="normal"><sp/><sp/><sp/><sp/><sp/><sp/><sp/><sp/><sp/><sp/><sp/><sp/></highlight><highlight class="keywordflow">if</highlight><highlight class="normal"><sp/>(jogada<sp/>&gt;<sp/>ja)</highlight></codeline>
<codeline lineno="237"><highlight class="normal"><sp/><sp/><sp/><sp/><sp/><sp/><sp/><sp/><sp/><sp/><sp/><sp/><sp/><sp/><sp/><sp/>fprintf(stdout,<sp/></highlight><highlight class="stringliteral">&quot;Jogada<sp/>%d<sp/>ainda<sp/>não<sp/>realizada.\n&quot;</highlight><highlight class="normal">,<sp/>jogada);</highlight></codeline>
<codeline lineno="238"><highlight class="normal"><sp/><sp/><sp/><sp/><sp/><sp/><sp/><sp/><sp/><sp/><sp/><sp/></highlight><highlight class="keywordflow">else</highlight><highlight class="normal"><sp/>{</highlight></codeline>
<codeline lineno="239"><highlight class="normal"><sp/><sp/><sp/><sp/><sp/><sp/><sp/><sp/><sp/><sp/><sp/><sp/><sp/><sp/><sp/><sp/>estado_pos<sp/>=<sp/>pos(e,<sp/>jogada);</highlight></codeline>
<codeline lineno="240"><highlight class="normal"><sp/><sp/><sp/><sp/><sp/><sp/><sp/><sp/><sp/><sp/><sp/><sp/><sp/><sp/><sp/><sp/>ultimo_comando<sp/>=<sp/>POS;</highlight></codeline>
<codeline lineno="241"><highlight class="normal"><sp/><sp/><sp/><sp/><sp/><sp/><sp/><sp/><sp/><sp/><sp/><sp/><sp/><sp/><sp/><sp/>atualiza_num_comando(e,obter_num_comandos(e)+1);</highlight></codeline>
<codeline lineno="242"><highlight class="normal"><sp/><sp/><sp/><sp/><sp/><sp/><sp/><sp/><sp/><sp/><sp/><sp/><sp/><sp/><sp/><sp/>mostrar_tabuleiro(estado_pos,stdout);</highlight></codeline>
<codeline lineno="243"><highlight class="normal"><sp/><sp/><sp/><sp/><sp/><sp/><sp/><sp/><sp/><sp/><sp/><sp/>}</highlight></codeline>
<codeline lineno="244"><highlight class="normal"><sp/><sp/><sp/><sp/><sp/><sp/><sp/><sp/>}</highlight></codeline>
<codeline lineno="245"><highlight class="normal"></highlight></codeline>
<codeline lineno="246"><highlight class="normal"><sp/><sp/><sp/><sp/><sp/><sp/><sp/><sp/></highlight><highlight class="keywordflow">else</highlight><highlight class="normal"><sp/></highlight><highlight class="keywordflow">if</highlight><highlight class="normal"><sp/>(strcmp(linha,<sp/></highlight><highlight class="stringliteral">&quot;jog1\n&quot;</highlight><highlight class="normal">)<sp/>==<sp/>0){</highlight></codeline>
<codeline lineno="247"><highlight class="normal"><sp/><sp/><sp/><sp/><sp/><sp/><sp/><sp/><sp/><sp/><sp/><sp/>c<sp/>=<sp/>jogaleatoria(e);</highlight></codeline>
<codeline lineno="248"><highlight class="normal"><sp/><sp/><sp/><sp/><sp/><sp/><sp/><sp/><sp/><sp/><sp/><sp/></highlight><highlight class="keywordflow">if</highlight><highlight class="normal"><sp/>(ultimo_comando<sp/>==<sp/>POS)</highlight></codeline>
<codeline lineno="249"><highlight class="normal"><sp/><sp/><sp/><sp/><sp/><sp/><sp/><sp/><sp/><sp/><sp/><sp/>{</highlight></codeline>
<codeline lineno="250"><highlight class="normal"><sp/><sp/><sp/><sp/><sp/><sp/><sp/><sp/><sp/><sp/><sp/><sp/><sp/><sp/><sp/><sp/>*e<sp/>=<sp/>*estado_pos;</highlight></codeline>
<codeline lineno="251"><highlight class="normal"><sp/><sp/><sp/><sp/><sp/><sp/><sp/><sp/><sp/><sp/><sp/><sp/>}</highlight></codeline>
<codeline lineno="252"><highlight class="normal"><sp/><sp/><sp/><sp/><sp/><sp/><sp/><sp/><sp/><sp/><sp/><sp/>jogar(e,<sp/>c);</highlight></codeline>
<codeline lineno="253"><highlight class="normal"><sp/><sp/><sp/><sp/><sp/><sp/><sp/><sp/><sp/><sp/><sp/><sp/>mostrar_tabuleiro(e,<sp/>stdout);</highlight></codeline>
<codeline lineno="254"><highlight class="normal"><sp/><sp/><sp/><sp/><sp/><sp/><sp/><sp/><sp/><sp/><sp/><sp/>prompt(e,stdout);</highlight></codeline>
<codeline lineno="255"><highlight class="normal"><sp/><sp/><sp/><sp/><sp/><sp/><sp/><sp/><sp/><sp/><sp/><sp/>ultimo_comando<sp/>=<sp/>JOG;</highlight></codeline>
<codeline lineno="256"><highlight class="normal"><sp/><sp/><sp/><sp/><sp/><sp/><sp/><sp/><sp/><sp/><sp/><sp/>atualiza_num_comando(e,obter_num_comandos(e)+1);</highlight></codeline>
<codeline lineno="257"><highlight class="normal"><sp/><sp/><sp/><sp/><sp/><sp/><sp/><sp/>}</highlight></codeline>
<codeline lineno="258"><highlight class="normal"></highlight></codeline>
<codeline lineno="259"><highlight class="normal"><sp/><sp/><sp/><sp/><sp/><sp/><sp/><sp/></highlight><highlight class="keywordflow">else</highlight><highlight class="normal"><sp/></highlight><highlight class="keywordflow">if</highlight><highlight class="normal"><sp/>(strcmp(linha,<sp/></highlight><highlight class="stringliteral">&quot;jog2\n&quot;</highlight><highlight class="normal">)<sp/>==<sp/>0){</highlight></codeline>
<codeline lineno="260"><highlight class="normal"><sp/><sp/><sp/><sp/><sp/><sp/><sp/><sp/><sp/><sp/><sp/><sp/>c<sp/>=<sp/>jog(e);</highlight></codeline>
<codeline lineno="261"><highlight class="normal"><sp/><sp/><sp/><sp/><sp/><sp/><sp/><sp/><sp/><sp/><sp/><sp/></highlight><highlight class="keywordflow">if</highlight><highlight class="normal"><sp/>(ultimo_comando<sp/>==<sp/>POS)</highlight></codeline>
<codeline lineno="262"><highlight class="normal"><sp/><sp/><sp/><sp/><sp/><sp/><sp/><sp/><sp/><sp/><sp/><sp/>{</highlight></codeline>
<codeline lineno="263"><highlight class="normal"><sp/><sp/><sp/><sp/><sp/><sp/><sp/><sp/><sp/><sp/><sp/><sp/><sp/><sp/><sp/><sp/>*e<sp/>=<sp/>*estado_pos;</highlight></codeline>
<codeline lineno="264"><highlight class="normal"><sp/><sp/><sp/><sp/><sp/><sp/><sp/><sp/><sp/><sp/><sp/><sp/>}</highlight></codeline>
<codeline lineno="265"><highlight class="normal"><sp/><sp/><sp/><sp/><sp/><sp/><sp/><sp/><sp/><sp/><sp/><sp/>jogar(e,<sp/>c);</highlight></codeline>
<codeline lineno="266"><highlight class="normal"><sp/><sp/><sp/><sp/><sp/><sp/><sp/><sp/><sp/><sp/><sp/><sp/>mostrar_tabuleiro(e,<sp/>stdout);</highlight></codeline>
<codeline lineno="267"><highlight class="normal"><sp/><sp/><sp/><sp/><sp/><sp/><sp/><sp/><sp/><sp/><sp/><sp/>prompt(e,stdout);</highlight></codeline>
<codeline lineno="268"><highlight class="normal"><sp/><sp/><sp/><sp/><sp/><sp/><sp/><sp/><sp/><sp/><sp/><sp/>ultimo_comando<sp/>=<sp/>JOG;</highlight></codeline>
<codeline lineno="269"><highlight class="normal"><sp/><sp/><sp/><sp/><sp/><sp/><sp/><sp/><sp/><sp/><sp/><sp/>atualiza_num_comando(e,obter_num_comandos(e)+1);</highlight></codeline>
<codeline lineno="270"><highlight class="normal"><sp/><sp/><sp/><sp/><sp/><sp/><sp/><sp/>}</highlight></codeline>
<codeline lineno="271"><highlight class="normal"></highlight></codeline>
<codeline lineno="272"><highlight class="normal"><sp/><sp/><sp/><sp/><sp/><sp/><sp/><sp/></highlight><highlight class="keywordflow">else</highlight><highlight class="normal"><sp/></highlight><highlight class="keywordflow">if</highlight><highlight class="normal">(strcmp(linha,<sp/></highlight><highlight class="stringliteral">&quot;mostra<sp/>estado\n&quot;</highlight><highlight class="normal">)<sp/>==<sp/>0){</highlight></codeline>
<codeline lineno="273"><highlight class="normal"><sp/><sp/><sp/><sp/><sp/><sp/><sp/><sp/><sp/><sp/><sp/><sp/>mostra_estado(e,stdout);</highlight></codeline>
<codeline lineno="274"><highlight class="normal"><sp/><sp/><sp/><sp/><sp/><sp/><sp/><sp/>}</highlight></codeline>
<codeline lineno="275"><highlight class="normal"></highlight></codeline>
<codeline lineno="276"><highlight class="normal"><sp/><sp/><sp/><sp/><sp/><sp/><sp/><sp/></highlight><highlight class="keywordflow">else</highlight><highlight class="normal"><sp/></highlight><highlight class="keywordflow">if</highlight><highlight class="normal"><sp/>(strcmp(linha,<sp/></highlight><highlight class="stringliteral">&quot;Q\n&quot;</highlight><highlight class="normal">)<sp/>==<sp/>0)<sp/>{</highlight></codeline>
<codeline lineno="277"><highlight class="normal"><sp/><sp/><sp/><sp/><sp/><sp/><sp/><sp/><sp/><sp/><sp/><sp/>fprintf(stdout,</highlight><highlight class="stringliteral">&quot;Até<sp/>à<sp/>próxima!&quot;</highlight><highlight class="normal">);</highlight></codeline>
<codeline lineno="278"><highlight class="normal"><sp/><sp/><sp/><sp/><sp/><sp/><sp/><sp/><sp/><sp/><sp/><sp/></highlight><highlight class="keywordflow">return</highlight><highlight class="normal"><sp/>0;</highlight></codeline>
<codeline lineno="279"><highlight class="normal"><sp/><sp/><sp/><sp/><sp/><sp/><sp/><sp/>}</highlight></codeline>
<codeline lineno="280"><highlight class="normal"><sp/><sp/><sp/><sp/>}</highlight></codeline>
<codeline lineno="281"><highlight class="normal"></highlight></codeline>
<codeline lineno="282"><highlight class="normal"><sp/><sp/><sp/><sp/>fprintf(stdout,<sp/></highlight><highlight class="stringliteral">&quot;Parabéns<sp/>Jogador<sp/>%d,<sp/>você<sp/>venceu!!&quot;</highlight><highlight class="normal">,<sp/>fim_de_jogo(e));</highlight></codeline>
<codeline lineno="283"><highlight class="normal"></highlight></codeline>
<codeline lineno="284"><highlight class="normal"><sp/><sp/><sp/><sp/></highlight><highlight class="keywordflow">return</highlight><highlight class="normal"><sp/>1;</highlight></codeline>
<codeline lineno="285"><highlight class="normal">}</highlight></codeline>
    </programlisting>
    <location file="Interface.c"/>
  </compounddef>
</doxygen>
