<?xml version='1.0' encoding='UTF-8' standalone='no'?>
<doxygen xmlns:xsi="http://www.w3.org/2001/XMLSchema-instance" xsi:noNamespaceSchemaLocation="compound.xsd" version="1.8.18">
  <compounddef id="_lista_8h" kind="file" language="C++">
    <compoundname>Lista.h</compoundname>
    <includes refid="_dados_8h" local="yes">Dados.h</includes>
    <includedby refid="_logica_8h" local="yes">Logica.h</includedby>
    <includedby refid="_lista_8c" local="yes">Lista.c</includedby>
    <includedby refid="_logica_8c" local="yes">Logica.c</includedby>
    <incdepgraph>
      <node id="1">
        <label>Lista.h</label>
        <link refid="_lista_8h"/>
        <childnode refid="2" relation="include">
        </childnode>
      </node>
      <node id="2">
        <label>Dados.h</label>
        <link refid="_dados_8h_source"/>
      </node>
    </incdepgraph>
    <invincdepgraph>
      <node id="1">
        <label>Lista.h</label>
        <link refid="_lista_8h"/>
        <childnode refid="2" relation="include">
        </childnode>
      </node>
      <node id="2">
        <label>Logica.h</label>
        <link refid="_logica_8h_source"/>
      </node>
    </invincdepgraph>
    <innerclass refid="structnodo" prot="public">nodo</innerclass>
    <innerclass refid="structnodof" prot="public">nodof</innerclass>
      <sectiondef kind="typedef">
      <memberdef kind="typedef" id="_lista_8h_1a2ed03b19209dd10718380b31b09a69f5" prot="public" static="no">
        <type>struct <ref refid="structnodo" kindref="compound">nodo</ref> *</type>
        <definition>typedef struct nodo * LISTA</definition>
        <argsstring></argsstring>
        <name>LISTA</name>
        <briefdescription>
        </briefdescription>
        <detaileddescription>
        </detaileddescription>
        <inbodydescription>
        </inbodydescription>
        <location file="Lista.h" line="20" column="8"/>
      </memberdef>
      <memberdef kind="typedef" id="_lista_8h_1ab352ead3fb06267f3afdd032d67c189c" prot="public" static="no">
        <type>struct <ref refid="structnodo" kindref="compound">nodo</ref></type>
        <definition>typedef struct nodo NODO</definition>
        <argsstring></argsstring>
        <name>NODO</name>
        <briefdescription>
        </briefdescription>
        <detaileddescription>
        </detaileddescription>
        <inbodydescription>
        </inbodydescription>
        <location file="Lista.h" line="20" column="13"/>
      </memberdef>
      <memberdef kind="typedef" id="_lista_8h_1a6923db9c815bf039adcef311309a371a" prot="public" static="no">
        <type>struct <ref refid="structnodof" kindref="compound">nodof</ref> *</type>
        <definition>typedef struct nodof * LFloat</definition>
        <argsstring></argsstring>
        <name>LFloat</name>
        <briefdescription>
        </briefdescription>
        <detaileddescription>
        </detaileddescription>
        <inbodydescription>
        </inbodydescription>
        <location file="Lista.h" line="32" column="9"/>
      </memberdef>
      <memberdef kind="typedef" id="_lista_8h_1a0c2629b8f695b1a1c3583513ee69b9f8" prot="public" static="no">
        <type>struct <ref refid="structnodof" kindref="compound">nodof</ref></type>
        <definition>typedef struct nodof Nodof</definition>
        <argsstring></argsstring>
        <name>Nodof</name>
        <briefdescription>
        </briefdescription>
        <detaileddescription>
        </detaileddescription>
        <inbodydescription>
        </inbodydescription>
        <location file="Lista.h" line="32" column="15"/>
      </memberdef>
      </sectiondef>
      <sectiondef kind="func">
      <memberdef kind="function" id="_lista_8h_1ae3b99323b6f8f35d80bb69ff1a27985e" prot="public" static="no" const="no" explicit="no" inline="no" virt="non-virtual">
        <type><ref refid="structnodo" kindref="compound">LISTA</ref></type>
        <definition>LISTA criar_lista</definition>
        <argsstring>()</argsstring>
        <name>criar_lista</name>
        <briefdescription>
<para>Funções que trabalham com void*. </para>
        </briefdescription>
        <detaileddescription>
<para>Função que cria uma lista <simplesect kind="return"><para>Lista vazia </para>
</simplesect>
</para>
        </detaileddescription>
        <inbodydescription>
        </inbodydescription>
        <location file="Lista.h" line="42" column="7" bodyfile="Lista.c" bodystart="5" bodyend="10" declfile="Lista.h" declline="42" declcolumn="7"/>
      </memberdef>
      <memberdef kind="function" id="_lista_8h_1a6ec793087950b61f792d8e184bf04d9d" prot="public" static="no" const="no" explicit="no" inline="no" virt="non-virtual">
        <type><ref refid="structnodo" kindref="compound">LISTA</ref></type>
        <definition>LISTA insere_cabeca</definition>
        <argsstring>(LISTA l, void *valor)</argsstring>
        <name>insere_cabeca</name>
        <param>
          <type><ref refid="structnodo" kindref="compound">LISTA</ref></type>
          <declname>l</declname>
        </param>
        <param>
          <type>void *</type>
          <declname>valor</declname>
        </param>
        <briefdescription>
<para>Função que insere um valor numa lista. </para>
        </briefdescription>
        <detaileddescription>
<para><parameterlist kind="param"><parameteritem>
<parameternamelist>
<parametername>l</parametername>
</parameternamelist>
<parameterdescription>
<para>Lista l </para>
</parameterdescription>
</parameteritem>
<parameteritem>
<parameternamelist>
<parametername>*valor</parametername>
</parameternamelist>
<parameterdescription>
<para>Valor a inserir na cabeça </para>
</parameterdescription>
</parameteritem>
</parameterlist>
<simplesect kind="return"><para>Lista com o valor à cabeça </para>
</simplesect>
</para>
        </detaileddescription>
        <inbodydescription>
        </inbodydescription>
        <location file="Lista.h" line="50" column="7" bodyfile="Lista.c" bodystart="12" bodyend="17" declfile="Lista.h" declline="50" declcolumn="7"/>
      </memberdef>
      <memberdef kind="function" id="_lista_8h_1af90a7ac214fd566bfb7288d744c94185" prot="public" static="no" const="no" explicit="no" inline="no" virt="non-virtual">
        <type>void *</type>
        <definition>void* devolve_cabeca</definition>
        <argsstring>(LISTA l)</argsstring>
        <name>devolve_cabeca</name>
        <param>
          <type><ref refid="structnodo" kindref="compound">LISTA</ref></type>
          <declname>l</declname>
        </param>
        <briefdescription>
<para>Função que devolve a cabeça da lista. </para>
        </briefdescription>
        <detaileddescription>
<para><parameterlist kind="param"><parameteritem>
<parameternamelist>
<parametername>l</parametername>
</parameternamelist>
<parameterdescription>
<para>Lista l </para>
</parameterdescription>
</parameteritem>
</parameterlist>
<simplesect kind="return"><para>A cabeça da lista l </para>
</simplesect>
</para>
        </detaileddescription>
        <inbodydescription>
        </inbodydescription>
        <location file="Lista.h" line="57" column="6" bodyfile="Lista.c" bodystart="20" bodyend="27" declfile="Lista.h" declline="57" declcolumn="6"/>
      </memberdef>
      <memberdef kind="function" id="_lista_8h_1ad9380152361127432c55c1c6067e05ae" prot="public" static="no" const="no" explicit="no" inline="no" virt="non-virtual">
        <type><ref refid="structnodo" kindref="compound">LISTA</ref></type>
        <definition>LISTA proximo</definition>
        <argsstring>(LISTA L)</argsstring>
        <name>proximo</name>
        <param>
          <type><ref refid="structnodo" kindref="compound">LISTA</ref></type>
          <declname>L</declname>
        </param>
        <briefdescription>
<para>Função que devolve a cauda da lista. </para>
        </briefdescription>
        <detaileddescription>
<para><parameterlist kind="param"><parameteritem>
<parameternamelist>
<parametername>L</parametername>
</parameternamelist>
<parameterdescription>
<para>Lista </para>
</parameterdescription>
</parameteritem>
</parameterlist>
<simplesect kind="return"><para>Lista que corresponde à cauda da lista l </para>
</simplesect>
</para>
        </detaileddescription>
        <inbodydescription>
        </inbodydescription>
        <location file="Lista.h" line="64" column="7" bodyfile="Lista.c" bodystart="30" bodyend="36" declfile="Lista.h" declline="64" declcolumn="7"/>
      </memberdef>
      <memberdef kind="function" id="_lista_8h_1a9026a681a68322b5ec7f07137b864cbd" prot="public" static="no" const="no" explicit="no" inline="no" virt="non-virtual">
        <type><ref refid="structnodo" kindref="compound">LISTA</ref></type>
        <definition>LISTA remove_cabeca</definition>
        <argsstring>(LISTA L)</argsstring>
        <name>remove_cabeca</name>
        <param>
          <type><ref refid="structnodo" kindref="compound">LISTA</ref></type>
          <declname>L</declname>
        </param>
        <briefdescription>
<para>Função que remove a cabeça de uma lista, libertando o espaço da cabeça. </para>
        </briefdescription>
        <detaileddescription>
<para><parameterlist kind="param"><parameteritem>
<parameternamelist>
<parametername>L</parametername>
</parameternamelist>
<parameterdescription>
<para>Lista l </para>
</parameterdescription>
</parameteritem>
</parameterlist>
<simplesect kind="return"><para>Lista l sem a cabeça </para>
</simplesect>
</para>
        </detaileddescription>
        <inbodydescription>
        </inbodydescription>
        <location file="Lista.h" line="71" column="7" bodyfile="Lista.c" bodystart="38" bodyend="43" declfile="Lista.h" declline="71" declcolumn="7"/>
      </memberdef>
      <memberdef kind="function" id="_lista_8h_1a4c10928f7acaa4e3de3760cea0dfd9c0" prot="public" static="no" const="no" explicit="no" inline="no" virt="non-virtual">
        <type>int</type>
        <definition>int lista_esta_vazia</definition>
        <argsstring>(LISTA L)</argsstring>
        <name>lista_esta_vazia</name>
        <param>
          <type><ref refid="structnodo" kindref="compound">LISTA</ref></type>
          <declname>L</declname>
        </param>
        <briefdescription>
<para>Função que verifica se a lista está vazia ou não. </para>
        </briefdescription>
        <detaileddescription>
<para><parameterlist kind="param"><parameteritem>
<parameternamelist>
<parametername>L</parametername>
</parameternamelist>
<parameterdescription>
<para>Lista l </para>
</parameterdescription>
</parameteritem>
</parameterlist>
<simplesect kind="return"><para>1, no caso da lista ser vazia e 0, caso contrário </para>
</simplesect>
</para>
        </detaileddescription>
        <inbodydescription>
        </inbodydescription>
        <location file="Lista.h" line="78" column="5" bodyfile="Lista.c" bodystart="45" bodyend="50" declfile="Lista.h" declline="78" declcolumn="5"/>
      </memberdef>
      <memberdef kind="function" id="_lista_8h_1ac025ca13903a707fae72d69fc64272ca" prot="public" static="no" const="no" explicit="no" inline="no" virt="non-virtual">
        <type>void *</type>
        <definition>void* procura</definition>
        <argsstring>(LISTA l, int i)</argsstring>
        <name>procura</name>
        <param>
          <type><ref refid="structnodo" kindref="compound">LISTA</ref></type>
          <declname>l</declname>
        </param>
        <param>
          <type>int</type>
          <declname>i</declname>
        </param>
        <briefdescription>
<para>Função que numa lista, procura um elemento com um índice. </para>
        </briefdescription>
        <detaileddescription>
<para><parameterlist kind="param"><parameteritem>
<parameternamelist>
<parametername>l</parametername>
</parameternamelist>
<parameterdescription>
<para>Lista l </para>
</parameterdescription>
</parameteritem>
<parameteritem>
<parameternamelist>
<parametername>i</parametername>
</parameternamelist>
<parameterdescription>
<para>o índice (nodo) do elemento que pretendemos obter </para>
</parameterdescription>
</parameteritem>
</parameterlist>
<simplesect kind="return"><para>o elemento no índice i da lista l </para>
</simplesect>
</para>
        </detaileddescription>
        <inbodydescription>
        </inbodydescription>
        <location file="Lista.h" line="86" column="6" bodyfile="Lista.c" bodystart="52" bodyend="58" declfile="Lista.h" declline="86" declcolumn="6"/>
      </memberdef>
      <memberdef kind="function" id="_lista_8h_1a1ba8d733e5338c4787d6802976ada84d" prot="public" static="no" const="no" explicit="no" inline="no" virt="non-virtual">
        <type>int</type>
        <definition>int length</definition>
        <argsstring>(LISTA l)</argsstring>
        <name>length</name>
        <param>
          <type><ref refid="structnodo" kindref="compound">LISTA</ref></type>
          <declname>l</declname>
        </param>
        <briefdescription>
<para>Função que calcula o tamanho da lista. </para>
        </briefdescription>
        <detaileddescription>
<para><parameterlist kind="param"><parameteritem>
<parameternamelist>
<parametername>l</parametername>
</parameternamelist>
<parameterdescription>
<para>Lista l </para>
</parameterdescription>
</parameteritem>
</parameterlist>
<simplesect kind="return"><para>O tamanho da lista </para>
</simplesect>
</para>
        </detaileddescription>
        <inbodydescription>
        </inbodydescription>
        <location file="Lista.h" line="93" column="5" bodyfile="Lista.c" bodystart="60" bodyend="69" declfile="Lista.h" declline="93" declcolumn="5"/>
      </memberdef>
      <memberdef kind="function" id="_lista_8h_1a270e2bd4d8c8be39b8d7e9f715276f33" prot="public" static="no" const="no" explicit="no" inline="no" virt="non-virtual">
        <type>void</type>
        <definition>void freeList</definition>
        <argsstring>(LISTA l)</argsstring>
        <name>freeList</name>
        <param>
          <type><ref refid="structnodo" kindref="compound">LISTA</ref></type>
          <declname>l</declname>
        </param>
        <briefdescription>
<para>Função que liberta o espaço de uma lista. </para>
        </briefdescription>
        <detaileddescription>
<para><parameterlist kind="param"><parameteritem>
<parameternamelist>
<parametername>l</parametername>
</parameternamelist>
<parameterdescription>
<para>Lista l </para>
</parameterdescription>
</parameteritem>
</parameterlist>
</para>
        </detaileddescription>
        <inbodydescription>
        </inbodydescription>
        <location file="Lista.h" line="99" column="6" bodyfile="Lista.c" bodystart="71" bodyend="78" declfile="Lista.h" declline="99" declcolumn="6"/>
      </memberdef>
      <memberdef kind="function" id="_lista_8h_1a9dafd8416dab8d06a06e635fe1be8997" prot="public" static="no" const="no" explicit="no" inline="no" virt="non-virtual">
        <type>float</type>
        <definition>float devolvecabeca</definition>
        <argsstring>(LFloat l)</argsstring>
        <name>devolvecabeca</name>
        <param>
          <type><ref refid="structnodof" kindref="compound">LFloat</ref></type>
          <declname>l</declname>
        </param>
        <briefdescription>
<para>Funções que trabalham com floats. </para>
        </briefdescription>
        <detaileddescription>
<para>Função que devolve a cabeça de uma lista de floats <parameterlist kind="param"><parameteritem>
<parameternamelist>
<parametername>l</parametername>
</parameternamelist>
<parameterdescription>
<para>Lista l </para>
</parameterdescription>
</parameteritem>
</parameterlist>
<simplesect kind="return"><para>A cabeça da lista l </para>
</simplesect>
</para>
        </detaileddescription>
        <inbodydescription>
        </inbodydescription>
        <location file="Lista.h" line="111" column="7" bodyfile="Lista.c" bodystart="82" bodyend="88" declfile="Lista.h" declline="111" declcolumn="7"/>
      </memberdef>
      <memberdef kind="function" id="_lista_8h_1a1a0d6ffbcdf2d09a8e91635148385cfb" prot="public" static="no" const="no" explicit="no" inline="no" virt="non-virtual">
        <type><ref refid="structnodof" kindref="compound">LFloat</ref></type>
        <definition>LFloat inserecabeca</definition>
        <argsstring>(LFloat l, float v)</argsstring>
        <name>inserecabeca</name>
        <param>
          <type><ref refid="structnodof" kindref="compound">LFloat</ref></type>
          <declname>l</declname>
        </param>
        <param>
          <type>float</type>
          <declname>v</declname>
        </param>
        <briefdescription>
<para>Função que insere um valor à cabeça de uma lista. </para>
        </briefdescription>
        <detaileddescription>
<para><parameterlist kind="param"><parameteritem>
<parameternamelist>
<parametername>l</parametername>
</parameternamelist>
<parameterdescription>
<para>Lista l </para>
</parameterdescription>
</parameteritem>
<parameteritem>
<parameternamelist>
<parametername>v</parametername>
</parameternamelist>
<parameterdescription>
<para>O valor a inserir em l </para>
</parameterdescription>
</parameteritem>
</parameterlist>
<simplesect kind="return"><para>Uma lista com v à cabela e l em cauda </para>
</simplesect>
</para>
        </detaileddescription>
        <inbodydescription>
        </inbodydescription>
        <location file="Lista.h" line="120" column="8" bodyfile="Lista.c" bodystart="90" bodyend="95" declfile="Lista.h" declline="120" declcolumn="8"/>
      </memberdef>
      <memberdef kind="function" id="_lista_8h_1a1f7256f7c5bd665c975fd25bb73d9a3c" prot="public" static="no" const="no" explicit="no" inline="no" virt="non-virtual">
        <type><ref refid="structnodof" kindref="compound">LFloat</ref></type>
        <definition>LFloat snoc</definition>
        <argsstring>(float x, LFloat xs)</argsstring>
        <name>snoc</name>
        <param>
          <type>float</type>
          <declname>x</declname>
        </param>
        <param>
          <type><ref refid="structnodof" kindref="compound">LFloat</ref></type>
          <declname>xs</declname>
        </param>
        <briefdescription>
<para>Função que insere um valor no final de uma lista. </para>
        </briefdescription>
        <detaileddescription>
<para><parameterlist kind="param"><parameteritem>
<parameternamelist>
<parametername>x</parametername>
</parameternamelist>
<parameterdescription>
<para>valor a ser inserido </para>
</parameterdescription>
</parameteritem>
<parameteritem>
<parameternamelist>
<parametername>xs</parametername>
</parameternamelist>
<parameterdescription>
<para>Lista que será considerada cauda </para>
</parameterdescription>
</parameteritem>
</parameterlist>
<simplesect kind="return"><para>Lista com o x na cabeça e a lista xs na cauda </para>
</simplesect>
</para>
        </detaileddescription>
        <inbodydescription>
        </inbodydescription>
        <location file="Lista.h" line="128" column="8" bodyfile="Lista.c" bodystart="97" bodyend="114" declfile="Lista.h" declline="128" declcolumn="8"/>
      </memberdef>
      <memberdef kind="function" id="_lista_8h_1a5d3d052459b9072994033d86fc4a13ad" prot="public" static="no" const="no" explicit="no" inline="no" virt="non-virtual">
        <type><ref refid="structnodof" kindref="compound">LFloat</ref></type>
        <definition>LFloat removecabeca</definition>
        <argsstring>(LFloat l)</argsstring>
        <name>removecabeca</name>
        <param>
          <type><ref refid="structnodof" kindref="compound">LFloat</ref></type>
          <declname>l</declname>
        </param>
        <briefdescription>
<para>Função que remove a cabeça de uma lista. </para>
        </briefdescription>
        <detaileddescription>
<para><parameterlist kind="param"><parameteritem>
<parameternamelist>
<parametername>l</parametername>
</parameternamelist>
<parameterdescription>
<para>Lista l </para>
</parameterdescription>
</parameteritem>
</parameterlist>
<simplesect kind="return"><para>Lista l sem o valor anteriormente posicionado na cabeça </para>
</simplesect>
</para>
        </detaileddescription>
        <inbodydescription>
        </inbodydescription>
        <location file="Lista.h" line="135" column="8" bodyfile="Lista.c" bodystart="116" bodyend="122" declfile="Lista.h" declline="135" declcolumn="8"/>
      </memberdef>
      <memberdef kind="function" id="_lista_8h_1ac08e532ac92ed6c96933af09a6592cf5" prot="public" static="no" const="no" explicit="no" inline="no" virt="non-virtual">
        <type><ref refid="structnodof" kindref="compound">LFloat</ref></type>
        <definition>LFloat proximoF</definition>
        <argsstring>(LFloat l)</argsstring>
        <name>proximoF</name>
        <param>
          <type><ref refid="structnodof" kindref="compound">LFloat</ref></type>
          <declname>l</declname>
        </param>
        <briefdescription>
<para>Função que devolve a cauda da lista. </para>
        </briefdescription>
        <detaileddescription>
<para><parameterlist kind="param"><parameteritem>
<parameternamelist>
<parametername>l</parametername>
</parameternamelist>
<parameterdescription>
<para>Lista l </para>
</parameterdescription>
</parameteritem>
</parameterlist>
<simplesect kind="return"><para>Lista que corresponde à cauda da lista l </para>
</simplesect>
</para>
        </detaileddescription>
        <inbodydescription>
        </inbodydescription>
        <location file="Lista.h" line="142" column="8" bodyfile="Lista.c" bodystart="124" bodyend="130" declfile="Lista.h" declline="142" declcolumn="8"/>
      </memberdef>
      </sectiondef>
    <briefdescription>
    </briefdescription>
    <detaileddescription>
    </detaileddescription>
    <programlisting>
<codeline lineno="1"></codeline>
<codeline lineno="5"><highlight class="preprocessor">#ifndef<sp/>PL8_2_LISTA_H</highlight><highlight class="normal"></highlight></codeline>
<codeline lineno="6"><highlight class="normal"></highlight><highlight class="preprocessor">#define<sp/>PL8_2_LISTA_H</highlight><highlight class="normal"></highlight></codeline>
<codeline lineno="7"><highlight class="normal"></highlight></codeline>
<codeline lineno="8"><highlight class="normal"></highlight><highlight class="preprocessor">#include<sp/>&quot;Dados.h&quot;</highlight><highlight class="normal"></highlight></codeline>
<codeline lineno="9"><highlight class="normal"></highlight></codeline>
<codeline lineno="17" refid="structnodo" refkind="compound"><highlight class="keyword">typedef</highlight><highlight class="normal"><sp/></highlight><highlight class="keyword">struct<sp/></highlight><highlight class="normal"><ref refid="structnodo" kindref="compound">nodo</ref><sp/>{</highlight></codeline>
<codeline lineno="18" refid="structnodo_1ae15731225441a940966b5d6ce32c23f5" refkind="member"><highlight class="normal"><sp/><sp/><sp/><sp/></highlight><highlight class="keywordtype">void</highlight><highlight class="normal"><sp/>*<ref refid="structnodo_1ae15731225441a940966b5d6ce32c23f5" kindref="member">valor</ref>;</highlight></codeline>
<codeline lineno="19" refid="structnodo_1aade85d7ddbd1b14d52617be67f46f14c" refkind="member"><highlight class="normal"><sp/><sp/><sp/><sp/></highlight><highlight class="keyword">struct<sp/></highlight><highlight class="normal"><ref refid="structnodo" kindref="compound">nodo</ref><sp/>*<ref refid="structnodo_1aade85d7ddbd1b14d52617be67f46f14c" kindref="member">proximo</ref>;</highlight></codeline>
<codeline lineno="20"><highlight class="normal">}<sp/>*<ref refid="structnodo" kindref="compound">LISTA</ref>,<sp/><ref refid="structnodo" kindref="compound">NODO</ref>;</highlight></codeline>
<codeline lineno="21"><highlight class="normal"></highlight></codeline>
<codeline lineno="29" refid="structnodof" refkind="compound"><highlight class="keyword">typedef</highlight><highlight class="normal"><sp/></highlight><highlight class="keyword">struct<sp/></highlight><highlight class="normal"><ref refid="structnodof" kindref="compound">nodof</ref><sp/>{</highlight></codeline>
<codeline lineno="30" refid="structnodof_1ae75e8606e10187168459b3e42aeb354a" refkind="member"><highlight class="normal"><sp/><sp/><sp/><sp/></highlight><highlight class="keywordtype">float</highlight><highlight class="normal"><sp/><ref refid="structnodof_1ae75e8606e10187168459b3e42aeb354a" kindref="member">cabeca</ref>;</highlight></codeline>
<codeline lineno="31" refid="structnodof_1a54d5ca7a18ef14d70c49f8696dfd4238" refkind="member"><highlight class="normal"><sp/><sp/><sp/><sp/></highlight><highlight class="keyword">struct<sp/></highlight><highlight class="normal"><ref refid="structnodof" kindref="compound">nodof</ref><sp/>*<ref refid="structnodof_1a54d5ca7a18ef14d70c49f8696dfd4238" kindref="member">cauda</ref>;</highlight></codeline>
<codeline lineno="32"><highlight class="normal">}<sp/>*<ref refid="structnodof" kindref="compound">LFloat</ref>,<sp/><ref refid="structnodof" kindref="compound">Nodof</ref>;</highlight></codeline>
<codeline lineno="33"><highlight class="normal"></highlight></codeline>
<codeline lineno="42"><highlight class="normal"><ref refid="structnodo" kindref="compound">LISTA</ref><sp/>criar_lista();</highlight></codeline>
<codeline lineno="43"><highlight class="normal"></highlight></codeline>
<codeline lineno="50"><highlight class="normal"><ref refid="structnodo" kindref="compound">LISTA</ref><sp/>insere_cabeca(<ref refid="structnodo" kindref="compound">LISTA</ref><sp/>l,<sp/></highlight><highlight class="keywordtype">void</highlight><highlight class="normal"><sp/>*valor);</highlight></codeline>
<codeline lineno="51"><highlight class="normal"></highlight></codeline>
<codeline lineno="57"><highlight class="keywordtype">void</highlight><highlight class="normal">*<sp/>devolve_cabeca(<ref refid="structnodo" kindref="compound">LISTA</ref><sp/>l);</highlight></codeline>
<codeline lineno="58"><highlight class="normal"></highlight></codeline>
<codeline lineno="64"><highlight class="normal"><ref refid="structnodo" kindref="compound">LISTA</ref><sp/>proximo(<ref refid="structnodo" kindref="compound">LISTA</ref><sp/>L);</highlight></codeline>
<codeline lineno="65"><highlight class="normal"></highlight></codeline>
<codeline lineno="71"><highlight class="normal"><ref refid="structnodo" kindref="compound">LISTA</ref><sp/>remove_cabeca(<ref refid="structnodo" kindref="compound">LISTA</ref><sp/>L);</highlight></codeline>
<codeline lineno="72"><highlight class="normal"></highlight></codeline>
<codeline lineno="78"><highlight class="keywordtype">int</highlight><highlight class="normal"><sp/>lista_esta_vazia(<ref refid="structnodo" kindref="compound">LISTA</ref><sp/>L);</highlight></codeline>
<codeline lineno="79"><highlight class="normal"></highlight></codeline>
<codeline lineno="86"><highlight class="keywordtype">void</highlight><highlight class="normal">*<sp/>procura<sp/>(<ref refid="structnodo" kindref="compound">LISTA</ref><sp/>l,<sp/></highlight><highlight class="keywordtype">int</highlight><highlight class="normal"><sp/>i);</highlight></codeline>
<codeline lineno="87"><highlight class="normal"></highlight></codeline>
<codeline lineno="93"><highlight class="keywordtype">int</highlight><highlight class="normal"><sp/>length(<ref refid="structnodo" kindref="compound">LISTA</ref><sp/>l);</highlight></codeline>
<codeline lineno="94"><highlight class="normal"></highlight></codeline>
<codeline lineno="99"><highlight class="keywordtype">void</highlight><highlight class="normal"><sp/>freeList<sp/>(<ref refid="structnodo" kindref="compound">LISTA</ref><sp/>l);</highlight></codeline>
<codeline lineno="100"><highlight class="normal"></highlight></codeline>
<codeline lineno="111"><highlight class="keywordtype">float</highlight><highlight class="normal"><sp/>devolvecabeca(<ref refid="structnodof" kindref="compound">LFloat</ref><sp/>l);</highlight></codeline>
<codeline lineno="112"><highlight class="normal"></highlight></codeline>
<codeline lineno="120"><highlight class="normal"><ref refid="structnodof" kindref="compound">LFloat</ref><sp/>inserecabeca(<ref refid="structnodof" kindref="compound">LFloat</ref><sp/>l,<sp/></highlight><highlight class="keywordtype">float</highlight><highlight class="normal"><sp/>v);</highlight></codeline>
<codeline lineno="121"><highlight class="normal"></highlight></codeline>
<codeline lineno="128"><highlight class="normal"><ref refid="structnodof" kindref="compound">LFloat</ref><sp/>snoc<sp/>(</highlight><highlight class="keywordtype">float</highlight><highlight class="normal"><sp/>x,<sp/><ref refid="structnodof" kindref="compound">LFloat</ref><sp/>xs);</highlight></codeline>
<codeline lineno="129"><highlight class="normal"></highlight></codeline>
<codeline lineno="135"><highlight class="normal"><ref refid="structnodof" kindref="compound">LFloat</ref><sp/>removecabeca(<ref refid="structnodof" kindref="compound">LFloat</ref><sp/>l);</highlight></codeline>
<codeline lineno="136"><highlight class="normal"></highlight></codeline>
<codeline lineno="142"><highlight class="normal"><ref refid="structnodof" kindref="compound">LFloat</ref><sp/>proximoF<sp/>(<ref refid="structnodof" kindref="compound">LFloat</ref><sp/>l);</highlight></codeline>
<codeline lineno="143"><highlight class="normal"></highlight></codeline>
<codeline lineno="144"><highlight class="normal"></highlight><highlight class="preprocessor">#endif</highlight></codeline>
    </programlisting>
    <location file="Lista.h"/>
  </compounddef>
</doxygen>
