<?xml version='1.0' encoding='UTF-8' standalone='no'?>
<doxygen xmlns:xsi="http://www.w3.org/2001/XMLSchema-instance" xsi:noNamespaceSchemaLocation="compound.xsd" version="1.8.18">
  <compounddef id="_lista_8c" kind="file" language="C++">
    <compoundname>Lista.c</compoundname>
    <includes local="no">stdio.h</includes>
    <includes local="no">stdlib.h</includes>
    <includes refid="_lista_8h" local="yes">Lista.h</includes>
    <incdepgraph>
      <node id="1">
        <label>Lista.c</label>
        <link refid="_lista_8c"/>
        <childnode refid="2" relation="include">
        </childnode>
        <childnode refid="3" relation="include">
        </childnode>
        <childnode refid="4" relation="include">
        </childnode>
      </node>
      <node id="4">
        <label>Lista.h</label>
        <link refid="_lista_8h_source"/>
        <childnode refid="5" relation="include">
        </childnode>
      </node>
      <node id="3">
        <label>stdlib.h</label>
      </node>
      <node id="5">
        <label>Dados.h</label>
        <link refid="_dados_8h_source"/>
      </node>
      <node id="2">
        <label>stdio.h</label>
      </node>
    </incdepgraph>
      <sectiondef kind="func">
      <memberdef kind="function" id="_lista_8c_1ae3b99323b6f8f35d80bb69ff1a27985e" prot="public" static="no" const="no" explicit="no" inline="no" virt="non-virtual">
        <type><ref refid="structnodo" kindref="compound">LISTA</ref></type>
        <definition>LISTA criar_lista</definition>
        <argsstring>()</argsstring>
        <name>criar_lista</name>
        <briefdescription>
<para>Funções que trabalham com void*. </para>
        </briefdescription>
        <detaileddescription>
<para>Função que cria uma lista <simplesect kind="return"><para>Lista vazia </para>
</simplesect>
</para>
        </detaileddescription>
        <inbodydescription>
        </inbodydescription>
        <location file="Lista.c" line="5" column="7" bodyfile="Lista.c" bodystart="5" bodyend="10"/>
      </memberdef>
      <memberdef kind="function" id="_lista_8c_1a6ec793087950b61f792d8e184bf04d9d" prot="public" static="no" const="no" explicit="no" inline="no" virt="non-virtual">
        <type><ref refid="structnodo" kindref="compound">LISTA</ref></type>
        <definition>LISTA insere_cabeca</definition>
        <argsstring>(LISTA l, void *valor)</argsstring>
        <name>insere_cabeca</name>
        <param>
          <type><ref refid="structnodo" kindref="compound">LISTA</ref></type>
          <declname>l</declname>
        </param>
        <param>
          <type>void *</type>
          <declname>valor</declname>
        </param>
        <briefdescription>
<para>Função que insere um valor numa lista. </para>
        </briefdescription>
        <detaileddescription>
<para><parameterlist kind="param"><parameteritem>
<parameternamelist>
<parametername>l</parametername>
</parameternamelist>
<parameterdescription>
<para>Lista l </para>
</parameterdescription>
</parameteritem>
<parameteritem>
<parameternamelist>
<parametername>*valor</parametername>
</parameternamelist>
<parameterdescription>
<para>Valor a inserir na cabeça </para>
</parameterdescription>
</parameteritem>
</parameterlist>
<simplesect kind="return"><para>Lista com o valor à cabeça </para>
</simplesect>
</para>
        </detaileddescription>
        <inbodydescription>
        </inbodydescription>
        <location file="Lista.c" line="12" column="7" bodyfile="Lista.c" bodystart="12" bodyend="17"/>
      </memberdef>
      <memberdef kind="function" id="_lista_8c_1af90a7ac214fd566bfb7288d744c94185" prot="public" static="no" const="no" explicit="no" inline="no" virt="non-virtual">
        <type>void *</type>
        <definition>void* devolve_cabeca</definition>
        <argsstring>(LISTA l)</argsstring>
        <name>devolve_cabeca</name>
        <param>
          <type><ref refid="structnodo" kindref="compound">LISTA</ref></type>
          <declname>l</declname>
        </param>
        <briefdescription>
<para>Função que devolve a cabeça da lista. </para>
        </briefdescription>
        <detaileddescription>
<para><parameterlist kind="param"><parameteritem>
<parameternamelist>
<parametername>l</parametername>
</parameternamelist>
<parameterdescription>
<para>Lista l </para>
</parameterdescription>
</parameteritem>
</parameterlist>
<simplesect kind="return"><para>A cabeça da lista l </para>
</simplesect>
</para>
        </detaileddescription>
        <inbodydescription>
        </inbodydescription>
        <location file="Lista.c" line="20" column="6" bodyfile="Lista.c" bodystart="20" bodyend="27"/>
      </memberdef>
      <memberdef kind="function" id="_lista_8c_1ad9380152361127432c55c1c6067e05ae" prot="public" static="no" const="no" explicit="no" inline="no" virt="non-virtual">
        <type><ref refid="structnodo" kindref="compound">LISTA</ref></type>
        <definition>LISTA proximo</definition>
        <argsstring>(LISTA L)</argsstring>
        <name>proximo</name>
        <param>
          <type><ref refid="structnodo" kindref="compound">LISTA</ref></type>
          <declname>L</declname>
        </param>
        <briefdescription>
<para>Função que devolve a cauda da lista. </para>
        </briefdescription>
        <detaileddescription>
<para><parameterlist kind="param"><parameteritem>
<parameternamelist>
<parametername>L</parametername>
</parameternamelist>
<parameterdescription>
<para>Lista </para>
</parameterdescription>
</parameteritem>
</parameterlist>
<simplesect kind="return"><para>Lista que corresponde à cauda da lista l </para>
</simplesect>
</para>
        </detaileddescription>
        <inbodydescription>
        </inbodydescription>
        <location file="Lista.c" line="30" column="7" bodyfile="Lista.c" bodystart="30" bodyend="36"/>
      </memberdef>
      <memberdef kind="function" id="_lista_8c_1a9026a681a68322b5ec7f07137b864cbd" prot="public" static="no" const="no" explicit="no" inline="no" virt="non-virtual">
        <type><ref refid="structnodo" kindref="compound">LISTA</ref></type>
        <definition>LISTA remove_cabeca</definition>
        <argsstring>(LISTA L)</argsstring>
        <name>remove_cabeca</name>
        <param>
          <type><ref refid="structnodo" kindref="compound">LISTA</ref></type>
          <declname>L</declname>
        </param>
        <briefdescription>
<para>Função que remove a cabeça de uma lista, libertando o espaço da cabeça. </para>
        </briefdescription>
        <detaileddescription>
<para><parameterlist kind="param"><parameteritem>
<parameternamelist>
<parametername>L</parametername>
</parameternamelist>
<parameterdescription>
<para>Lista l </para>
</parameterdescription>
</parameteritem>
</parameterlist>
<simplesect kind="return"><para>Lista l sem a cabeça </para>
</simplesect>
</para>
        </detaileddescription>
        <inbodydescription>
        </inbodydescription>
        <location file="Lista.c" line="38" column="7" bodyfile="Lista.c" bodystart="38" bodyend="43"/>
      </memberdef>
      <memberdef kind="function" id="_lista_8c_1a4c10928f7acaa4e3de3760cea0dfd9c0" prot="public" static="no" const="no" explicit="no" inline="no" virt="non-virtual">
        <type>int</type>
        <definition>int lista_esta_vazia</definition>
        <argsstring>(LISTA L)</argsstring>
        <name>lista_esta_vazia</name>
        <param>
          <type><ref refid="structnodo" kindref="compound">LISTA</ref></type>
          <declname>L</declname>
        </param>
        <briefdescription>
<para>Função que verifica se a lista está vazia ou não. </para>
        </briefdescription>
        <detaileddescription>
<para><parameterlist kind="param"><parameteritem>
<parameternamelist>
<parametername>L</parametername>
</parameternamelist>
<parameterdescription>
<para>Lista l </para>
</parameterdescription>
</parameteritem>
</parameterlist>
<simplesect kind="return"><para>1, no caso da lista ser vazia e 0, caso contrário </para>
</simplesect>
</para>
        </detaileddescription>
        <inbodydescription>
        </inbodydescription>
        <location file="Lista.c" line="45" column="5" bodyfile="Lista.c" bodystart="45" bodyend="50"/>
      </memberdef>
      <memberdef kind="function" id="_lista_8c_1ac025ca13903a707fae72d69fc64272ca" prot="public" static="no" const="no" explicit="no" inline="no" virt="non-virtual">
        <type>void *</type>
        <definition>void* procura</definition>
        <argsstring>(LISTA l, int i)</argsstring>
        <name>procura</name>
        <param>
          <type><ref refid="structnodo" kindref="compound">LISTA</ref></type>
          <declname>l</declname>
        </param>
        <param>
          <type>int</type>
          <declname>i</declname>
        </param>
        <briefdescription>
<para>Função que numa lista, procura um elemento com um índice. </para>
        </briefdescription>
        <detaileddescription>
<para><parameterlist kind="param"><parameteritem>
<parameternamelist>
<parametername>l</parametername>
</parameternamelist>
<parameterdescription>
<para>Lista l </para>
</parameterdescription>
</parameteritem>
<parameteritem>
<parameternamelist>
<parametername>i</parametername>
</parameternamelist>
<parameterdescription>
<para>o índice (nodo) do elemento que pretendemos obter </para>
</parameterdescription>
</parameteritem>
</parameterlist>
<simplesect kind="return"><para>o elemento no índice i da lista l </para>
</simplesect>
</para>
        </detaileddescription>
        <inbodydescription>
        </inbodydescription>
        <location file="Lista.c" line="52" column="6" bodyfile="Lista.c" bodystart="52" bodyend="58"/>
      </memberdef>
      <memberdef kind="function" id="_lista_8c_1a1ba8d733e5338c4787d6802976ada84d" prot="public" static="no" const="no" explicit="no" inline="no" virt="non-virtual">
        <type>int</type>
        <definition>int length</definition>
        <argsstring>(LISTA l)</argsstring>
        <name>length</name>
        <param>
          <type><ref refid="structnodo" kindref="compound">LISTA</ref></type>
          <declname>l</declname>
        </param>
        <briefdescription>
<para>Função que calcula o tamanho da lista. </para>
        </briefdescription>
        <detaileddescription>
<para><parameterlist kind="param"><parameteritem>
<parameternamelist>
<parametername>l</parametername>
</parameternamelist>
<parameterdescription>
<para>Lista l </para>
</parameterdescription>
</parameteritem>
</parameterlist>
<simplesect kind="return"><para>O tamanho da lista </para>
</simplesect>
</para>
        </detaileddescription>
        <inbodydescription>
        </inbodydescription>
        <location file="Lista.c" line="60" column="5" bodyfile="Lista.c" bodystart="60" bodyend="69"/>
      </memberdef>
      <memberdef kind="function" id="_lista_8c_1a270e2bd4d8c8be39b8d7e9f715276f33" prot="public" static="no" const="no" explicit="no" inline="no" virt="non-virtual">
        <type>void</type>
        <definition>void freeList</definition>
        <argsstring>(LISTA l)</argsstring>
        <name>freeList</name>
        <param>
          <type><ref refid="structnodo" kindref="compound">LISTA</ref></type>
          <declname>l</declname>
        </param>
        <briefdescription>
<para>Função que liberta o espaço de uma lista. </para>
        </briefdescription>
        <detaileddescription>
<para><parameterlist kind="param"><parameteritem>
<parameternamelist>
<parametername>l</parametername>
</parameternamelist>
<parameterdescription>
<para>Lista l </para>
</parameterdescription>
</parameteritem>
</parameterlist>
</para>
        </detaileddescription>
        <inbodydescription>
        </inbodydescription>
        <location file="Lista.c" line="71" column="6" bodyfile="Lista.c" bodystart="71" bodyend="78"/>
      </memberdef>
      <memberdef kind="function" id="_lista_8c_1a9dafd8416dab8d06a06e635fe1be8997" prot="public" static="no" const="no" explicit="no" inline="no" virt="non-virtual">
        <type>float</type>
        <definition>float devolvecabeca</definition>
        <argsstring>(LFloat l)</argsstring>
        <name>devolvecabeca</name>
        <param>
          <type><ref refid="structnodof" kindref="compound">LFloat</ref></type>
          <declname>l</declname>
        </param>
        <briefdescription>
<para>Funções que trabalham com floats. </para>
        </briefdescription>
        <detaileddescription>
<para>Função que devolve a cabeça de uma lista de floats <parameterlist kind="param"><parameteritem>
<parameternamelist>
<parametername>l</parametername>
</parameternamelist>
<parameterdescription>
<para>Lista l </para>
</parameterdescription>
</parameteritem>
</parameterlist>
<simplesect kind="return"><para>A cabeça da lista l </para>
</simplesect>
</para>
        </detaileddescription>
        <inbodydescription>
        </inbodydescription>
        <location file="Lista.c" line="82" column="7" bodyfile="Lista.c" bodystart="82" bodyend="88"/>
      </memberdef>
      <memberdef kind="function" id="_lista_8c_1a1a0d6ffbcdf2d09a8e91635148385cfb" prot="public" static="no" const="no" explicit="no" inline="no" virt="non-virtual">
        <type><ref refid="structnodof" kindref="compound">LFloat</ref></type>
        <definition>LFloat inserecabeca</definition>
        <argsstring>(LFloat l, float v)</argsstring>
        <name>inserecabeca</name>
        <param>
          <type><ref refid="structnodof" kindref="compound">LFloat</ref></type>
          <declname>l</declname>
        </param>
        <param>
          <type>float</type>
          <declname>v</declname>
        </param>
        <briefdescription>
<para>Função que insere um valor à cabeça de uma lista. </para>
        </briefdescription>
        <detaileddescription>
<para><parameterlist kind="param"><parameteritem>
<parameternamelist>
<parametername>l</parametername>
</parameternamelist>
<parameterdescription>
<para>Lista l </para>
</parameterdescription>
</parameteritem>
<parameteritem>
<parameternamelist>
<parametername>v</parametername>
</parameternamelist>
<parameterdescription>
<para>O valor a inserir em l </para>
</parameterdescription>
</parameteritem>
</parameterlist>
<simplesect kind="return"><para>Uma lista com v à cabela e l em cauda </para>
</simplesect>
</para>
        </detaileddescription>
        <inbodydescription>
        </inbodydescription>
        <location file="Lista.c" line="90" column="8" bodyfile="Lista.c" bodystart="90" bodyend="95"/>
      </memberdef>
      <memberdef kind="function" id="_lista_8c_1a1f7256f7c5bd665c975fd25bb73d9a3c" prot="public" static="no" const="no" explicit="no" inline="no" virt="non-virtual">
        <type><ref refid="structnodof" kindref="compound">LFloat</ref></type>
        <definition>LFloat snoc</definition>
        <argsstring>(float x, LFloat xs)</argsstring>
        <name>snoc</name>
        <param>
          <type>float</type>
          <declname>x</declname>
        </param>
        <param>
          <type><ref refid="structnodof" kindref="compound">LFloat</ref></type>
          <declname>xs</declname>
        </param>
        <briefdescription>
<para>Função que insere um valor no final de uma lista. </para>
        </briefdescription>
        <detaileddescription>
<para><parameterlist kind="param"><parameteritem>
<parameternamelist>
<parametername>x</parametername>
</parameternamelist>
<parameterdescription>
<para>valor a ser inserido </para>
</parameterdescription>
</parameteritem>
<parameteritem>
<parameternamelist>
<parametername>xs</parametername>
</parameternamelist>
<parameterdescription>
<para>Lista que será considerada cauda </para>
</parameterdescription>
</parameteritem>
</parameterlist>
<simplesect kind="return"><para>Lista com o x na cabeça e a lista xs na cauda </para>
</simplesect>
</para>
        </detaileddescription>
        <inbodydescription>
        </inbodydescription>
        <location file="Lista.c" line="97" column="8" bodyfile="Lista.c" bodystart="97" bodyend="114"/>
      </memberdef>
      <memberdef kind="function" id="_lista_8c_1a5d3d052459b9072994033d86fc4a13ad" prot="public" static="no" const="no" explicit="no" inline="no" virt="non-virtual">
        <type><ref refid="structnodof" kindref="compound">LFloat</ref></type>
        <definition>LFloat removecabeca</definition>
        <argsstring>(LFloat l)</argsstring>
        <name>removecabeca</name>
        <param>
          <type><ref refid="structnodof" kindref="compound">LFloat</ref></type>
          <declname>l</declname>
        </param>
        <briefdescription>
<para>Função que remove a cabeça de uma lista. </para>
        </briefdescription>
        <detaileddescription>
<para><parameterlist kind="param"><parameteritem>
<parameternamelist>
<parametername>l</parametername>
</parameternamelist>
<parameterdescription>
<para>Lista l </para>
</parameterdescription>
</parameteritem>
</parameterlist>
<simplesect kind="return"><para>Lista l sem o valor anteriormente posicionado na cabeça </para>
</simplesect>
</para>
        </detaileddescription>
        <inbodydescription>
        </inbodydescription>
        <location file="Lista.c" line="116" column="8" bodyfile="Lista.c" bodystart="116" bodyend="122"/>
      </memberdef>
      <memberdef kind="function" id="_lista_8c_1ac08e532ac92ed6c96933af09a6592cf5" prot="public" static="no" const="no" explicit="no" inline="no" virt="non-virtual">
        <type><ref refid="structnodof" kindref="compound">LFloat</ref></type>
        <definition>LFloat proximoF</definition>
        <argsstring>(LFloat l)</argsstring>
        <name>proximoF</name>
        <param>
          <type><ref refid="structnodof" kindref="compound">LFloat</ref></type>
          <declname>l</declname>
        </param>
        <briefdescription>
<para>Função que devolve a cauda da lista. </para>
        </briefdescription>
        <detaileddescription>
<para><parameterlist kind="param"><parameteritem>
<parameternamelist>
<parametername>l</parametername>
</parameternamelist>
<parameterdescription>
<para>Lista l </para>
</parameterdescription>
</parameteritem>
</parameterlist>
<simplesect kind="return"><para>Lista que corresponde à cauda da lista l </para>
</simplesect>
</para>
        </detaileddescription>
        <inbodydescription>
        </inbodydescription>
        <location file="Lista.c" line="124" column="8" bodyfile="Lista.c" bodystart="124" bodyend="130"/>
      </memberdef>
      </sectiondef>
    <briefdescription>
    </briefdescription>
    <detaileddescription>
    </detaileddescription>
    <programlisting>
<codeline lineno="1"><highlight class="preprocessor">#include<sp/>&lt;stdio.h&gt;</highlight><highlight class="normal"></highlight></codeline>
<codeline lineno="2"><highlight class="normal"></highlight><highlight class="preprocessor">#include<sp/>&lt;stdlib.h&gt;</highlight><highlight class="normal"></highlight></codeline>
<codeline lineno="3"><highlight class="normal"></highlight><highlight class="preprocessor">#include<sp/>&quot;Lista.h&quot;</highlight><highlight class="normal"></highlight></codeline>
<codeline lineno="4"><highlight class="normal"></highlight></codeline>
<codeline lineno="5"><highlight class="normal"><ref refid="structnodo" kindref="compound">LISTA</ref><sp/>criar_lista(){</highlight></codeline>
<codeline lineno="6"><highlight class="normal"><sp/><sp/><sp/><sp/><ref refid="structnodo" kindref="compound">LISTA</ref><sp/>novalista;</highlight></codeline>
<codeline lineno="7"><highlight class="normal"><sp/><sp/><sp/><sp/>novalista<sp/>=<sp/>malloc(</highlight><highlight class="keyword">sizeof</highlight><highlight class="normal">(<ref refid="structnodo" kindref="compound">NODO</ref>));</highlight></codeline>
<codeline lineno="8"><highlight class="normal"><sp/><sp/><sp/><sp/>novalista-&gt;<ref refid="structnodo_1aade85d7ddbd1b14d52617be67f46f14c" kindref="member">proximo</ref><sp/>=<sp/>NULL;</highlight></codeline>
<codeline lineno="9"><highlight class="normal"><sp/><sp/><sp/><sp/></highlight><highlight class="keywordflow">return</highlight><highlight class="normal"><sp/>novalista;</highlight></codeline>
<codeline lineno="10"><highlight class="normal">}</highlight></codeline>
<codeline lineno="11"><highlight class="normal"></highlight></codeline>
<codeline lineno="12"><highlight class="normal"><ref refid="structnodo" kindref="compound">LISTA</ref><sp/>insere_cabeca(<ref refid="structnodo" kindref="compound">LISTA</ref><sp/>l,<sp/></highlight><highlight class="keywordtype">void</highlight><highlight class="normal"><sp/>*valor){</highlight></codeline>
<codeline lineno="13"><highlight class="normal"><sp/><sp/><sp/><sp/><ref refid="structnodo" kindref="compound">LISTA</ref><sp/>r<sp/>=<sp/>malloc(</highlight><highlight class="keyword">sizeof</highlight><highlight class="normal">(</highlight><highlight class="keyword">struct</highlight><highlight class="normal"><sp/><ref refid="structnodo" kindref="compound">nodo</ref>));</highlight></codeline>
<codeline lineno="14"><highlight class="normal"><sp/><sp/><sp/><sp/>r-&gt;<ref refid="structnodo_1ae15731225441a940966b5d6ce32c23f5" kindref="member">valor</ref><sp/>=<sp/>valor;</highlight></codeline>
<codeline lineno="15"><highlight class="normal"><sp/><sp/><sp/><sp/>r-&gt;<ref refid="structnodo_1aade85d7ddbd1b14d52617be67f46f14c" kindref="member">proximo</ref><sp/>=<sp/>l;</highlight></codeline>
<codeline lineno="16"><highlight class="normal"><sp/><sp/><sp/><sp/></highlight><highlight class="keywordflow">return</highlight><highlight class="normal"><sp/>r;</highlight></codeline>
<codeline lineno="17"><highlight class="normal">}</highlight></codeline>
<codeline lineno="18"><highlight class="normal"></highlight></codeline>
<codeline lineno="19"><highlight class="normal"></highlight><highlight class="comment">//<sp/>Devolve<sp/>a<sp/>cabeça<sp/>da<sp/>lista</highlight><highlight class="normal"></highlight></codeline>
<codeline lineno="20"><highlight class="normal"></highlight><highlight class="keywordtype">void</highlight><highlight class="normal">*<sp/>devolve_cabeca(<ref refid="structnodo" kindref="compound">LISTA</ref><sp/>l){</highlight></codeline>
<codeline lineno="21"><highlight class="normal"><sp/><sp/><sp/><sp/></highlight><highlight class="keywordtype">void</highlight><highlight class="normal"><sp/>*cabeca;</highlight></codeline>
<codeline lineno="22"><highlight class="normal"></highlight></codeline>
<codeline lineno="23"><highlight class="normal"><sp/><sp/><sp/><sp/></highlight><highlight class="keywordflow">if</highlight><highlight class="normal"><sp/>(l<sp/>==<sp/>NULL)<sp/>cabeca<sp/>=<sp/>NULL;</highlight></codeline>
<codeline lineno="24"><highlight class="normal"><sp/><sp/><sp/><sp/></highlight><highlight class="keywordflow">else</highlight><highlight class="normal"><sp/>cabeca<sp/>=<sp/>l-&gt;<ref refid="structnodo_1ae15731225441a940966b5d6ce32c23f5" kindref="member">valor</ref>;</highlight></codeline>
<codeline lineno="25"><highlight class="normal"></highlight></codeline>
<codeline lineno="26"><highlight class="normal"><sp/><sp/><sp/><sp/></highlight><highlight class="keywordflow">return</highlight><highlight class="normal"><sp/>cabeca;</highlight></codeline>
<codeline lineno="27"><highlight class="normal">}</highlight></codeline>
<codeline lineno="28"><highlight class="normal"></highlight></codeline>
<codeline lineno="29"><highlight class="normal"></highlight><highlight class="comment">//Devolve<sp/>a<sp/>cauda<sp/>da<sp/>lista</highlight><highlight class="normal"></highlight></codeline>
<codeline lineno="30"><highlight class="normal"><ref refid="structnodo" kindref="compound">LISTA</ref><sp/>proximo(<ref refid="structnodo" kindref="compound">LISTA</ref><sp/>L){</highlight></codeline>
<codeline lineno="31"><highlight class="normal"><sp/><sp/><sp/><sp/><ref refid="structnodo" kindref="compound">LISTA</ref><sp/>prox;</highlight></codeline>
<codeline lineno="32"><highlight class="normal"><sp/><sp/><sp/><sp/></highlight><highlight class="keywordflow">if</highlight><highlight class="normal"><sp/>(L<sp/>==<sp/>NULL)<sp/>prox<sp/>=<sp/>NULL;</highlight></codeline>
<codeline lineno="33"><highlight class="normal"><sp/><sp/><sp/><sp/></highlight><highlight class="keywordflow">else</highlight><highlight class="normal"><sp/>prox<sp/>=<sp/>L-&gt;<ref refid="structnodo_1aade85d7ddbd1b14d52617be67f46f14c" kindref="member">proximo</ref>;</highlight></codeline>
<codeline lineno="34"><highlight class="normal"></highlight></codeline>
<codeline lineno="35"><highlight class="normal"><sp/><sp/><sp/><sp/></highlight><highlight class="keywordflow">return</highlight><highlight class="normal"><sp/>prox;</highlight></codeline>
<codeline lineno="36"><highlight class="normal">}</highlight></codeline>
<codeline lineno="37"><highlight class="normal"></highlight></codeline>
<codeline lineno="38"><highlight class="normal"><ref refid="structnodo" kindref="compound">LISTA</ref><sp/>remove_cabeca(<ref refid="structnodo" kindref="compound">LISTA</ref><sp/>L){</highlight></codeline>
<codeline lineno="39"><highlight class="normal"><sp/><sp/><sp/><sp/><ref refid="structnodo" kindref="compound">LISTA</ref><sp/>temp<sp/>=<sp/>L;</highlight></codeline>
<codeline lineno="40"><highlight class="normal"><sp/><sp/><sp/><sp/>L<sp/>=<sp/>L-&gt;<ref refid="structnodo_1aade85d7ddbd1b14d52617be67f46f14c" kindref="member">proximo</ref>;</highlight></codeline>
<codeline lineno="41"><highlight class="normal"><sp/><sp/><sp/><sp/>free(temp);</highlight></codeline>
<codeline lineno="42"><highlight class="normal"><sp/><sp/><sp/><sp/></highlight><highlight class="keywordflow">return</highlight><highlight class="normal"><sp/>L;</highlight></codeline>
<codeline lineno="43"><highlight class="normal">}</highlight></codeline>
<codeline lineno="44"><highlight class="normal"></highlight></codeline>
<codeline lineno="45"><highlight class="normal"></highlight><highlight class="keywordtype">int</highlight><highlight class="normal"><sp/>lista_esta_vazia(<ref refid="structnodo" kindref="compound">LISTA</ref><sp/>L){</highlight></codeline>
<codeline lineno="46"><highlight class="normal"><sp/><sp/><sp/><sp/></highlight><highlight class="keywordflow">if</highlight><highlight class="normal"><sp/>(L-&gt;<ref refid="structnodo_1aade85d7ddbd1b14d52617be67f46f14c" kindref="member">proximo</ref><sp/>==<sp/>NULL)</highlight></codeline>
<codeline lineno="47"><highlight class="normal"><sp/><sp/><sp/><sp/><sp/><sp/><sp/><sp/></highlight><highlight class="keywordflow">return</highlight><highlight class="normal"><sp/>1;<sp/></highlight><highlight class="comment">//<sp/>ESTÁ<sp/>VAZIA</highlight><highlight class="normal"></highlight></codeline>
<codeline lineno="48"><highlight class="normal"><sp/><sp/><sp/><sp/></highlight><highlight class="keywordflow">else</highlight><highlight class="normal"></highlight></codeline>
<codeline lineno="49"><highlight class="normal"><sp/><sp/><sp/><sp/><sp/><sp/><sp/><sp/></highlight><highlight class="keywordflow">return</highlight><highlight class="normal"><sp/>0;<sp/></highlight><highlight class="comment">//<sp/>NÃO<sp/>ESTÁ<sp/>VAZIA</highlight><highlight class="normal"></highlight></codeline>
<codeline lineno="50"><highlight class="normal">}</highlight></codeline>
<codeline lineno="51"><highlight class="normal"></highlight></codeline>
<codeline lineno="52"><highlight class="normal"></highlight><highlight class="keywordtype">void</highlight><highlight class="normal">*<sp/>procura<sp/>(<ref refid="structnodo" kindref="compound">LISTA</ref><sp/>l,<sp/></highlight><highlight class="keywordtype">int</highlight><highlight class="normal"><sp/>i){</highlight></codeline>
<codeline lineno="53"><highlight class="normal"><sp/><sp/><sp/><sp/></highlight><highlight class="keywordflow">for</highlight><highlight class="normal"><sp/>(;<sp/>i&gt;0;<sp/>i--){</highlight></codeline>
<codeline lineno="54"><highlight class="normal"><sp/><sp/><sp/><sp/><sp/><sp/><sp/><sp/>l<sp/>=<sp/>proximo(l);</highlight></codeline>
<codeline lineno="55"><highlight class="normal"><sp/><sp/><sp/><sp/>}</highlight></codeline>
<codeline lineno="56"><highlight class="normal"></highlight></codeline>
<codeline lineno="57"><highlight class="normal"><sp/><sp/><sp/><sp/></highlight><highlight class="keywordflow">return</highlight><highlight class="normal"><sp/>devolve_cabeca(l);</highlight></codeline>
<codeline lineno="58"><highlight class="normal">}</highlight></codeline>
<codeline lineno="59"><highlight class="normal"></highlight></codeline>
<codeline lineno="60"><highlight class="normal"></highlight><highlight class="keywordtype">int</highlight><highlight class="normal"><sp/>length(<ref refid="structnodo" kindref="compound">LISTA</ref><sp/>l){</highlight></codeline>
<codeline lineno="61"><highlight class="normal"><sp/><sp/><sp/><sp/></highlight><highlight class="keywordtype">int</highlight><highlight class="normal"><sp/>r<sp/>=<sp/>0;</highlight></codeline>
<codeline lineno="62"><highlight class="normal"></highlight></codeline>
<codeline lineno="63"><highlight class="normal"><sp/><sp/><sp/><sp/></highlight><highlight class="keywordflow">while</highlight><highlight class="normal">(l-&gt;<ref refid="structnodo_1ae15731225441a940966b5d6ce32c23f5" kindref="member">valor</ref><sp/>!=<sp/>NULL){</highlight></codeline>
<codeline lineno="64"><highlight class="normal"><sp/><sp/><sp/><sp/><sp/><sp/><sp/><sp/>l<sp/>=<sp/>proximo(l);</highlight></codeline>
<codeline lineno="65"><highlight class="normal"><sp/><sp/><sp/><sp/><sp/><sp/><sp/><sp/>r++;</highlight></codeline>
<codeline lineno="66"><highlight class="normal"><sp/><sp/><sp/><sp/>}</highlight></codeline>
<codeline lineno="67"><highlight class="normal"></highlight></codeline>
<codeline lineno="68"><highlight class="normal"><sp/><sp/><sp/><sp/></highlight><highlight class="keywordflow">return</highlight><highlight class="normal"><sp/>r;</highlight></codeline>
<codeline lineno="69"><highlight class="normal">}</highlight></codeline>
<codeline lineno="70"><highlight class="normal"></highlight></codeline>
<codeline lineno="71"><highlight class="normal"></highlight><highlight class="keywordtype">void</highlight><highlight class="normal"><sp/>freeList<sp/>(<ref refid="structnodo" kindref="compound">LISTA</ref><sp/>l){</highlight></codeline>
<codeline lineno="72"><highlight class="normal"><sp/><sp/><sp/><sp/><ref refid="structnodo" kindref="compound">LISTA</ref><sp/>tmp;</highlight></codeline>
<codeline lineno="73"><highlight class="normal"><sp/><sp/><sp/><sp/></highlight><highlight class="keywordflow">while</highlight><highlight class="normal"><sp/>(l<sp/>!=<sp/>NULL){</highlight></codeline>
<codeline lineno="74"><highlight class="normal"><sp/><sp/><sp/><sp/><sp/><sp/><sp/><sp/>tmp<sp/>=<sp/>l;</highlight></codeline>
<codeline lineno="75"><highlight class="normal"><sp/><sp/><sp/><sp/><sp/><sp/><sp/><sp/>l=<sp/>l-&gt;<ref refid="structnodo_1aade85d7ddbd1b14d52617be67f46f14c" kindref="member">proximo</ref>;</highlight></codeline>
<codeline lineno="76"><highlight class="normal"><sp/><sp/><sp/><sp/><sp/><sp/><sp/><sp/>free<sp/>(tmp);</highlight></codeline>
<codeline lineno="77"><highlight class="normal"><sp/><sp/><sp/><sp/>}</highlight></codeline>
<codeline lineno="78"><highlight class="normal">}</highlight></codeline>
<codeline lineno="79"><highlight class="normal"></highlight></codeline>
<codeline lineno="80"><highlight class="normal"></highlight><highlight class="comment">//<sp/>FUNÇÕES<sp/>LFLOAT</highlight><highlight class="normal"></highlight></codeline>
<codeline lineno="81"><highlight class="normal"></highlight></codeline>
<codeline lineno="82"><highlight class="normal"></highlight><highlight class="keywordtype">float</highlight><highlight class="normal"><sp/>devolvecabeca(<ref refid="structnodof" kindref="compound">LFloat</ref><sp/>l){</highlight></codeline>
<codeline lineno="83"><highlight class="normal"><sp/><sp/><sp/><sp/></highlight><highlight class="keywordtype">float</highlight><highlight class="normal"><sp/>cabeca;</highlight></codeline>
<codeline lineno="84"><highlight class="normal"></highlight></codeline>
<codeline lineno="85"><highlight class="normal"><sp/><sp/><sp/><sp/>cabeca<sp/>=<sp/>l-&gt;<ref refid="structnodof_1ae75e8606e10187168459b3e42aeb354a" kindref="member">cabeca</ref>;</highlight></codeline>
<codeline lineno="86"><highlight class="normal"></highlight></codeline>
<codeline lineno="87"><highlight class="normal"><sp/><sp/><sp/><sp/></highlight><highlight class="keywordflow">return</highlight><highlight class="normal"><sp/>cabeca;</highlight></codeline>
<codeline lineno="88"><highlight class="normal">}</highlight></codeline>
<codeline lineno="89"><highlight class="normal"></highlight></codeline>
<codeline lineno="90"><highlight class="normal"><ref refid="structnodof" kindref="compound">LFloat</ref><sp/>inserecabeca(<ref refid="structnodof" kindref="compound">LFloat</ref><sp/>l,<sp/></highlight><highlight class="keywordtype">float</highlight><highlight class="normal"><sp/>v){</highlight></codeline>
<codeline lineno="91"><highlight class="normal"><sp/><sp/><sp/><sp/><ref refid="structnodof" kindref="compound">LFloat</ref><sp/>r<sp/>=<sp/>malloc(</highlight><highlight class="keyword">sizeof</highlight><highlight class="normal">(</highlight><highlight class="keyword">struct</highlight><highlight class="normal"><sp/><ref refid="structnodof" kindref="compound">nodof</ref>));</highlight></codeline>
<codeline lineno="92"><highlight class="normal"><sp/><sp/><sp/><sp/>r-&gt;<ref refid="structnodof_1ae75e8606e10187168459b3e42aeb354a" kindref="member">cabeca</ref><sp/>=<sp/>v;</highlight></codeline>
<codeline lineno="93"><highlight class="normal"><sp/><sp/><sp/><sp/>r-&gt;<ref refid="structnodof_1a54d5ca7a18ef14d70c49f8696dfd4238" kindref="member">cauda</ref><sp/>=<sp/>l;</highlight></codeline>
<codeline lineno="94"><highlight class="normal"><sp/><sp/><sp/><sp/></highlight><highlight class="keywordflow">return</highlight><highlight class="normal"><sp/>r;</highlight></codeline>
<codeline lineno="95"><highlight class="normal">}</highlight></codeline>
<codeline lineno="96"><highlight class="normal"></highlight></codeline>
<codeline lineno="97"><highlight class="normal"><ref refid="structnodof" kindref="compound">LFloat</ref><sp/>snoc<sp/>(</highlight><highlight class="keywordtype">float</highlight><highlight class="normal"><sp/>x,<sp/><ref refid="structnodof" kindref="compound">LFloat</ref><sp/>xs)<sp/>{</highlight></codeline>
<codeline lineno="98"><highlight class="normal"><sp/><sp/><sp/><sp/><ref refid="structnodof" kindref="compound">LFloat</ref><sp/>pt,<sp/>ant;</highlight></codeline>
<codeline lineno="99"><highlight class="normal"></highlight></codeline>
<codeline lineno="100"><highlight class="normal"><sp/><sp/><sp/><sp/></highlight><highlight class="keywordflow">for</highlight><highlight class="normal"><sp/>(pt<sp/>=<sp/>xs;<sp/>pt<sp/>!=<sp/>NULL;<sp/>pt<sp/>=<sp/>pt-&gt;<ref refid="structnodof_1a54d5ca7a18ef14d70c49f8696dfd4238" kindref="member">cauda</ref>)</highlight></codeline>
<codeline lineno="101"><highlight class="normal"><sp/><sp/><sp/><sp/><sp/><sp/><sp/><sp/>ant<sp/>=<sp/>pt;</highlight></codeline>
<codeline lineno="102"><highlight class="normal"></highlight></codeline>
<codeline lineno="103"><highlight class="normal"><sp/><sp/><sp/><sp/></highlight><highlight class="comment">//<sp/>ant<sp/>tem<sp/>o<sp/>endereço<sp/>do<sp/>ultimo<sp/>nodo<sp/>da<sp/>lista</highlight><highlight class="normal"></highlight></codeline>
<codeline lineno="104"><highlight class="normal"><sp/><sp/><sp/><sp/></highlight><highlight class="comment">//<sp/>pt<sp/>tem<sp/>o<sp/>valor<sp/>nulo</highlight><highlight class="normal"></highlight></codeline>
<codeline lineno="105"><highlight class="normal"></highlight></codeline>
<codeline lineno="106"><highlight class="normal"><sp/><sp/><sp/><sp/>pt<sp/>=<sp/>malloc<sp/>(</highlight><highlight class="keyword">sizeof</highlight><highlight class="normal"><sp/>(<ref refid="structnodof" kindref="compound">Nodof</ref>));</highlight></codeline>
<codeline lineno="107"><highlight class="normal"><sp/><sp/><sp/><sp/>pt-&gt;<ref refid="structnodof_1ae75e8606e10187168459b3e42aeb354a" kindref="member">cabeca</ref>=x;</highlight></codeline>
<codeline lineno="108"><highlight class="normal"><sp/><sp/><sp/><sp/>pt-&gt;<ref refid="structnodof_1a54d5ca7a18ef14d70c49f8696dfd4238" kindref="member">cauda</ref><sp/>=<sp/>NULL;</highlight></codeline>
<codeline lineno="109"><highlight class="normal"></highlight></codeline>
<codeline lineno="110"><highlight class="normal"><sp/><sp/><sp/><sp/></highlight><highlight class="keywordflow">if</highlight><highlight class="normal"><sp/>(xs<sp/>==<sp/>NULL)<sp/>xs<sp/>=<sp/>pt;</highlight></codeline>
<codeline lineno="111"><highlight class="normal"><sp/><sp/><sp/><sp/></highlight><highlight class="keywordflow">else</highlight><highlight class="normal"><sp/>ant-&gt;<ref refid="structnodof_1a54d5ca7a18ef14d70c49f8696dfd4238" kindref="member">cauda</ref><sp/>=<sp/>pt;</highlight></codeline>
<codeline lineno="112"><highlight class="normal"></highlight></codeline>
<codeline lineno="113"><highlight class="normal"><sp/><sp/><sp/><sp/></highlight><highlight class="keywordflow">return</highlight><highlight class="normal"><sp/>xs;</highlight></codeline>
<codeline lineno="114"><highlight class="normal">}</highlight></codeline>
<codeline lineno="115"><highlight class="normal"></highlight></codeline>
<codeline lineno="116"><highlight class="normal"><ref refid="structnodof" kindref="compound">LFloat</ref><sp/>removecabeca(<ref refid="structnodof" kindref="compound">LFloat</ref><sp/>l){</highlight></codeline>
<codeline lineno="117"><highlight class="normal"><sp/><sp/><sp/><sp/><ref refid="structnodof" kindref="compound">LFloat</ref><sp/>temp<sp/>=<sp/>l;</highlight></codeline>
<codeline lineno="118"><highlight class="normal"><sp/><sp/><sp/><sp/>l<sp/>=<sp/>l-&gt;<ref refid="structnodof_1a54d5ca7a18ef14d70c49f8696dfd4238" kindref="member">cauda</ref>;</highlight></codeline>
<codeline lineno="119"><highlight class="normal"><sp/><sp/><sp/><sp/>free(temp);</highlight></codeline>
<codeline lineno="120"><highlight class="normal"></highlight></codeline>
<codeline lineno="121"><highlight class="normal"><sp/><sp/><sp/><sp/></highlight><highlight class="keywordflow">return</highlight><highlight class="normal"><sp/>l;</highlight></codeline>
<codeline lineno="122"><highlight class="normal">}</highlight></codeline>
<codeline lineno="123"><highlight class="normal"></highlight></codeline>
<codeline lineno="124"><highlight class="normal"><ref refid="structnodof" kindref="compound">LFloat</ref><sp/>proximoF<sp/>(<ref refid="structnodof" kindref="compound">LFloat</ref><sp/>l){</highlight></codeline>
<codeline lineno="125"><highlight class="normal"><sp/><sp/><sp/><sp/><ref refid="structnodof" kindref="compound">LFloat</ref><sp/>lista;</highlight></codeline>
<codeline lineno="126"><highlight class="normal"><sp/><sp/><sp/><sp/></highlight><highlight class="keywordflow">if</highlight><highlight class="normal"><sp/>(l<sp/>==<sp/>NULL)<sp/>lista<sp/>=<sp/>NULL;</highlight></codeline>
<codeline lineno="127"><highlight class="normal"><sp/><sp/><sp/><sp/></highlight><highlight class="keywordflow">else</highlight><highlight class="normal"><sp/>lista<sp/>=<sp/>l-&gt;<ref refid="structnodof_1a54d5ca7a18ef14d70c49f8696dfd4238" kindref="member">cauda</ref>;</highlight></codeline>
<codeline lineno="128"><highlight class="normal"></highlight></codeline>
<codeline lineno="129"><highlight class="normal"><sp/><sp/><sp/><sp/></highlight><highlight class="keywordflow">return</highlight><highlight class="normal"><sp/>lista;</highlight></codeline>
<codeline lineno="130"><highlight class="normal">}</highlight></codeline>
    </programlisting>
    <location file="Lista.c"/>
  </compounddef>
</doxygen>
