<?xml version='1.0' encoding='UTF-8' standalone='no'?>
<doxygen xmlns:xsi="http://www.w3.org/2001/XMLSchema-instance" xsi:noNamespaceSchemaLocation="compound.xsd" version="1.8.18">
  <compounddef id="_logica_8c" kind="file" language="C++">
    <compoundname>Logica.c</compoundname>
    <includes local="no">string.h</includes>
    <includes local="no">stdio.h</includes>
    <includes local="no">stdlib.h</includes>
    <includes refid="_dados_8h" local="yes">Dados.h</includes>
    <includes refid="_logica_8h" local="yes">Logica.h</includes>
    <includes refid="_lista_8h" local="yes">Lista.h</includes>
    <includes local="no">math.h</includes>
    <includes local="no">time.h</includes>
    <incdepgraph>
      <node id="7">
        <label>Lista.h</label>
        <link refid="_lista_8h_source"/>
        <childnode refid="5" relation="include">
        </childnode>
      </node>
      <node id="4">
        <label>stdlib.h</label>
      </node>
      <node id="1">
        <label>Logica.c</label>
        <link refid="_logica_8c"/>
        <childnode refid="2" relation="include">
        </childnode>
        <childnode refid="3" relation="include">
        </childnode>
        <childnode refid="4" relation="include">
        </childnode>
        <childnode refid="5" relation="include">
        </childnode>
        <childnode refid="6" relation="include">
        </childnode>
        <childnode refid="7" relation="include">
        </childnode>
        <childnode refid="8" relation="include">
        </childnode>
        <childnode refid="9" relation="include">
        </childnode>
      </node>
      <node id="6">
        <label>Logica.h</label>
        <link refid="_logica_8h_source"/>
        <childnode refid="7" relation="include">
        </childnode>
      </node>
      <node id="2">
        <label>string.h</label>
      </node>
      <node id="9">
        <label>time.h</label>
      </node>
      <node id="8">
        <label>math.h</label>
      </node>
      <node id="5">
        <label>Dados.h</label>
        <link refid="_dados_8h_source"/>
      </node>
      <node id="3">
        <label>stdio.h</label>
      </node>
    </incdepgraph>
      <sectiondef kind="define">
      <memberdef kind="define" id="_logica_8c_1a6821bafc3c88dfb2e433a095df9940c6" prot="public" static="no">
        <name>BUF_SIZE</name>
        <initializer>1024</initializer>
        <briefdescription>
        </briefdescription>
        <detaileddescription>
        </detaileddescription>
        <inbodydescription>
        </inbodydescription>
        <location file="Logica.c" line="10" column="9" bodyfile="Logica.c" bodystart="10" bodyend="-1"/>
      </memberdef>
      </sectiondef>
      <sectiondef kind="func">
      <memberdef kind="function" id="_logica_8c_1a0679d84b9e9935613b0efa2f746f9843" prot="public" static="no" const="no" explicit="no" inline="no" virt="non-virtual">
        <type>ERRO</type>
        <definition>ERRO coordenada_valida</definition>
        <argsstring>(COORDENADA c)</argsstring>
        <name>coordenada_valida</name>
        <param>
          <type><ref refid="struct_c_o_o_r_d_e_n_a_d_a" kindref="compound">COORDENADA</ref></type>
          <declname>c</declname>
        </param>
        <briefdescription>
<para>Verifica se uma coordenada é válida ou não. </para>
        </briefdescription>
        <detaileddescription>
<para><parameterlist kind="param"><parameteritem>
<parameternamelist>
<parametername>c</parametername>
</parameternamelist>
<parameterdescription>
<para>A coordenada em teste </para>
</parameterdescription>
</parameteritem>
</parameterlist>
<simplesect kind="return"><para>OK caso seja válida e COORDENADA_INVÁLIDA caso contrário </para>
</simplesect>
</para>
        </detaileddescription>
        <inbodydescription>
        </inbodydescription>
        <location file="Logica.c" line="12" column="6" bodyfile="Logica.c" bodystart="12" bodyend="20"/>
      </memberdef>
      <memberdef kind="function" id="_logica_8c_1a304d27b4a0fddb831c9dfe1593cc5793" prot="public" static="no" const="no" explicit="no" inline="no" virt="non-virtual">
        <type>ERRO</type>
        <definition>ERRO verifica_jogada</definition>
        <argsstring>(ESTADO *e, COORDENADA c)</argsstring>
        <name>verifica_jogada</name>
        <param>
          <type><ref refid="struct_e_s_t_a_d_o" kindref="compound">ESTADO</ref> *</type>
          <declname>e</declname>
        </param>
        <param>
          <type><ref refid="struct_c_o_o_r_d_e_n_a_d_a" kindref="compound">COORDENADA</ref></type>
          <declname>c</declname>
        </param>
        <briefdescription>
<para>Verifica a validade de uma jogada. </para>
        </briefdescription>
        <detaileddescription>
<para><parameterlist kind="param"><parameteritem>
<parameternamelist>
<parametername>e</parametername>
</parameternamelist>
<parameterdescription>
<para>O estado atual do jogo </para>
</parameterdescription>
</parameteritem>
<parameteritem>
<parameternamelist>
<parametername>c</parametername>
</parameternamelist>
<parameterdescription>
<para>Coordenada da jogada </para>
</parameterdescription>
</parameteritem>
</parameterlist>
<simplesect kind="return"><para>OK, caso a jogada seja válida e, JOGADA_INVALIDA ,caso contrário </para>
</simplesect>
</para>
        </detaileddescription>
        <inbodydescription>
        </inbodydescription>
        <location file="Logica.c" line="22" column="6" bodyfile="Logica.c" bodystart="22" bodyend="41"/>
      </memberdef>
      <memberdef kind="function" id="_logica_8c_1a598b3397540e456ea6bfb1326e6fc6c5" prot="public" static="no" const="no" explicit="no" inline="no" virt="non-virtual">
        <type>void</type>
        <definition>void atualiza_estado</definition>
        <argsstring>(ESTADO *e, COORDENADA c)</argsstring>
        <name>atualiza_estado</name>
        <param>
          <type><ref refid="struct_e_s_t_a_d_o" kindref="compound">ESTADO</ref> *</type>
          <declname>e</declname>
        </param>
        <param>
          <type><ref refid="struct_c_o_o_r_d_e_n_a_d_a" kindref="compound">COORDENADA</ref></type>
          <declname>c</declname>
        </param>
        <briefdescription>
<para>Atualiza o estado. </para>
        </briefdescription>
        <detaileddescription>
<para><parameterlist kind="param"><parameteritem>
<parameternamelist>
<parametername>e</parametername>
</parameternamelist>
<parameterdescription>
<para>O estado atual do jogo </para>
</parameterdescription>
</parameteritem>
<parameteritem>
<parameternamelist>
<parametername>c</parametername>
</parameternamelist>
<parameterdescription>
<para>A coordenada da última jogada efetuada </para>
</parameterdescription>
</parameteritem>
</parameterlist>
</para>
        </detaileddescription>
        <inbodydescription>
        </inbodydescription>
        <location file="Logica.c" line="43" column="6" bodyfile="Logica.c" bodystart="43" bodyend="60"/>
      </memberdef>
      <memberdef kind="function" id="_logica_8c_1aebce97f4208fa51fd44d37566d5d1aad" prot="public" static="no" const="no" explicit="no" inline="no" virt="non-virtual">
        <type><ref refid="struct_e_s_t_a_d_o" kindref="compound">ESTADO</ref> *</type>
        <definition>ESTADO* jogar</definition>
        <argsstring>(ESTADO *e, COORDENADA c)</argsstring>
        <name>jogar</name>
        <param>
          <type><ref refid="struct_e_s_t_a_d_o" kindref="compound">ESTADO</ref> *</type>
          <declname>e</declname>
        </param>
        <param>
          <type><ref refid="struct_c_o_o_r_d_e_n_a_d_a" kindref="compound">COORDENADA</ref></type>
          <declname>c</declname>
        </param>
        <briefdescription>
<para>Função jogar. </para>
        </briefdescription>
        <detaileddescription>
<para><parameterlist kind="param"><parameteritem>
<parameternamelist>
<parametername>e</parametername>
</parameternamelist>
<parameterdescription>
<para>O estado atual do jogo </para>
</parameterdescription>
</parameteritem>
<parameteritem>
<parameternamelist>
<parametername>c</parametername>
</parameternamelist>
<parameterdescription>
<para>Coordenada da jogada a efetuar </para>
</parameterdescription>
</parameteritem>
</parameterlist>
<simplesect kind="return"><para>O estado atualizado, no caso da jogada ser válida </para>
</simplesect>
</para>
        </detaileddescription>
        <inbodydescription>
        </inbodydescription>
        <location file="Logica.c" line="62" column="8" bodyfile="Logica.c" bodystart="62" bodyend="68"/>
      </memberdef>
      <memberdef kind="function" id="_logica_8c_1a9a0ae8b2e0ca2ed4b5fdd4145a742791" prot="public" static="no" const="no" explicit="no" inline="no" virt="non-virtual">
        <type>int</type>
        <definition>int fim_de_jogo</definition>
        <argsstring>(ESTADO *e)</argsstring>
        <name>fim_de_jogo</name>
        <param>
          <type><ref refid="struct_e_s_t_a_d_o" kindref="compound">ESTADO</ref> *</type>
          <declname>e</declname>
        </param>
        <briefdescription>
<para>Testa se o jogo terminou. </para>
        </briefdescription>
        <detaileddescription>
<para><parameterlist kind="param"><parameteritem>
<parameternamelist>
<parametername>e</parametername>
</parameternamelist>
<parameterdescription>
<para>O estado atual do jogo </para>
</parameterdescription>
</parameteritem>
</parameterlist>
<simplesect kind="return"><para>Um inteiro que corresponde ao jogador que ganha, no caso do jogo terminar ou 0, no caso do jogo não estar concluído </para>
</simplesect>
</para>
        </detaileddescription>
        <inbodydescription>
        </inbodydescription>
        <location file="Logica.c" line="70" column="5" bodyfile="Logica.c" bodystart="70" bodyend="92"/>
      </memberdef>
      <memberdef kind="function" id="_logica_8c_1a77e393f92c4ed9f9980c4a1173aec0fc" prot="public" static="no" const="no" explicit="no" inline="no" virt="non-virtual">
        <type><ref refid="struct_e_s_t_a_d_o" kindref="compound">ESTADO</ref> *</type>
        <definition>ESTADO* pos</definition>
        <argsstring>(ESTADO *e, int jogada)</argsstring>
        <name>pos</name>
        <param>
          <type><ref refid="struct_e_s_t_a_d_o" kindref="compound">ESTADO</ref> *</type>
          <declname>e</declname>
        </param>
        <param>
          <type>int</type>
          <declname>jogada</declname>
        </param>
        <briefdescription>
<para>Comando pos. </para>
        </briefdescription>
        <detaileddescription>
<para><parameterlist kind="param"><parameteritem>
<parameternamelist>
<parametername>e</parametername>
</parameternamelist>
<parameterdescription>
<para>O estado atual do jogo </para>
</parameterdescription>
</parameteritem>
<parameteritem>
<parameternamelist>
<parametername>jogada</parametername>
</parameternamelist>
<parameterdescription>
<para>A jogada para o qual o pos remete </para>
</parameterdescription>
</parameteritem>
</parameterlist>
<simplesect kind="return"><para>o estado do jogo na jogada para a qual se remete </para>
</simplesect>
</para>
        </detaileddescription>
        <inbodydescription>
        </inbodydescription>
        <location file="Logica.c" line="94" column="8" bodyfile="Logica.c" bodystart="94" bodyend="107"/>
      </memberdef>
      <memberdef kind="function" id="_logica_8c_1a7cff84a307f71dff1128c72c51f4da84" prot="public" static="no" const="no" explicit="no" inline="no" virt="non-virtual">
        <type>int</type>
        <definition>int rodeada</definition>
        <argsstring>(ESTADO *e)</argsstring>
        <name>rodeada</name>
        <param>
          <type><ref refid="struct_e_s_t_a_d_o" kindref="compound">ESTADO</ref> *</type>
          <declname>e</declname>
        </param>
        <briefdescription>
<para>Verifica se a peça branca está rodeada de pretas. </para>
        </briefdescription>
        <detaileddescription>
<para><parameterlist kind="param"><parameteritem>
<parameternamelist>
<parametername>e</parametername>
</parameternamelist>
<parameterdescription>
<para>O estado atual do jogo </para>
</parameterdescription>
</parameteritem>
</parameterlist>
<simplesect kind="return"><para>1 no caso da peça estar rodeada e 0, caso contrário </para>
</simplesect>
</para>
        </detaileddescription>
        <inbodydescription>
        </inbodydescription>
        <location file="Logica.c" line="109" column="5" bodyfile="Logica.c" bodystart="109" bodyend="126"/>
      </memberdef>
      <memberdef kind="function" id="_logica_8c_1ace509c45c838a05820c00bae9081d3ec" prot="public" static="no" const="no" explicit="no" inline="no" virt="non-virtual">
        <type><ref refid="struct_c_o_o_r_d_e_n_a_d_a" kindref="compound">COORDENADA</ref></type>
        <definition>COORDENADA jogaleatoria</definition>
        <argsstring>(ESTADO *e)</argsstring>
        <name>jogaleatoria</name>
        <param>
          <type><ref refid="struct_e_s_t_a_d_o" kindref="compound">ESTADO</ref> *</type>
          <declname>e</declname>
        </param>
        <briefdescription>
<para>Função que joga de forma aleatória. </para>
        </briefdescription>
        <detaileddescription>
<para><parameterlist kind="param"><parameteritem>
<parameternamelist>
<parametername>e</parametername>
</parameternamelist>
<parameterdescription>
<para>O estado atual do jogo </para>
</parameterdescription>
</parameteritem>
</parameterlist>
<simplesect kind="return"><para>A coordenada a jogar </para>
</simplesect>
</para>
        </detaileddescription>
        <inbodydescription>
        </inbodydescription>
        <location file="Logica.c" line="128" column="12" bodyfile="Logica.c" bodystart="128" bodyend="141"/>
      </memberdef>
      <memberdef kind="function" id="_logica_8c_1a1955c9d7c965e5b40a24d3d61d126702" prot="public" static="no" const="no" explicit="no" inline="no" virt="non-virtual">
        <type><ref refid="struct_c_o_o_r_d_e_n_a_d_a" kindref="compound">COORDENADA</ref></type>
        <definition>COORDENADA jog</definition>
        <argsstring>(ESTADO *e)</argsstring>
        <name>jog</name>
        <param>
          <type><ref refid="struct_e_s_t_a_d_o" kindref="compound">ESTADO</ref> *</type>
          <declname>e</declname>
        </param>
        <briefdescription>
<para>Função que devolve uma coordenada a jogar de acordo com eurística da distância euclidiana. </para>
        </briefdescription>
        <detaileddescription>
<para><parameterlist kind="param"><parameteritem>
<parameternamelist>
<parametername>e</parametername>
</parameternamelist>
<parameterdescription>
<para>O estado atual do jogo </para>
</parameterdescription>
</parameteritem>
</parameterlist>
<simplesect kind="return"><para>A coordenada a jogar </para>
</simplesect>
</para>
        </detaileddescription>
        <inbodydescription>
        </inbodydescription>
        <location file="Logica.c" line="143" column="12" bodyfile="Logica.c" bodystart="143" bodyend="177"/>
      </memberdef>
      <memberdef kind="function" id="_logica_8c_1a0f7eff749e8c4bd864525a19e64cce57" prot="public" static="no" const="no" explicit="no" inline="no" virt="non-virtual">
        <type><ref refid="structnodo" kindref="compound">LISTA</ref></type>
        <definition>LISTA cria_lista_rodeada</definition>
        <argsstring>(ESTADO *e)</argsstring>
        <name>cria_lista_rodeada</name>
        <param>
          <type><ref refid="struct_e_s_t_a_d_o" kindref="compound">ESTADO</ref> *</type>
          <declname>e</declname>
        </param>
        <briefdescription>
<para>Função que cria lista com coordenadas que rodeiam a coordenada atual. </para>
        </briefdescription>
        <detaileddescription>
<para><parameterlist kind="param"><parameteritem>
<parameternamelist>
<parametername>e</parametername>
</parameternamelist>
<parameterdescription>
<para>O estado atual do jogo </para>
</parameterdescription>
</parameteritem>
</parameterlist>
<simplesect kind="return"><para>Uma lista de coordenadas possíveis </para>
</simplesect>
</para>
        </detaileddescription>
        <inbodydescription>
        </inbodydescription>
        <location file="Logica.c" line="179" column="7" bodyfile="Logica.c" bodystart="179" bodyend="199"/>
      </memberdef>
      <memberdef kind="function" id="_logica_8c_1ab914e00bd099436e46c400693d48c5ef" prot="public" static="no" const="no" explicit="no" inline="no" virt="non-virtual">
        <type><ref refid="structnodof" kindref="compound">LFloat</ref></type>
        <definition>LFloat distancia</definition>
        <argsstring>(LISTA l, COORDENADA c)</argsstring>
        <name>distancia</name>
        <param>
          <type><ref refid="structnodo" kindref="compound">LISTA</ref></type>
          <declname>l</declname>
        </param>
        <param>
          <type><ref refid="struct_c_o_o_r_d_e_n_a_d_a" kindref="compound">COORDENADA</ref></type>
          <declname>c</declname>
        </param>
        <briefdescription>
<para>Função que cria lista com a distância de cada coordenada da lista l até à coordenada c. </para>
        </briefdescription>
        <detaileddescription>
<para><parameterlist kind="param"><parameteritem>
<parameternamelist>
<parametername>l</parametername>
</parameternamelist>
<parameterdescription>
<para>Lista da qual vão ser retiradas as coordenasas </para>
</parameterdescription>
</parameteritem>
<parameteritem>
<parameternamelist>
<parametername>c</parametername>
</parameternamelist>
<parameterdescription>
<para>Coordenada para a qual a distância vai ser avaliada </para>
</parameterdescription>
</parameteritem>
</parameterlist>
<simplesect kind="return"><para>Uma lista de distâncias das coordenadas </para>
</simplesect>
</para>
        </detaileddescription>
        <inbodydescription>
        </inbodydescription>
        <location file="Logica.c" line="201" column="8" bodyfile="Logica.c" bodystart="201" bodyend="213"/>
      </memberdef>
      <memberdef kind="function" id="_logica_8c_1a4a5150fefe76bc86daf43ffaffd50b43" prot="public" static="no" const="no" explicit="no" inline="no" virt="non-virtual">
        <type>float</type>
        <definition>float calculadistancia</definition>
        <argsstring>(COORDENADA a, COORDENADA b)</argsstring>
        <name>calculadistancia</name>
        <param>
          <type><ref refid="struct_c_o_o_r_d_e_n_a_d_a" kindref="compound">COORDENADA</ref></type>
          <declname>a</declname>
        </param>
        <param>
          <type><ref refid="struct_c_o_o_r_d_e_n_a_d_a" kindref="compound">COORDENADA</ref></type>
          <declname>b</declname>
        </param>
        <briefdescription>
<para>Função que calcula a distância entre 2 coordenadas. </para>
        </briefdescription>
        <detaileddescription>
<para><parameterlist kind="param"><parameteritem>
<parameternamelist>
<parametername>a</parametername>
</parameternamelist>
<parameterdescription>
<para>Coordenada a </para>
</parameterdescription>
</parameteritem>
<parameteritem>
<parameternamelist>
<parametername>b</parametername>
</parameternamelist>
<parameterdescription>
<para>Coordenada b </para>
</parameterdescription>
</parameteritem>
</parameterlist>
<simplesect kind="return"><para>A distância entre a e b </para>
</simplesect>
</para>
        </detaileddescription>
        <inbodydescription>
        </inbodydescription>
        <location file="Logica.c" line="215" column="7" bodyfile="Logica.c" bodystart="215" bodyend="221"/>
      </memberdef>
      <memberdef kind="function" id="_logica_8c_1a86d9ed69dac5f978e8cbf5fb2b9dcfd0" prot="public" static="no" const="no" explicit="no" inline="no" virt="non-virtual">
        <type>float</type>
        <definition>float menor</definition>
        <argsstring>(LFloat l)</argsstring>
        <name>menor</name>
        <param>
          <type><ref refid="structnodof" kindref="compound">LFloat</ref></type>
          <declname>l</declname>
        </param>
        <briefdescription>
<para>Função que devolve o menor da lista l. </para>
        </briefdescription>
        <detaileddescription>
<para><parameterlist kind="param"><parameteritem>
<parameternamelist>
<parametername>l</parametername>
</parameternamelist>
<parameterdescription>
<para>A lista l </para>
</parameterdescription>
</parameteritem>
</parameterlist>
<simplesect kind="return"><para>O valor do menor da lista l </para>
</simplesect>
</para>
        </detaileddescription>
        <inbodydescription>
        </inbodydescription>
        <location file="Logica.c" line="223" column="7" bodyfile="Logica.c" bodystart="223" bodyend="240"/>
      </memberdef>
      <memberdef kind="function" id="_logica_8c_1ab3d71d44e4b8fc19e41262af7cf1e958" prot="public" static="no" const="no" explicit="no" inline="no" virt="non-virtual">
        <type>int</type>
        <definition>int elem</definition>
        <argsstring>(LFloat l, float n)</argsstring>
        <name>elem</name>
        <param>
          <type><ref refid="structnodof" kindref="compound">LFloat</ref></type>
          <declname>l</declname>
        </param>
        <param>
          <type>float</type>
          <declname>n</declname>
        </param>
        <briefdescription>
<para>Função que procura um elemento numa lista. </para>
        </briefdescription>
        <detaileddescription>
<para><parameterlist kind="param"><parameteritem>
<parameternamelist>
<parametername>l</parametername>
</parameternamelist>
<parameterdescription>
<para>A lista na qual vai ser procurado o elemento </para>
</parameterdescription>
</parameteritem>
<parameteritem>
<parameternamelist>
<parametername>n</parametername>
</parameternamelist>
<parameterdescription>
<para>O valor que vai ser procurado </para>
</parameterdescription>
</parameteritem>
</parameterlist>
<simplesect kind="return"><para>O índice do elemento na lista </para>
</simplesect>
</para>
        </detaileddescription>
        <inbodydescription>
        </inbodydescription>
        <location file="Logica.c" line="242" column="5" bodyfile="Logica.c" bodystart="242" bodyend="260"/>
      </memberdef>
      <memberdef kind="function" id="_logica_8c_1af40a712de19c302775cc92341f16d49b" prot="public" static="no" const="no" explicit="no" inline="no" virt="non-virtual">
        <type><ref refid="struct_c_o_o_r_d_e_n_a_d_a" kindref="compound">COORDENADA</ref></type>
        <definition>COORDENADA check_mate</definition>
        <argsstring>(ESTADO *e, LISTA l)</argsstring>
        <name>check_mate</name>
        <param>
          <type><ref refid="struct_e_s_t_a_d_o" kindref="compound">ESTADO</ref> *</type>
          <declname>e</declname>
        </param>
        <param>
          <type><ref refid="structnodo" kindref="compound">LISTA</ref></type>
          <declname>l</declname>
        </param>
        <briefdescription>
<para>Função que analisa se é possível fazer check-mate. </para>
        </briefdescription>
        <detaileddescription>
<para><parameterlist kind="param"><parameteritem>
<parameternamelist>
<parametername>e</parametername>
</parameternamelist>
<parameterdescription>
<para>O estado atual do jogo </para>
</parameterdescription>
</parameteritem>
<parameteritem>
<parameternamelist>
<parametername>l</parametername>
</parameternamelist>
<parameterdescription>
<para>Lista de jogadas </para>
</parameterdescription>
</parameteritem>
</parameterlist>
<simplesect kind="return"><para>A coordenada em que ocorre o check-mate </para>
</simplesect>
</para>
        </detaileddescription>
        <inbodydescription>
        </inbodydescription>
        <location file="Logica.c" line="262" column="12" bodyfile="Logica.c" bodystart="262" bodyend="283"/>
      </memberdef>
      <memberdef kind="function" id="_logica_8c_1a633d71de91c954ec33df3e3c4dc421cc" prot="public" static="no" const="no" explicit="no" inline="no" virt="non-virtual">
        <type>int</type>
        <definition>int anticheckmate</definition>
        <argsstring>(ESTADO *e, COORDENADA c)</argsstring>
        <name>anticheckmate</name>
        <param>
          <type><ref refid="struct_e_s_t_a_d_o" kindref="compound">ESTADO</ref> *</type>
          <declname>e</declname>
        </param>
        <param>
          <type><ref refid="struct_c_o_o_r_d_e_n_a_d_a" kindref="compound">COORDENADA</ref></type>
          <declname>c</declname>
        </param>
        <briefdescription>
<para>Função que analisa se o jogador adversário consegue ganhar o jogo. </para>
        </briefdescription>
        <detaileddescription>
<para><parameterlist kind="param"><parameteritem>
<parameternamelist>
<parametername>e</parametername>
</parameternamelist>
<parameterdescription>
<para>O estado atual do jogo </para>
</parameterdescription>
</parameteritem>
<parameteritem>
<parameternamelist>
<parametername>c</parametername>
</parameternamelist>
<parameterdescription>
<para>A coordenada a testar </para>
</parameterdescription>
</parameteritem>
</parameterlist>
<simplesect kind="return"><para>1, se o jogador adversário conseguir ganhar e 0, caso contrário </para>
</simplesect>
</para>
        </detaileddescription>
        <inbodydescription>
        </inbodydescription>
        <location file="Logica.c" line="285" column="5" bodyfile="Logica.c" bodystart="285" bodyend="298"/>
      </memberdef>
      <memberdef kind="function" id="_logica_8c_1a553bb0da6af62c729c5e3782781b0978" prot="public" static="no" const="no" explicit="no" inline="no" virt="non-virtual">
        <type>int</type>
        <definition>int randomNs</definition>
        <argsstring>(int lower, int upper, int count)</argsstring>
        <name>randomNs</name>
        <param>
          <type>int</type>
          <declname>lower</declname>
        </param>
        <param>
          <type>int</type>
          <declname>upper</declname>
        </param>
        <param>
          <type>int</type>
          <declname>count</declname>
        </param>
        <briefdescription>
<para>Função que gera um número aleatório. </para>
        </briefdescription>
        <detaileddescription>
<para><parameterlist kind="param"><parameteritem>
<parameternamelist>
<parametername>lower</parametername>
</parameternamelist>
<parameterdescription>
<para>O limite mínimo do número a gerar </para>
</parameterdescription>
</parameteritem>
<parameteritem>
<parameternamelist>
<parametername>upper</parametername>
</parameternamelist>
<parameterdescription>
<para>O limite máximo do número a gerar </para>
</parameterdescription>
</parameteritem>
<parameteritem>
<parameternamelist>
<parametername>count</parametername>
</parameternamelist>
<parameterdescription>
<para>O número de aleatórios a gerar </para>
</parameterdescription>
</parameteritem>
</parameterlist>
<simplesect kind="return"><para>O número gerado </para>
</simplesect>
</para>
        </detaileddescription>
        <inbodydescription>
        </inbodydescription>
        <location file="Logica.c" line="300" column="5" bodyfile="Logica.c" bodystart="300" bodyend="309"/>
      </memberdef>
      </sectiondef>
    <briefdescription>
    </briefdescription>
    <detaileddescription>
    </detaileddescription>
    <programlisting>
<codeline lineno="1"><highlight class="preprocessor">#include<sp/>&lt;string.h&gt;</highlight><highlight class="normal"></highlight></codeline>
<codeline lineno="2"><highlight class="normal"></highlight><highlight class="preprocessor">#include<sp/>&lt;stdio.h&gt;</highlight><highlight class="normal"></highlight></codeline>
<codeline lineno="3"><highlight class="normal"></highlight><highlight class="preprocessor">#include<sp/>&lt;stdlib.h&gt;</highlight><highlight class="normal"></highlight></codeline>
<codeline lineno="4"><highlight class="normal"></highlight><highlight class="preprocessor">#include<sp/>&quot;Dados.h&quot;</highlight><highlight class="normal"></highlight></codeline>
<codeline lineno="5"><highlight class="normal"></highlight><highlight class="preprocessor">#include<sp/>&quot;Logica.h&quot;</highlight><highlight class="normal"></highlight></codeline>
<codeline lineno="6"><highlight class="normal"></highlight><highlight class="preprocessor">#include<sp/>&quot;Lista.h&quot;</highlight><highlight class="normal"></highlight></codeline>
<codeline lineno="7"><highlight class="normal"></highlight><highlight class="preprocessor">#include<sp/>&lt;math.h&gt;</highlight><highlight class="normal"></highlight></codeline>
<codeline lineno="8"><highlight class="normal"></highlight><highlight class="preprocessor">#include<sp/>&lt;time.h&gt;</highlight><highlight class="normal"></highlight></codeline>
<codeline lineno="9"><highlight class="normal"></highlight></codeline>
<codeline lineno="10"><highlight class="normal"></highlight><highlight class="preprocessor">#define<sp/>BUF_SIZE<sp/>1024</highlight><highlight class="normal"></highlight></codeline>
<codeline lineno="11"><highlight class="normal"></highlight></codeline>
<codeline lineno="12"><highlight class="normal">ERRO<sp/>coordenada_valida(<ref refid="struct_c_o_o_r_d_e_n_a_d_a" kindref="compound">COORDENADA</ref><sp/>c)</highlight></codeline>
<codeline lineno="13"><highlight class="normal">{</highlight></codeline>
<codeline lineno="14"><highlight class="normal"><sp/><sp/><sp/><sp/>ERRO<sp/>verificacao;</highlight></codeline>
<codeline lineno="15"><highlight class="normal"><sp/><sp/><sp/><sp/></highlight><highlight class="keywordtype">int</highlight><highlight class="normal"><sp/>col<sp/>=<sp/>c.<ref refid="struct_c_o_o_r_d_e_n_a_d_a_1ac241af99d2fb991831964fb94b86c7de" kindref="member">coluna</ref>;</highlight></codeline>
<codeline lineno="16"><highlight class="normal"><sp/><sp/><sp/><sp/></highlight><highlight class="keywordtype">int</highlight><highlight class="normal"><sp/>l<sp/>=<sp/>c.<ref refid="struct_c_o_o_r_d_e_n_a_d_a_1a369e9a4d96b7450bbc640fe737db2977" kindref="member">linha</ref>;</highlight></codeline>
<codeline lineno="17"><highlight class="normal"></highlight></codeline>
<codeline lineno="18"><highlight class="normal"><sp/><sp/><sp/><sp/>verificacao<sp/>=<sp/>(col<sp/>&gt;=<sp/>0<sp/>&amp;&amp;<sp/>col<sp/>&lt;<sp/>8<sp/>&amp;&amp;<sp/>l<sp/>&gt;=<sp/>0<sp/>&amp;&amp;<sp/>l<sp/>&lt;<sp/>8)?<sp/>OK<sp/>:<sp/>COORDENADA_INVALIDA;</highlight></codeline>
<codeline lineno="19"><highlight class="normal"><sp/><sp/><sp/><sp/></highlight><highlight class="keywordflow">return</highlight><highlight class="normal"><sp/>verificacao;</highlight></codeline>
<codeline lineno="20"><highlight class="normal">}</highlight></codeline>
<codeline lineno="21"><highlight class="normal"></highlight></codeline>
<codeline lineno="22"><highlight class="normal">ERRO<sp/>verifica_jogada(<ref refid="struct_e_s_t_a_d_o" kindref="compound">ESTADO</ref><sp/>*e,<ref refid="struct_c_o_o_r_d_e_n_a_d_a" kindref="compound">COORDENADA</ref><sp/>c)</highlight></codeline>
<codeline lineno="23"><highlight class="normal">{</highlight></codeline>
<codeline lineno="24"><highlight class="normal"><sp/><sp/><sp/><sp/><ref refid="struct_c_o_o_r_d_e_n_a_d_a" kindref="compound">COORDENADA</ref><sp/>uj<sp/>=<sp/>obter_ultima_jogada(e);</highlight></codeline>
<codeline lineno="25"><highlight class="normal"><sp/><sp/><sp/><sp/></highlight><highlight class="keywordtype">int</highlight><highlight class="normal"><sp/>col<sp/>=<sp/>c.<ref refid="struct_c_o_o_r_d_e_n_a_d_a_1ac241af99d2fb991831964fb94b86c7de" kindref="member">coluna</ref>;</highlight></codeline>
<codeline lineno="26"><highlight class="normal"><sp/><sp/><sp/><sp/></highlight><highlight class="keywordtype">int</highlight><highlight class="normal"><sp/>l<sp/>=<sp/>c.<ref refid="struct_c_o_o_r_d_e_n_a_d_a_1a369e9a4d96b7450bbc640fe737db2977" kindref="member">linha</ref>;</highlight></codeline>
<codeline lineno="27"><highlight class="normal"><sp/><sp/><sp/><sp/></highlight><highlight class="keywordtype">int</highlight><highlight class="normal"><sp/>minl<sp/>=<sp/>uj.<ref refid="struct_c_o_o_r_d_e_n_a_d_a_1a369e9a4d96b7450bbc640fe737db2977" kindref="member">linha</ref><sp/>-<sp/>1;</highlight></codeline>
<codeline lineno="28"><highlight class="normal"><sp/><sp/><sp/><sp/></highlight><highlight class="keywordtype">int</highlight><highlight class="normal"><sp/>maxl<sp/>=<sp/>uj.<ref refid="struct_c_o_o_r_d_e_n_a_d_a_1a369e9a4d96b7450bbc640fe737db2977" kindref="member">linha</ref><sp/>+<sp/>1;</highlight></codeline>
<codeline lineno="29"><highlight class="normal"><sp/><sp/><sp/><sp/></highlight><highlight class="keywordtype">int</highlight><highlight class="normal"><sp/>minc<sp/>=<sp/>uj.<ref refid="struct_c_o_o_r_d_e_n_a_d_a_1ac241af99d2fb991831964fb94b86c7de" kindref="member">coluna</ref><sp/>-<sp/>1;</highlight></codeline>
<codeline lineno="30"><highlight class="normal"><sp/><sp/><sp/><sp/></highlight><highlight class="keywordtype">int</highlight><highlight class="normal"><sp/>maxc<sp/>=<sp/>uj.<ref refid="struct_c_o_o_r_d_e_n_a_d_a_1ac241af99d2fb991831964fb94b86c7de" kindref="member">coluna</ref><sp/>+<sp/>1;</highlight></codeline>
<codeline lineno="31"><highlight class="normal"></highlight></codeline>
<codeline lineno="32"><highlight class="normal"><sp/><sp/><sp/><sp/></highlight><highlight class="keywordflow">if</highlight><highlight class="normal"><sp/>(obter_estado_casa(e,c)<sp/>==<sp/>VAZIO<sp/>||<sp/>obter_estado_casa(e,c)<sp/>==<sp/>UM<sp/>||<sp/>obter_estado_casa(e,c)<sp/>==<sp/>DOIS)<sp/>{</highlight></codeline>
<codeline lineno="33"><highlight class="normal"><sp/><sp/><sp/><sp/><sp/><sp/><sp/><sp/></highlight><highlight class="keywordflow">if</highlight><highlight class="normal"><sp/>((col<sp/>&gt;=<sp/>minc)<sp/>&amp;&amp;<sp/>(col<sp/>&lt;=<sp/>maxc)<sp/>&amp;&amp;<sp/>(l<sp/>&gt;=<sp/>minl)<sp/>&amp;&amp;<sp/>(l<sp/>&lt;=<sp/>maxl))<sp/>{</highlight></codeline>
<codeline lineno="34"><highlight class="normal"><sp/><sp/><sp/><sp/><sp/><sp/><sp/><sp/><sp/><sp/><sp/><sp/></highlight><highlight class="keywordflow">return</highlight><highlight class="normal"><sp/>OK;</highlight></codeline>
<codeline lineno="35"><highlight class="normal"><sp/><sp/><sp/><sp/><sp/><sp/><sp/><sp/>}<sp/></highlight><highlight class="keywordflow">else</highlight><highlight class="normal"><sp/>{</highlight></codeline>
<codeline lineno="36"><highlight class="normal"><sp/><sp/><sp/><sp/><sp/><sp/><sp/><sp/><sp/><sp/><sp/><sp/></highlight><highlight class="keywordflow">return</highlight><highlight class="normal"><sp/>JOGADA_INVALIDA;</highlight></codeline>
<codeline lineno="37"><highlight class="normal"><sp/><sp/><sp/><sp/><sp/><sp/><sp/><sp/>}</highlight></codeline>
<codeline lineno="38"><highlight class="normal"><sp/><sp/><sp/><sp/>}<sp/></highlight><highlight class="keywordflow">else</highlight><highlight class="normal">{</highlight></codeline>
<codeline lineno="39"><highlight class="normal"><sp/><sp/><sp/><sp/><sp/><sp/><sp/><sp/></highlight><highlight class="keywordflow">return</highlight><highlight class="normal"><sp/>JOGADA_INVALIDA;</highlight></codeline>
<codeline lineno="40"><highlight class="normal"><sp/><sp/><sp/><sp/>}</highlight></codeline>
<codeline lineno="41"><highlight class="normal">}</highlight></codeline>
<codeline lineno="42"><highlight class="normal"></highlight></codeline>
<codeline lineno="43"><highlight class="normal"></highlight><highlight class="keywordtype">void</highlight><highlight class="normal"><sp/>atualiza_estado(<ref refid="struct_e_s_t_a_d_o" kindref="compound">ESTADO</ref><sp/>*e,<sp/><ref refid="struct_c_o_o_r_d_e_n_a_d_a" kindref="compound">COORDENADA</ref><sp/>c)</highlight></codeline>
<codeline lineno="44"><highlight class="normal">{</highlight></codeline>
<codeline lineno="45"><highlight class="normal"><sp/><sp/><sp/><sp/></highlight><highlight class="keywordtype">int</highlight><highlight class="normal"><sp/>nj<sp/>=<sp/>obter_numero_de_jogadas(e);</highlight></codeline>
<codeline lineno="46"><highlight class="normal"><sp/><sp/><sp/><sp/></highlight><highlight class="keywordtype">int</highlight><highlight class="normal"><sp/>ja<sp/>=<sp/>obter_jogador_atual(e);</highlight></codeline>
<codeline lineno="47"><highlight class="normal"><sp/><sp/><sp/><sp/>atualiza_jogadas(e,c,nj,ja);</highlight></codeline>
<codeline lineno="48"><highlight class="normal"><sp/><sp/><sp/><sp/></highlight><highlight class="keywordflow">if</highlight><highlight class="normal"><sp/>(ja<sp/>==<sp/>1){</highlight></codeline>
<codeline lineno="49"><highlight class="normal"><sp/><sp/><sp/><sp/><sp/><sp/><sp/><sp/>ja<sp/>=<sp/>2;</highlight></codeline>
<codeline lineno="50"><highlight class="normal"><sp/><sp/><sp/><sp/><sp/><sp/><sp/><sp/>atualiza_jogador(e,ja);</highlight></codeline>
<codeline lineno="51"><highlight class="normal"><sp/><sp/><sp/><sp/>}</highlight><highlight class="keywordflow">else</highlight><highlight class="normal">{</highlight></codeline>
<codeline lineno="52"><highlight class="normal"><sp/><sp/><sp/><sp/><sp/><sp/><sp/><sp/>ja<sp/>=<sp/>1;</highlight></codeline>
<codeline lineno="53"><highlight class="normal"><sp/><sp/><sp/><sp/><sp/><sp/><sp/><sp/>atualiza_jogador(e,ja);</highlight></codeline>
<codeline lineno="54"><highlight class="normal"><sp/><sp/><sp/><sp/><sp/><sp/><sp/><sp/>nj++;</highlight></codeline>
<codeline lineno="55"><highlight class="normal"><sp/><sp/><sp/><sp/><sp/><sp/><sp/><sp/>atualiza_numero_jogadas(e,nj);</highlight></codeline>
<codeline lineno="56"><highlight class="normal"><sp/><sp/><sp/><sp/>}</highlight></codeline>
<codeline lineno="57"><highlight class="normal"><sp/><sp/><sp/><sp/>atualiza_jogadas(e,c,nj,ja);</highlight></codeline>
<codeline lineno="58"><highlight class="normal"><sp/><sp/><sp/><sp/>atualiza_tabuleiro(e,c);</highlight></codeline>
<codeline lineno="59"><highlight class="normal"><sp/><sp/><sp/><sp/>atualiza_ultima_jogada(e,c);</highlight></codeline>
<codeline lineno="60"><highlight class="normal">}</highlight></codeline>
<codeline lineno="61"><highlight class="normal"></highlight></codeline>
<codeline lineno="62"><highlight class="normal"><ref refid="struct_e_s_t_a_d_o" kindref="compound">ESTADO</ref><sp/>*jogar(<ref refid="struct_e_s_t_a_d_o" kindref="compound">ESTADO</ref><sp/>*e,<sp/><ref refid="struct_c_o_o_r_d_e_n_a_d_a" kindref="compound">COORDENADA</ref><sp/>c)<sp/>{</highlight></codeline>
<codeline lineno="63"><highlight class="normal"><sp/><sp/><sp/><sp/>ERRO<sp/>validade<sp/>=<sp/>verifica_jogada(e,c);</highlight></codeline>
<codeline lineno="64"><highlight class="normal"><sp/><sp/><sp/><sp/></highlight><highlight class="keywordflow">if</highlight><highlight class="normal">(validade==OK)<sp/>{</highlight></codeline>
<codeline lineno="65"><highlight class="normal"><sp/><sp/><sp/><sp/><sp/><sp/><sp/><sp/>atualiza_estado(e,c);</highlight></codeline>
<codeline lineno="66"><highlight class="normal"><sp/><sp/><sp/><sp/>}</highlight></codeline>
<codeline lineno="67"><highlight class="normal"><sp/><sp/><sp/><sp/></highlight><highlight class="keywordflow">return</highlight><highlight class="normal"><sp/>e;</highlight></codeline>
<codeline lineno="68"><highlight class="normal">}</highlight></codeline>
<codeline lineno="69"><highlight class="normal"></highlight></codeline>
<codeline lineno="70"><highlight class="normal"></highlight><highlight class="keywordtype">int</highlight><highlight class="normal"><sp/>fim_de_jogo(<ref refid="struct_e_s_t_a_d_o" kindref="compound">ESTADO</ref><sp/>*e)<sp/>{</highlight></codeline>
<codeline lineno="71"><highlight class="normal"><sp/><sp/><sp/><sp/><ref refid="struct_c_o_o_r_d_e_n_a_d_a" kindref="compound">COORDENADA</ref><sp/>c<sp/>=<sp/>{0,7};</highlight></codeline>
<codeline lineno="72"><highlight class="normal"><sp/><sp/><sp/><sp/>CASA<sp/>a<sp/>=<sp/>obter_estado_casa(e,c);<sp/></highlight><highlight class="comment">//<sp/>Casa<sp/>1</highlight><highlight class="normal"></highlight></codeline>
<codeline lineno="73"><highlight class="normal"><sp/><sp/><sp/><sp/>c.<ref refid="struct_c_o_o_r_d_e_n_a_d_a_1ac241af99d2fb991831964fb94b86c7de" kindref="member">coluna</ref><sp/>=<sp/>7;</highlight></codeline>
<codeline lineno="74"><highlight class="normal"><sp/><sp/><sp/><sp/>c.<ref refid="struct_c_o_o_r_d_e_n_a_d_a_1a369e9a4d96b7450bbc640fe737db2977" kindref="member">linha</ref><sp/>=<sp/>0;</highlight></codeline>
<codeline lineno="75"><highlight class="normal"><sp/><sp/><sp/><sp/>CASA<sp/>b<sp/>=<sp/>obter_estado_casa(e,c);<sp/></highlight><highlight class="comment">//<sp/>Casa<sp/>2</highlight><highlight class="normal"></highlight></codeline>
<codeline lineno="76"><highlight class="normal"></highlight></codeline>
<codeline lineno="77"><highlight class="normal"><sp/><sp/><sp/><sp/></highlight><highlight class="keywordflow">if</highlight><highlight class="normal"><sp/>(a<sp/>==<sp/>BRANCA<sp/>)<sp/>{</highlight></codeline>
<codeline lineno="78"><highlight class="normal"><sp/><sp/><sp/><sp/><sp/><sp/><sp/><sp/></highlight><highlight class="keywordflow">return</highlight><highlight class="normal"><sp/>1;</highlight></codeline>
<codeline lineno="79"><highlight class="normal"><sp/><sp/><sp/><sp/>}</highlight></codeline>
<codeline lineno="80"><highlight class="normal"></highlight></codeline>
<codeline lineno="81"><highlight class="normal"><sp/><sp/><sp/><sp/></highlight><highlight class="keywordflow">if</highlight><highlight class="normal"><sp/>(b<sp/>==<sp/>BRANCA)<sp/>{</highlight></codeline>
<codeline lineno="82"><highlight class="normal"><sp/><sp/><sp/><sp/><sp/><sp/><sp/><sp/></highlight><highlight class="keywordflow">return</highlight><highlight class="normal"><sp/>2;</highlight></codeline>
<codeline lineno="83"><highlight class="normal"><sp/><sp/><sp/><sp/>}</highlight></codeline>
<codeline lineno="84"><highlight class="normal"></highlight></codeline>
<codeline lineno="85"><highlight class="normal"><sp/><sp/><sp/><sp/></highlight><highlight class="keywordflow">if</highlight><highlight class="normal"><sp/>(rodeada(e)==1)<sp/>{</highlight></codeline>
<codeline lineno="86"><highlight class="normal"><sp/><sp/><sp/><sp/><sp/><sp/><sp/><sp/></highlight><highlight class="keywordtype">int</highlight><highlight class="normal"><sp/>j<sp/>=<sp/>obter_jogador_atual(e);</highlight></codeline>
<codeline lineno="87"><highlight class="normal"><sp/><sp/><sp/><sp/><sp/><sp/><sp/><sp/></highlight><highlight class="keywordflow">if</highlight><highlight class="normal"><sp/>(j<sp/>==<sp/>1)<sp/>j=2;</highlight></codeline>
<codeline lineno="88"><highlight class="normal"><sp/><sp/><sp/><sp/><sp/><sp/><sp/><sp/></highlight><highlight class="keywordflow">else</highlight><highlight class="normal"><sp/>j<sp/>=<sp/>1;</highlight></codeline>
<codeline lineno="89"><highlight class="normal"><sp/><sp/><sp/><sp/><sp/><sp/><sp/><sp/></highlight><highlight class="keywordflow">return</highlight><highlight class="normal"><sp/>j;</highlight></codeline>
<codeline lineno="90"><highlight class="normal"><sp/><sp/><sp/><sp/>}</highlight></codeline>
<codeline lineno="91"><highlight class="normal"><sp/><sp/><sp/><sp/></highlight><highlight class="keywordflow">else</highlight><highlight class="normal"><sp/></highlight><highlight class="keywordflow">return</highlight><highlight class="normal"><sp/>0;<sp/></highlight><highlight class="comment">//<sp/>Não<sp/>termina<sp/>o<sp/>jogo</highlight><highlight class="normal"></highlight></codeline>
<codeline lineno="92"><highlight class="normal">}</highlight></codeline>
<codeline lineno="93"><highlight class="normal"></highlight></codeline>
<codeline lineno="94"><highlight class="normal"><ref refid="struct_e_s_t_a_d_o" kindref="compound">ESTADO</ref><sp/>*pos(<ref refid="struct_e_s_t_a_d_o" kindref="compound">ESTADO</ref><sp/>*e,<sp/></highlight><highlight class="keywordtype">int</highlight><highlight class="normal"><sp/>jogada)</highlight></codeline>
<codeline lineno="95"><highlight class="normal">{</highlight></codeline>
<codeline lineno="96"><highlight class="normal"><sp/><sp/><sp/><sp/></highlight><highlight class="keywordtype">int</highlight><highlight class="normal"><sp/>i;</highlight></codeline>
<codeline lineno="97"><highlight class="normal"><sp/><sp/><sp/><sp/><ref refid="struct_e_s_t_a_d_o" kindref="compound">ESTADO</ref><sp/>*n_estado;</highlight></codeline>
<codeline lineno="98"><highlight class="normal"><sp/><sp/><sp/><sp/>n_estado<sp/>=<sp/>inicializar_estado();</highlight></codeline>
<codeline lineno="99"><highlight class="normal"></highlight></codeline>
<codeline lineno="100"><highlight class="normal"><sp/><sp/><sp/><sp/></highlight><highlight class="keywordflow">for</highlight><highlight class="normal"><sp/>(i<sp/>=<sp/>0;<sp/>i<sp/>&lt;jogada<sp/>;<sp/>i++)<sp/>{</highlight></codeline>
<codeline lineno="101"><highlight class="normal"><sp/><sp/><sp/><sp/><sp/><sp/><sp/><sp/><ref refid="struct_c_o_o_r_d_e_n_a_d_a" kindref="compound">COORDENADA</ref><sp/>j1<sp/>=<sp/>e-&gt;<ref refid="struct_e_s_t_a_d_o_1afae43b87a488fad0f2b56a18bad31d18" kindref="member">jogadas</ref>[i].jogador1;</highlight></codeline>
<codeline lineno="102"><highlight class="normal"><sp/><sp/><sp/><sp/><sp/><sp/><sp/><sp/><ref refid="struct_c_o_o_r_d_e_n_a_d_a" kindref="compound">COORDENADA</ref><sp/>j2<sp/>=<sp/>e-&gt;<ref refid="struct_e_s_t_a_d_o_1afae43b87a488fad0f2b56a18bad31d18" kindref="member">jogadas</ref>[i].jogador2;</highlight></codeline>
<codeline lineno="103"><highlight class="normal"><sp/><sp/><sp/><sp/><sp/><sp/><sp/><sp/>jogar(n_estado,j1);</highlight></codeline>
<codeline lineno="104"><highlight class="normal"><sp/><sp/><sp/><sp/><sp/><sp/><sp/><sp/>jogar(n_estado,j2);</highlight></codeline>
<codeline lineno="105"><highlight class="normal"><sp/><sp/><sp/><sp/>}</highlight></codeline>
<codeline lineno="106"><highlight class="normal"><sp/><sp/><sp/><sp/></highlight><highlight class="keywordflow">return</highlight><highlight class="normal"><sp/>n_estado;</highlight></codeline>
<codeline lineno="107"><highlight class="normal">}</highlight></codeline>
<codeline lineno="108"><highlight class="normal"></highlight></codeline>
<codeline lineno="109"><highlight class="normal"></highlight><highlight class="keywordtype">int</highlight><highlight class="normal"><sp/>rodeada(<ref refid="struct_e_s_t_a_d_o" kindref="compound">ESTADO</ref><sp/>*e){</highlight></codeline>
<codeline lineno="110"><highlight class="normal"><sp/><sp/><sp/><sp/><ref refid="struct_c_o_o_r_d_e_n_a_d_a" kindref="compound">COORDENADA</ref><sp/>uj<sp/>=<sp/>obter_ultima_jogada(e);</highlight></codeline>
<codeline lineno="111"><highlight class="normal"><sp/><sp/><sp/><sp/><ref refid="struct_c_o_o_r_d_e_n_a_d_a" kindref="compound">COORDENADA</ref><sp/>c<sp/>=<sp/>uj;</highlight></codeline>
<codeline lineno="112"><highlight class="normal"><sp/><sp/><sp/><sp/></highlight><highlight class="keywordtype">int</highlight><highlight class="normal"><sp/>linha,<sp/>coluna;</highlight></codeline>
<codeline lineno="113"><highlight class="normal"></highlight></codeline>
<codeline lineno="114"><highlight class="normal"><sp/><sp/><sp/><sp/></highlight><highlight class="keywordflow">for</highlight><highlight class="normal"><sp/>(linha<sp/>=<sp/>-1;<sp/>linha<sp/>&lt;=1;<sp/>linha++)<sp/>{</highlight></codeline>
<codeline lineno="115"><highlight class="normal"><sp/><sp/><sp/><sp/><sp/><sp/><sp/><sp/></highlight><highlight class="keywordflow">for</highlight><highlight class="normal"><sp/>(coluna<sp/>=<sp/>-1;<sp/>coluna<sp/>&lt;=1<sp/>;<sp/>++coluna)<sp/>{</highlight></codeline>
<codeline lineno="116"><highlight class="normal"><sp/><sp/><sp/><sp/><sp/><sp/><sp/><sp/><sp/><sp/><sp/><sp/>c.<ref refid="struct_c_o_o_r_d_e_n_a_d_a_1a369e9a4d96b7450bbc640fe737db2977" kindref="member">linha</ref><sp/>=<sp/>uj.<ref refid="struct_c_o_o_r_d_e_n_a_d_a_1a369e9a4d96b7450bbc640fe737db2977" kindref="member">linha</ref><sp/>+<sp/>linha;</highlight></codeline>
<codeline lineno="117"><highlight class="normal"><sp/><sp/><sp/><sp/><sp/><sp/><sp/><sp/><sp/><sp/><sp/><sp/>c.<ref refid="struct_c_o_o_r_d_e_n_a_d_a_1ac241af99d2fb991831964fb94b86c7de" kindref="member">coluna</ref><sp/>=<sp/>uj.<ref refid="struct_c_o_o_r_d_e_n_a_d_a_1ac241af99d2fb991831964fb94b86c7de" kindref="member">coluna</ref><sp/>+<sp/>coluna;</highlight></codeline>
<codeline lineno="118"><highlight class="normal"><sp/><sp/><sp/><sp/><sp/><sp/><sp/><sp/><sp/><sp/><sp/><sp/></highlight><highlight class="keywordflow">if</highlight><highlight class="normal">(c.<ref refid="struct_c_o_o_r_d_e_n_a_d_a_1ac241af99d2fb991831964fb94b86c7de" kindref="member">coluna</ref><sp/>==<sp/>uj.<ref refid="struct_c_o_o_r_d_e_n_a_d_a_1ac241af99d2fb991831964fb94b86c7de" kindref="member">coluna</ref><sp/>&amp;&amp;<sp/>c.<ref refid="struct_c_o_o_r_d_e_n_a_d_a_1a369e9a4d96b7450bbc640fe737db2977" kindref="member">linha</ref><sp/>==<sp/>uj.<ref refid="struct_c_o_o_r_d_e_n_a_d_a_1a369e9a4d96b7450bbc640fe737db2977" kindref="member">linha</ref>);</highlight></codeline>
<codeline lineno="119"><highlight class="normal"><sp/><sp/><sp/><sp/><sp/><sp/><sp/><sp/><sp/><sp/><sp/><sp/></highlight><highlight class="keywordflow">else</highlight><highlight class="normal"><sp/></highlight><highlight class="keywordflow">if</highlight><highlight class="normal">(coordenada_valida(c)<sp/>==<sp/>OK){</highlight></codeline>
<codeline lineno="120"><highlight class="normal"><sp/><sp/><sp/><sp/><sp/><sp/><sp/><sp/><sp/><sp/><sp/><sp/><sp/><sp/><sp/><sp/></highlight><highlight class="keywordflow">if</highlight><highlight class="normal"><sp/>(obter_estado_casa(e,c)<sp/>!=<sp/></highlight><highlight class="charliteral">&apos;#&apos;</highlight><highlight class="normal">)</highlight></codeline>
<codeline lineno="121"><highlight class="normal"><sp/><sp/><sp/><sp/><sp/><sp/><sp/><sp/><sp/><sp/><sp/><sp/><sp/><sp/><sp/><sp/><sp/><sp/><sp/><sp/></highlight><highlight class="keywordflow">return</highlight><highlight class="normal"><sp/>0;<sp/></highlight><highlight class="comment">//não<sp/>se<sp/>encontra<sp/>rodeada.</highlight><highlight class="normal"></highlight></codeline>
<codeline lineno="122"><highlight class="normal"><sp/><sp/><sp/><sp/><sp/><sp/><sp/><sp/><sp/><sp/><sp/><sp/>}</highlight></codeline>
<codeline lineno="123"><highlight class="normal"><sp/><sp/><sp/><sp/><sp/><sp/><sp/><sp/>}</highlight></codeline>
<codeline lineno="124"><highlight class="normal"><sp/><sp/><sp/><sp/>}</highlight></codeline>
<codeline lineno="125"><highlight class="normal"><sp/><sp/><sp/><sp/></highlight><highlight class="keywordflow">return</highlight><highlight class="normal"><sp/>1;<sp/></highlight><highlight class="comment">//encontra-se<sp/>rodeada.</highlight><highlight class="normal"></highlight></codeline>
<codeline lineno="126"><highlight class="normal">}</highlight></codeline>
<codeline lineno="127"><highlight class="normal"></highlight></codeline>
<codeline lineno="128"><highlight class="normal"><ref refid="struct_c_o_o_r_d_e_n_a_d_a" kindref="compound">COORDENADA</ref><sp/>jogaleatoria<sp/>(<ref refid="struct_e_s_t_a_d_o" kindref="compound">ESTADO</ref><sp/>*e){</highlight></codeline>
<codeline lineno="129"><highlight class="normal"><sp/><sp/><sp/><sp/><ref refid="structnodo" kindref="compound">LISTA</ref><sp/>l;</highlight></codeline>
<codeline lineno="130"><highlight class="normal"><sp/><sp/><sp/><sp/>l<sp/>=<sp/>cria_lista_rodeada(e);</highlight></codeline>
<codeline lineno="131"><highlight class="normal"><sp/><sp/><sp/><sp/></highlight><highlight class="keywordtype">int</highlight><highlight class="normal"><sp/>lower<sp/>=<sp/>0,<sp/>upper<sp/>=<sp/>length(l)<sp/>-<sp/>1,<sp/>count<sp/>=<sp/>1,<sp/>r;</highlight></codeline>
<codeline lineno="132"><highlight class="normal"><sp/><sp/><sp/><sp/>printf(</highlight><highlight class="stringliteral">&quot;Length:<sp/>%d<sp/>\n&quot;</highlight><highlight class="normal">,<sp/>length(l));</highlight></codeline>
<codeline lineno="133"><highlight class="normal"><sp/><sp/><sp/><sp/>srand(time(NULL));</highlight></codeline>
<codeline lineno="134"><highlight class="normal"><sp/><sp/><sp/><sp/>r<sp/>=<sp/>randomNs(lower,<sp/>upper,<sp/>count);</highlight></codeline>
<codeline lineno="135"><highlight class="normal"><sp/><sp/><sp/><sp/>printf(</highlight><highlight class="stringliteral">&quot;<sp/>r<sp/>:<sp/>%d<sp/>\n&quot;</highlight><highlight class="normal">,<sp/>r);</highlight></codeline>
<codeline lineno="136"><highlight class="normal"><sp/><sp/><sp/><sp/><ref refid="struct_c_o_o_r_d_e_n_a_d_a" kindref="compound">COORDENADA</ref><sp/>c;</highlight></codeline>
<codeline lineno="137"><highlight class="normal"></highlight></codeline>
<codeline lineno="138"><highlight class="normal"><sp/><sp/><sp/><sp/>c<sp/>=<sp/>*(<ref refid="struct_c_o_o_r_d_e_n_a_d_a" kindref="compound">COORDENADA</ref>*)<sp/>procura(l,r);</highlight></codeline>
<codeline lineno="139"><highlight class="normal"></highlight></codeline>
<codeline lineno="140"><highlight class="normal"><sp/><sp/><sp/><sp/></highlight><highlight class="keywordflow">return</highlight><highlight class="normal"><sp/>c;</highlight></codeline>
<codeline lineno="141"><highlight class="normal">}</highlight></codeline>
<codeline lineno="142"><highlight class="normal"></highlight></codeline>
<codeline lineno="143"><highlight class="normal"><ref refid="struct_c_o_o_r_d_e_n_a_d_a" kindref="compound">COORDENADA</ref><sp/>jog(<ref refid="struct_e_s_t_a_d_o" kindref="compound">ESTADO</ref><sp/>*e)<sp/>{</highlight></codeline>
<codeline lineno="144"><highlight class="normal"><sp/><sp/><sp/><sp/><ref refid="structnodo" kindref="compound">LISTA</ref><sp/>l<sp/>=<sp/>cria_lista_rodeada(e);</highlight></codeline>
<codeline lineno="145"><highlight class="normal"><sp/><sp/><sp/><sp/><ref refid="struct_e_s_t_a_d_o" kindref="compound">ESTADO</ref><sp/>*tentativa<sp/>=<sp/>inicializar_estado();</highlight></codeline>
<codeline lineno="146"><highlight class="normal"><sp/><sp/><sp/><sp/>*tentativa<sp/>=<sp/>*e;</highlight></codeline>
<codeline lineno="147"><highlight class="normal"><sp/><sp/><sp/><sp/></highlight><highlight class="keywordtype">int</highlight><highlight class="normal"><sp/>jogador<sp/>=<sp/>obter_jogador_atual(e);</highlight></codeline>
<codeline lineno="148"><highlight class="normal"><sp/><sp/><sp/><sp/><ref refid="struct_c_o_o_r_d_e_n_a_d_a" kindref="compound">COORDENADA</ref><sp/>c,<sp/>nula<sp/>=<sp/>{-1,<sp/>-1},<sp/>a<sp/>=<sp/>{-1,-1},<sp/>cm<sp/>=<sp/>check_mate(e,<sp/>l);</highlight></codeline>
<codeline lineno="149"><highlight class="normal"></highlight></codeline>
<codeline lineno="150"><highlight class="normal"><sp/><sp/><sp/><sp/></highlight><highlight class="keywordflow">if</highlight><highlight class="normal"><sp/>(cm.coluna<sp/>!=<sp/>nula.<ref refid="struct_c_o_o_r_d_e_n_a_d_a_1ac241af99d2fb991831964fb94b86c7de" kindref="member">coluna</ref><sp/>&amp;&amp;<sp/>cm.linha<sp/>!=<sp/>nula.<ref refid="struct_c_o_o_r_d_e_n_a_d_a_1a369e9a4d96b7450bbc640fe737db2977" kindref="member">linha</ref>)<sp/>c<sp/>=<sp/>cm;</highlight></codeline>
<codeline lineno="151"><highlight class="normal"></highlight></codeline>
<codeline lineno="152"><highlight class="normal"><sp/><sp/><sp/><sp/></highlight><highlight class="keywordflow">else</highlight><highlight class="normal"><sp/>{</highlight></codeline>
<codeline lineno="153"><highlight class="normal"><sp/><sp/><sp/><sp/><sp/><sp/><sp/><sp/></highlight><highlight class="keywordflow">if</highlight><highlight class="normal"><sp/>(jogador<sp/>==<sp/>1)<sp/>{</highlight></codeline>
<codeline lineno="154"><highlight class="normal"><sp/><sp/><sp/><sp/><sp/><sp/><sp/><sp/><sp/><sp/><sp/><sp/>a.<ref refid="struct_c_o_o_r_d_e_n_a_d_a_1ac241af99d2fb991831964fb94b86c7de" kindref="member">coluna</ref><sp/>=<sp/>0;</highlight></codeline>
<codeline lineno="155"><highlight class="normal"><sp/><sp/><sp/><sp/><sp/><sp/><sp/><sp/><sp/><sp/><sp/><sp/>a.linha<sp/>=<sp/>7;</highlight></codeline>
<codeline lineno="156"><highlight class="normal"><sp/><sp/><sp/><sp/><sp/><sp/><sp/><sp/>}<sp/></highlight><highlight class="keywordflow">else</highlight><highlight class="normal"><sp/>{</highlight></codeline>
<codeline lineno="157"><highlight class="normal"><sp/><sp/><sp/><sp/><sp/><sp/><sp/><sp/><sp/><sp/><sp/><sp/>a.coluna<sp/>=<sp/>7;</highlight></codeline>
<codeline lineno="158"><highlight class="normal"><sp/><sp/><sp/><sp/><sp/><sp/><sp/><sp/><sp/><sp/><sp/><sp/>a.linha<sp/>=<sp/>0;</highlight></codeline>
<codeline lineno="159"><highlight class="normal"><sp/><sp/><sp/><sp/><sp/><sp/><sp/><sp/>}</highlight></codeline>
<codeline lineno="160"><highlight class="normal"></highlight></codeline>
<codeline lineno="161"><highlight class="normal"><sp/><sp/><sp/><sp/><sp/><sp/><sp/><sp/><ref refid="structnodof" kindref="compound">LFloat</ref><sp/>lista<sp/>=<sp/>distancia(l,<sp/>a);</highlight></codeline>
<codeline lineno="162"><highlight class="normal"><sp/><sp/><sp/><sp/><sp/><sp/><sp/><sp/></highlight><highlight class="keywordtype">int</highlight><highlight class="normal"><sp/>i<sp/>=<sp/>elem(lista,<sp/>menor(lista));</highlight></codeline>
<codeline lineno="163"><highlight class="normal"><sp/><sp/><sp/><sp/><sp/><sp/><sp/><sp/>c<sp/>=<sp/>*(<ref refid="struct_c_o_o_r_d_e_n_a_d_a" kindref="compound">COORDENADA</ref><sp/>*)<sp/>procura(l,<sp/>i);</highlight></codeline>
<codeline lineno="164"><highlight class="normal"></highlight></codeline>
<codeline lineno="165"><highlight class="normal"><sp/><sp/><sp/><sp/><sp/><sp/><sp/><sp/></highlight><highlight class="keywordflow">while</highlight><highlight class="normal"><sp/>(anticheckmate(tentativa,<sp/>c))<sp/>{</highlight></codeline>
<codeline lineno="166"><highlight class="normal"><sp/><sp/><sp/><sp/><sp/><sp/><sp/><sp/><sp/><sp/><sp/><sp/>set_casa(tentativa,<sp/>c,<sp/>PRETA);</highlight></codeline>
<codeline lineno="167"><highlight class="normal"><sp/><sp/><sp/><sp/><sp/><sp/><sp/><sp/><sp/><sp/><sp/><sp/>l<sp/>=<sp/>cria_lista_rodeada(tentativa);</highlight></codeline>
<codeline lineno="168"><highlight class="normal"><sp/><sp/><sp/><sp/><sp/><sp/><sp/><sp/><sp/><sp/><sp/><sp/></highlight><highlight class="keywordflow">if</highlight><highlight class="normal"><sp/>(lista_esta_vazia(l)<sp/>==<sp/>0)<sp/></highlight><highlight class="keywordflow">return</highlight><highlight class="normal"><sp/>c;</highlight></codeline>
<codeline lineno="169"><highlight class="normal"><sp/><sp/><sp/><sp/><sp/><sp/><sp/><sp/><sp/><sp/><sp/><sp/>lista<sp/>=<sp/>distancia(l,<sp/>a);</highlight></codeline>
<codeline lineno="170"><highlight class="normal"><sp/><sp/><sp/><sp/><sp/><sp/><sp/><sp/><sp/><sp/><sp/><sp/>i<sp/>=<sp/>elem(lista,<sp/>menor(lista));</highlight></codeline>
<codeline lineno="171"><highlight class="normal"><sp/><sp/><sp/><sp/><sp/><sp/><sp/><sp/><sp/><sp/><sp/><sp/>c<sp/>=<sp/>*((<ref refid="struct_c_o_o_r_d_e_n_a_d_a" kindref="compound">COORDENADA</ref><sp/>*)<sp/>procura(l,<sp/>i));</highlight></codeline>
<codeline lineno="172"><highlight class="normal"><sp/><sp/><sp/><sp/><sp/><sp/><sp/><sp/>}</highlight></codeline>
<codeline lineno="173"><highlight class="normal"></highlight></codeline>
<codeline lineno="174"><highlight class="normal"><sp/><sp/><sp/><sp/>}</highlight></codeline>
<codeline lineno="175"><highlight class="normal"></highlight></codeline>
<codeline lineno="176"><highlight class="normal"><sp/><sp/><sp/><sp/></highlight><highlight class="keywordflow">return</highlight><highlight class="normal"><sp/>c;</highlight></codeline>
<codeline lineno="177"><highlight class="normal">}</highlight></codeline>
<codeline lineno="178"><highlight class="normal"></highlight></codeline>
<codeline lineno="179"><highlight class="normal"><ref refid="structnodo" kindref="compound">LISTA</ref><sp/>cria_lista_rodeada<sp/>(<ref refid="struct_e_s_t_a_d_o" kindref="compound">ESTADO</ref><sp/>*e)<sp/>{</highlight></codeline>
<codeline lineno="180"><highlight class="normal"><sp/><sp/><sp/><sp/><ref refid="struct_c_o_o_r_d_e_n_a_d_a" kindref="compound">COORDENADA</ref><sp/>uj<sp/>=<sp/>obter_ultima_jogada(e);</highlight></codeline>
<codeline lineno="181"><highlight class="normal"><sp/><sp/><sp/><sp/><ref refid="structnodo" kindref="compound">LISTA</ref><sp/>l<sp/>=<sp/>criar_lista();</highlight></codeline>
<codeline lineno="182"><highlight class="normal"></highlight></codeline>
<codeline lineno="183"><highlight class="normal"><sp/><sp/><sp/><sp/></highlight><highlight class="keywordflow">for</highlight><highlight class="normal"><sp/>(</highlight><highlight class="keywordtype">int</highlight><highlight class="normal"><sp/>i<sp/>=<sp/>-1;<sp/>i<sp/>&lt;=<sp/>1;<sp/>i++)<sp/>{</highlight></codeline>
<codeline lineno="184"><highlight class="normal"><sp/><sp/><sp/><sp/><sp/><sp/><sp/><sp/></highlight><highlight class="keywordflow">for</highlight><highlight class="normal"><sp/>(</highlight><highlight class="keywordtype">int</highlight><highlight class="normal"><sp/>j<sp/>=<sp/>-1;<sp/>j<sp/>&lt;=<sp/>1;<sp/>j++)<sp/>{</highlight></codeline>
<codeline lineno="185"><highlight class="normal"><sp/><sp/><sp/><sp/><sp/><sp/><sp/><sp/><sp/><sp/><sp/><sp/><ref refid="struct_c_o_o_r_d_e_n_a_d_a" kindref="compound">COORDENADA</ref>*<sp/>t<sp/>=<sp/>malloc(</highlight><highlight class="keyword">sizeof</highlight><highlight class="normal">(<ref refid="struct_c_o_o_r_d_e_n_a_d_a" kindref="compound">COORDENADA</ref>));</highlight></codeline>
<codeline lineno="186"><highlight class="normal"><sp/><sp/><sp/><sp/><sp/><sp/><sp/><sp/><sp/><sp/><sp/><sp/>t-&gt;<ref refid="struct_c_o_o_r_d_e_n_a_d_a_1ac241af99d2fb991831964fb94b86c7de" kindref="member">coluna</ref><sp/>=<sp/>uj.<ref refid="struct_c_o_o_r_d_e_n_a_d_a_1ac241af99d2fb991831964fb94b86c7de" kindref="member">coluna</ref><sp/>+<sp/>j;</highlight></codeline>
<codeline lineno="187"><highlight class="normal"><sp/><sp/><sp/><sp/><sp/><sp/><sp/><sp/><sp/><sp/><sp/><sp/>t-&gt;<ref refid="struct_c_o_o_r_d_e_n_a_d_a_1a369e9a4d96b7450bbc640fe737db2977" kindref="member">linha</ref><sp/>=<sp/>uj.<ref refid="struct_c_o_o_r_d_e_n_a_d_a_1a369e9a4d96b7450bbc640fe737db2977" kindref="member">linha</ref><sp/>+<sp/>i;</highlight></codeline>
<codeline lineno="188"><highlight class="normal"></highlight></codeline>
<codeline lineno="189"><highlight class="normal"><sp/><sp/><sp/><sp/><sp/><sp/><sp/><sp/><sp/><sp/><sp/><sp/></highlight><highlight class="keywordflow">if</highlight><highlight class="normal"><sp/>(coordenada_valida(*t)<sp/>==<sp/>OK)</highlight></codeline>
<codeline lineno="190"><highlight class="normal"><sp/><sp/><sp/><sp/><sp/><sp/><sp/><sp/><sp/><sp/><sp/><sp/>{</highlight></codeline>
<codeline lineno="191"><highlight class="normal"><sp/><sp/><sp/><sp/><sp/><sp/><sp/><sp/><sp/><sp/><sp/><sp/><sp/><sp/><sp/><sp/></highlight><highlight class="keywordflow">if</highlight><highlight class="normal"><sp/>(obter_estado_casa(e,<sp/>*t)<sp/>==<sp/>VAZIO<sp/>||<sp/>obter_estado_casa(e,<sp/>*t)<sp/>==<sp/>UM<sp/>||<sp/>obter_estado_casa(e,<sp/>*t)<sp/>==<sp/>DOIS)<sp/>{</highlight></codeline>
<codeline lineno="192"><highlight class="normal"><sp/><sp/><sp/><sp/><sp/><sp/><sp/><sp/><sp/><sp/><sp/><sp/><sp/><sp/><sp/><sp/><sp/><sp/><sp/><sp/>l<sp/>=<sp/>insere_cabeca(l,<sp/>t);</highlight></codeline>
<codeline lineno="193"><highlight class="normal"><sp/><sp/><sp/><sp/><sp/><sp/><sp/><sp/><sp/><sp/><sp/><sp/><sp/><sp/><sp/><sp/>}</highlight></codeline>
<codeline lineno="194"><highlight class="normal"><sp/><sp/><sp/><sp/><sp/><sp/><sp/><sp/><sp/><sp/><sp/><sp/>}</highlight></codeline>
<codeline lineno="195"><highlight class="normal"><sp/><sp/><sp/><sp/><sp/><sp/><sp/><sp/>}</highlight></codeline>
<codeline lineno="196"><highlight class="normal"><sp/><sp/><sp/><sp/>}</highlight></codeline>
<codeline lineno="197"><highlight class="normal"></highlight></codeline>
<codeline lineno="198"><highlight class="normal"><sp/><sp/><sp/><sp/></highlight><highlight class="keywordflow">return</highlight><highlight class="normal"><sp/>l;</highlight></codeline>
<codeline lineno="199"><highlight class="normal">}</highlight></codeline>
<codeline lineno="200"><highlight class="normal"></highlight></codeline>
<codeline lineno="201"><highlight class="normal"><ref refid="structnodof" kindref="compound">LFloat</ref><sp/>distancia<sp/>(<ref refid="structnodo" kindref="compound">LISTA</ref><sp/>l,<sp/><ref refid="struct_c_o_o_r_d_e_n_a_d_a" kindref="compound">COORDENADA</ref><sp/>c){</highlight></codeline>
<codeline lineno="202"><highlight class="normal"><sp/><sp/><sp/><sp/><ref refid="structnodof" kindref="compound">LFloat</ref><sp/>lista<sp/>=<sp/>NULL;</highlight></codeline>
<codeline lineno="203"><highlight class="normal"></highlight></codeline>
<codeline lineno="204"><highlight class="normal"><sp/><sp/><sp/><sp/></highlight><highlight class="keywordflow">while</highlight><highlight class="normal"><sp/>(l-&gt;<ref refid="structnodo_1ae15731225441a940966b5d6ce32c23f5" kindref="member">valor</ref><sp/>!=<sp/>NULL)</highlight></codeline>
<codeline lineno="205"><highlight class="normal"><sp/><sp/><sp/><sp/>{</highlight></codeline>
<codeline lineno="206"><highlight class="normal"><sp/><sp/><sp/><sp/><sp/><sp/><sp/><sp/><ref refid="struct_c_o_o_r_d_e_n_a_d_a" kindref="compound">COORDENADA</ref><sp/>a<sp/>=<sp/>*((<ref refid="struct_c_o_o_r_d_e_n_a_d_a" kindref="compound">COORDENADA</ref>*)<sp/>l-&gt;<ref refid="structnodo_1ae15731225441a940966b5d6ce32c23f5" kindref="member">valor</ref>);</highlight></codeline>
<codeline lineno="207"><highlight class="normal"><sp/><sp/><sp/><sp/><sp/><sp/><sp/><sp/></highlight><highlight class="keywordtype">float</highlight><highlight class="normal"><sp/>d<sp/>=<sp/>calculadistancia(a,<sp/>c);</highlight></codeline>
<codeline lineno="208"><highlight class="normal"><sp/><sp/><sp/><sp/><sp/><sp/><sp/><sp/>lista<sp/>=<sp/>snoc(d,lista);</highlight></codeline>
<codeline lineno="209"><highlight class="normal"><sp/><sp/><sp/><sp/><sp/><sp/><sp/><sp/>l<sp/>=<sp/>proximo(l);</highlight></codeline>
<codeline lineno="210"><highlight class="normal"><sp/><sp/><sp/><sp/>}</highlight></codeline>
<codeline lineno="211"><highlight class="normal"></highlight></codeline>
<codeline lineno="212"><highlight class="normal"><sp/><sp/><sp/><sp/></highlight><highlight class="keywordflow">return</highlight><highlight class="normal"><sp/>lista;</highlight></codeline>
<codeline lineno="213"><highlight class="normal">}</highlight></codeline>
<codeline lineno="214"><highlight class="normal"></highlight></codeline>
<codeline lineno="215"><highlight class="normal"></highlight><highlight class="keywordtype">float</highlight><highlight class="normal"><sp/>calculadistancia<sp/>(<ref refid="struct_c_o_o_r_d_e_n_a_d_a" kindref="compound">COORDENADA</ref><sp/>a,<sp/><ref refid="struct_c_o_o_r_d_e_n_a_d_a" kindref="compound">COORDENADA</ref><sp/>b){</highlight></codeline>
<codeline lineno="216"><highlight class="normal"><sp/><sp/><sp/><sp/></highlight><highlight class="keywordtype">int</highlight><highlight class="normal"><sp/>colA<sp/>=<sp/>a.<ref refid="struct_c_o_o_r_d_e_n_a_d_a_1ac241af99d2fb991831964fb94b86c7de" kindref="member">coluna</ref>,<sp/>lA<sp/>=<sp/>a.<ref refid="struct_c_o_o_r_d_e_n_a_d_a_1a369e9a4d96b7450bbc640fe737db2977" kindref="member">linha</ref>,<sp/>colB<sp/>=<sp/>b.<ref refid="struct_c_o_o_r_d_e_n_a_d_a_1ac241af99d2fb991831964fb94b86c7de" kindref="member">coluna</ref>,<sp/>lB<sp/>=<sp/>b.<ref refid="struct_c_o_o_r_d_e_n_a_d_a_1a369e9a4d96b7450bbc640fe737db2977" kindref="member">linha</ref>;</highlight></codeline>
<codeline lineno="217"><highlight class="normal"><sp/><sp/><sp/><sp/></highlight><highlight class="keywordtype">float</highlight><highlight class="normal"><sp/>distancia;</highlight></codeline>
<codeline lineno="218"><highlight class="normal"><sp/><sp/><sp/><sp/>distancia<sp/>=<sp/>sqrtf(pow(colB<sp/>-<sp/>colA,<sp/>2)<sp/>+<sp/>(powf(lB<sp/>-<sp/>lA,<sp/>2)));</highlight></codeline>
<codeline lineno="219"><highlight class="normal"></highlight></codeline>
<codeline lineno="220"><highlight class="normal"><sp/><sp/><sp/><sp/></highlight><highlight class="keywordflow">return</highlight><highlight class="normal"><sp/>distancia;</highlight></codeline>
<codeline lineno="221"><highlight class="normal">}</highlight></codeline>
<codeline lineno="222"><highlight class="normal"></highlight></codeline>
<codeline lineno="223"><highlight class="normal"></highlight><highlight class="keywordtype">float</highlight><highlight class="normal"><sp/>menor<sp/>(<ref refid="structnodof" kindref="compound">LFloat</ref><sp/>l){</highlight></codeline>
<codeline lineno="224"><highlight class="normal"><sp/><sp/><sp/><sp/><ref refid="struct_c_o_o_r_d_e_n_a_d_a" kindref="compound">COORDENADA</ref><sp/>a<sp/>=<sp/>{0,7};</highlight><highlight class="comment">//<sp/>Coordenada<sp/>1</highlight><highlight class="normal"></highlight></codeline>
<codeline lineno="225"><highlight class="normal"><sp/><sp/><sp/><sp/><ref refid="struct_c_o_o_r_d_e_n_a_d_a" kindref="compound">COORDENADA</ref><sp/>b<sp/>=<sp/>{7,0};</highlight><highlight class="comment">//<sp/>Coordenada<sp/>2</highlight><highlight class="normal"></highlight></codeline>
<codeline lineno="226"><highlight class="normal"><sp/><sp/><sp/><sp/></highlight><highlight class="keywordtype">float</highlight><highlight class="normal"><sp/>maiordistancia<sp/>=<sp/>calculadistancia(a,b);</highlight></codeline>
<codeline lineno="227"><highlight class="normal"><sp/><sp/><sp/><sp/></highlight><highlight class="keywordtype">float</highlight><highlight class="normal"><sp/>menor<sp/>=<sp/>maiordistancia;</highlight></codeline>
<codeline lineno="228"><highlight class="normal"></highlight></codeline>
<codeline lineno="229"><highlight class="normal"><sp/><sp/><sp/><sp/></highlight><highlight class="keywordflow">while</highlight><highlight class="normal">(l<sp/>!=<sp/>NULL){</highlight></codeline>
<codeline lineno="230"><highlight class="normal"></highlight></codeline>
<codeline lineno="231"><highlight class="normal"><sp/><sp/><sp/><sp/><sp/><sp/><sp/><sp/></highlight><highlight class="keywordflow">if</highlight><highlight class="normal"><sp/>(l-&gt;<ref refid="structnodof_1ae75e8606e10187168459b3e42aeb354a" kindref="member">cabeca</ref><sp/>&lt;<sp/>menor)<sp/>{</highlight></codeline>
<codeline lineno="232"><highlight class="normal"><sp/><sp/><sp/><sp/><sp/><sp/><sp/><sp/><sp/><sp/><sp/><sp/>menor<sp/>=<sp/>l-&gt;<ref refid="structnodof_1ae75e8606e10187168459b3e42aeb354a" kindref="member">cabeca</ref>;</highlight></codeline>
<codeline lineno="233"><highlight class="normal"><sp/><sp/><sp/><sp/><sp/><sp/><sp/><sp/><sp/><sp/><sp/><sp/>l<sp/>=<sp/>proximoF(l);</highlight></codeline>
<codeline lineno="234"><highlight class="normal"><sp/><sp/><sp/><sp/><sp/><sp/><sp/><sp/>}</highlight></codeline>
<codeline lineno="235"><highlight class="normal"></highlight></codeline>
<codeline lineno="236"><highlight class="normal"><sp/><sp/><sp/><sp/><sp/><sp/><sp/><sp/></highlight><highlight class="keywordflow">else</highlight><highlight class="normal"><sp/>l<sp/>=<sp/>proximoF(l);</highlight></codeline>
<codeline lineno="237"><highlight class="normal"><sp/><sp/><sp/><sp/>}</highlight></codeline>
<codeline lineno="238"><highlight class="normal"></highlight></codeline>
<codeline lineno="239"><highlight class="normal"><sp/><sp/><sp/><sp/></highlight><highlight class="keywordflow">return</highlight><highlight class="normal"><sp/>menor;</highlight></codeline>
<codeline lineno="240"><highlight class="normal">}</highlight></codeline>
<codeline lineno="241"><highlight class="normal"></highlight></codeline>
<codeline lineno="242"><highlight class="normal"></highlight><highlight class="keywordtype">int</highlight><highlight class="normal"><sp/>elem<sp/>(<ref refid="structnodof" kindref="compound">LFloat</ref><sp/>l,<sp/></highlight><highlight class="keywordtype">float</highlight><highlight class="normal"><sp/>n)</highlight></codeline>
<codeline lineno="243"><highlight class="normal">{</highlight></codeline>
<codeline lineno="244"><highlight class="normal"><sp/><sp/><sp/><sp/></highlight><highlight class="keywordtype">int</highlight><highlight class="normal"><sp/>i<sp/>=<sp/>0;</highlight></codeline>
<codeline lineno="245"><highlight class="normal"></highlight></codeline>
<codeline lineno="246"><highlight class="normal"><sp/><sp/><sp/><sp/></highlight><highlight class="keywordflow">while</highlight><highlight class="normal"><sp/>(l<sp/>!=<sp/>NULL){</highlight></codeline>
<codeline lineno="247"><highlight class="normal"></highlight></codeline>
<codeline lineno="248"><highlight class="normal"><sp/><sp/><sp/><sp/><sp/><sp/><sp/><sp/></highlight><highlight class="keywordflow">if</highlight><highlight class="normal"><sp/>((devolvecabeca(l))<sp/>==<sp/>n)</highlight></codeline>
<codeline lineno="249"><highlight class="normal"><sp/><sp/><sp/><sp/><sp/><sp/><sp/><sp/>{</highlight></codeline>
<codeline lineno="250"><highlight class="normal"><sp/><sp/><sp/><sp/><sp/><sp/><sp/><sp/><sp/><sp/><sp/><sp/></highlight><highlight class="keywordflow">return</highlight><highlight class="normal"><sp/>i;</highlight></codeline>
<codeline lineno="251"><highlight class="normal"><sp/><sp/><sp/><sp/><sp/><sp/><sp/><sp/>}</highlight></codeline>
<codeline lineno="252"><highlight class="normal"></highlight></codeline>
<codeline lineno="253"><highlight class="normal"><sp/><sp/><sp/><sp/><sp/><sp/><sp/><sp/></highlight><highlight class="keywordflow">else</highlight><highlight class="normal">{</highlight></codeline>
<codeline lineno="254"><highlight class="normal"><sp/><sp/><sp/><sp/><sp/><sp/><sp/><sp/><sp/><sp/><sp/><sp/>l<sp/>=<sp/>proximoF(l);</highlight></codeline>
<codeline lineno="255"><highlight class="normal"><sp/><sp/><sp/><sp/><sp/><sp/><sp/><sp/><sp/><sp/><sp/><sp/>i++;</highlight></codeline>
<codeline lineno="256"><highlight class="normal"><sp/><sp/><sp/><sp/><sp/><sp/><sp/><sp/>}</highlight></codeline>
<codeline lineno="257"><highlight class="normal"><sp/><sp/><sp/><sp/>}</highlight></codeline>
<codeline lineno="258"><highlight class="normal"></highlight></codeline>
<codeline lineno="259"><highlight class="normal"><sp/><sp/><sp/><sp/></highlight><highlight class="keywordflow">return</highlight><highlight class="normal"><sp/>i;</highlight></codeline>
<codeline lineno="260"><highlight class="normal">}</highlight></codeline>
<codeline lineno="261"><highlight class="normal"></highlight></codeline>
<codeline lineno="262"><highlight class="normal"><ref refid="struct_c_o_o_r_d_e_n_a_d_a" kindref="compound">COORDENADA</ref><sp/>check_mate(<ref refid="struct_e_s_t_a_d_o" kindref="compound">ESTADO</ref><sp/>*e,<ref refid="structnodo" kindref="compound">LISTA</ref><sp/>l)<sp/>{</highlight></codeline>
<codeline lineno="263"><highlight class="normal"><sp/><sp/><sp/><sp/></highlight><highlight class="keywordtype">int</highlight><highlight class="normal"><sp/>fdj,<sp/>ja;</highlight></codeline>
<codeline lineno="264"><highlight class="normal"><sp/><sp/><sp/><sp/><ref refid="struct_c_o_o_r_d_e_n_a_d_a" kindref="compound">COORDENADA</ref><sp/>c;</highlight></codeline>
<codeline lineno="265"><highlight class="normal"><sp/><sp/><sp/><sp/><ref refid="struct_e_s_t_a_d_o" kindref="compound">ESTADO</ref><sp/>*tentativa<sp/>=<sp/>inicializar_estado();</highlight></codeline>
<codeline lineno="266"><highlight class="normal"><sp/><sp/><sp/><sp/><ref refid="struct_c_o_o_r_d_e_n_a_d_a" kindref="compound">COORDENADA</ref><sp/>nula<sp/>=<sp/>obter_ultima_jogada(e);</highlight></codeline>
<codeline lineno="267"><highlight class="normal"><sp/><sp/><sp/><sp/>nula.<ref refid="struct_c_o_o_r_d_e_n_a_d_a_1a369e9a4d96b7450bbc640fe737db2977" kindref="member">linha</ref><sp/>=<sp/>-1;</highlight></codeline>
<codeline lineno="268"><highlight class="normal"><sp/><sp/><sp/><sp/>nula.<ref refid="struct_c_o_o_r_d_e_n_a_d_a_1ac241af99d2fb991831964fb94b86c7de" kindref="member">coluna</ref><sp/>=<sp/>-1;</highlight></codeline>
<codeline lineno="269"><highlight class="normal"><sp/><sp/><sp/><sp/></highlight><highlight class="keywordflow">if</highlight><highlight class="normal">(l-&gt;<ref refid="structnodo_1ae15731225441a940966b5d6ce32c23f5" kindref="member">valor</ref><sp/>!=<sp/>NULL)<sp/>{</highlight></codeline>
<codeline lineno="270"><highlight class="normal"><sp/><sp/><sp/><sp/><sp/><sp/><sp/><sp/>*tentativa<sp/>=<sp/>*e;</highlight></codeline>
<codeline lineno="271"><highlight class="normal"><sp/><sp/><sp/><sp/><sp/><sp/><sp/><sp/>ja<sp/>=<sp/>obter_jogador_atual(e);</highlight></codeline>
<codeline lineno="272"><highlight class="normal"><sp/><sp/><sp/><sp/><sp/><sp/><sp/><sp/>c<sp/>=<sp/>*(<ref refid="struct_c_o_o_r_d_e_n_a_d_a" kindref="compound">COORDENADA</ref><sp/>*)<sp/>l-&gt;<ref refid="structnodo_1ae15731225441a940966b5d6ce32c23f5" kindref="member">valor</ref>;</highlight></codeline>
<codeline lineno="273"><highlight class="normal"><sp/><sp/><sp/><sp/><sp/><sp/><sp/><sp/>jogar(tentativa,<sp/>c);</highlight></codeline>
<codeline lineno="274"><highlight class="normal"><sp/><sp/><sp/><sp/><sp/><sp/><sp/><sp/>fdj<sp/>=<sp/>fim_de_jogo(tentativa);</highlight></codeline>
<codeline lineno="275"><highlight class="normal"><sp/><sp/><sp/><sp/><sp/><sp/><sp/><sp/></highlight><highlight class="keywordflow">if</highlight><highlight class="normal"><sp/>(fdj<sp/>==<sp/>0<sp/>||<sp/>fdj!=ja)<sp/>{</highlight></codeline>
<codeline lineno="276"><highlight class="normal"><sp/><sp/><sp/><sp/><sp/><sp/><sp/><sp/><sp/><sp/><sp/><sp/>l<sp/>=<sp/>proximo(l);</highlight></codeline>
<codeline lineno="277"><highlight class="normal"><sp/><sp/><sp/><sp/><sp/><sp/><sp/><sp/>}<sp/></highlight><highlight class="keywordflow">else</highlight><highlight class="normal"><sp/></highlight><highlight class="keywordflow">if</highlight><highlight class="normal"><sp/>(ja<sp/>==<sp/>fdj)<sp/>{</highlight></codeline>
<codeline lineno="278"><highlight class="normal"><sp/><sp/><sp/><sp/><sp/><sp/><sp/><sp/><sp/><sp/><sp/><sp/></highlight><highlight class="keywordflow">return</highlight><highlight class="normal"><sp/>c;<sp/></highlight><highlight class="comment">//faz<sp/>cheque-mate</highlight><highlight class="normal"></highlight></codeline>
<codeline lineno="279"><highlight class="normal"><sp/><sp/><sp/><sp/><sp/><sp/><sp/><sp/>}</highlight></codeline>
<codeline lineno="280"><highlight class="normal"><sp/><sp/><sp/><sp/>}</highlight></codeline>
<codeline lineno="281"><highlight class="normal"></highlight></codeline>
<codeline lineno="282"><highlight class="normal"><sp/><sp/><sp/><sp/></highlight><highlight class="keywordflow">return</highlight><highlight class="normal"><sp/>nula;</highlight></codeline>
<codeline lineno="283"><highlight class="normal">}</highlight></codeline>
<codeline lineno="284"><highlight class="normal"></highlight></codeline>
<codeline lineno="285"><highlight class="normal"></highlight><highlight class="keywordtype">int</highlight><highlight class="normal"><sp/>anticheckmate(<ref refid="struct_e_s_t_a_d_o" kindref="compound">ESTADO</ref><sp/>*e,<sp/><ref refid="struct_c_o_o_r_d_e_n_a_d_a" kindref="compound">COORDENADA</ref><sp/>c){</highlight></codeline>
<codeline lineno="286"><highlight class="normal"><sp/><sp/><sp/><sp/><ref refid="struct_e_s_t_a_d_o" kindref="compound">ESTADO</ref><sp/>*tentativa<sp/>=<sp/>inicializar_estado();</highlight></codeline>
<codeline lineno="287"><highlight class="normal"><sp/><sp/><sp/><sp/>*tentativa<sp/>=<sp/>*e;</highlight></codeline>
<codeline lineno="288"><highlight class="normal"><sp/><sp/><sp/><sp/>jogar(tentativa,c);</highlight></codeline>
<codeline lineno="289"><highlight class="normal"><sp/><sp/><sp/><sp/><ref refid="structnodo" kindref="compound">LISTA</ref><sp/>l<sp/>=<sp/>cria_lista_rodeada(tentativa);</highlight></codeline>
<codeline lineno="290"><highlight class="normal"><sp/><sp/><sp/><sp/><ref refid="struct_c_o_o_r_d_e_n_a_d_a" kindref="compound">COORDENADA</ref><sp/>nula<sp/>=<sp/>{-1,-1};</highlight></codeline>
<codeline lineno="291"><highlight class="normal"><sp/><sp/><sp/><sp/><ref refid="struct_c_o_o_r_d_e_n_a_d_a" kindref="compound">COORDENADA</ref><sp/>cm<sp/>=<sp/>check_mate(tentativa,l);</highlight></codeline>
<codeline lineno="292"><highlight class="normal"></highlight></codeline>
<codeline lineno="293"><highlight class="normal"><sp/><sp/><sp/><sp/></highlight><highlight class="keywordflow">if</highlight><highlight class="normal"><sp/>(cm.<ref refid="struct_c_o_o_r_d_e_n_a_d_a_1a369e9a4d96b7450bbc640fe737db2977" kindref="member">linha</ref><sp/>==<sp/>nula.<ref refid="struct_c_o_o_r_d_e_n_a_d_a_1a369e9a4d96b7450bbc640fe737db2977" kindref="member">linha</ref><sp/>&amp;&amp;<sp/>cm.<ref refid="struct_c_o_o_r_d_e_n_a_d_a_1ac241af99d2fb991831964fb94b86c7de" kindref="member">coluna</ref><sp/>==<sp/>nula.<ref refid="struct_c_o_o_r_d_e_n_a_d_a_1ac241af99d2fb991831964fb94b86c7de" kindref="member">coluna</ref>)</highlight></codeline>
<codeline lineno="294"><highlight class="normal"><sp/><sp/><sp/><sp/>{</highlight></codeline>
<codeline lineno="295"><highlight class="normal"><sp/><sp/><sp/><sp/><sp/><sp/><sp/><sp/></highlight><highlight class="keywordflow">return</highlight><highlight class="normal"><sp/>0;<sp/></highlight><highlight class="comment">//<sp/>pode<sp/>jogar</highlight><highlight class="normal"></highlight></codeline>
<codeline lineno="296"><highlight class="normal"><sp/><sp/><sp/><sp/>}</highlight></codeline>
<codeline lineno="297"><highlight class="normal"><sp/><sp/><sp/><sp/></highlight><highlight class="keywordflow">else</highlight><highlight class="normal"><sp/></highlight><highlight class="keywordflow">return</highlight><highlight class="normal"><sp/>1;<sp/></highlight><highlight class="comment">//<sp/>não<sp/>pode<sp/>jogar</highlight><highlight class="normal"></highlight></codeline>
<codeline lineno="298"><highlight class="normal">}</highlight></codeline>
<codeline lineno="299"><highlight class="normal"></highlight></codeline>
<codeline lineno="300"><highlight class="normal"></highlight><highlight class="keywordtype">int</highlight><highlight class="normal"><sp/>randomNs(</highlight><highlight class="keywordtype">int</highlight><highlight class="normal"><sp/>lower,<sp/></highlight><highlight class="keywordtype">int</highlight><highlight class="normal"><sp/>upper,<sp/></highlight><highlight class="keywordtype">int</highlight><highlight class="normal"><sp/>count)</highlight></codeline>
<codeline lineno="301"><highlight class="normal">{</highlight></codeline>
<codeline lineno="302"><highlight class="normal"><sp/><sp/><sp/><sp/></highlight><highlight class="keywordtype">int</highlight><highlight class="normal"><sp/>i,<sp/>num;</highlight></codeline>
<codeline lineno="303"><highlight class="normal"><sp/><sp/><sp/><sp/></highlight><highlight class="keywordflow">for</highlight><highlight class="normal"><sp/>(i<sp/>=<sp/>0;<sp/>i<sp/>&lt;<sp/>count;<sp/>i++)</highlight></codeline>
<codeline lineno="304"><highlight class="normal"><sp/><sp/><sp/><sp/>{</highlight></codeline>
<codeline lineno="305"><highlight class="normal"><sp/><sp/><sp/><sp/><sp/><sp/><sp/><sp/>num<sp/>=<sp/>(rand()<sp/>%</highlight></codeline>
<codeline lineno="306"><highlight class="normal"><sp/><sp/><sp/><sp/><sp/><sp/><sp/><sp/><sp/><sp/><sp/><sp/><sp/><sp/><sp/>(upper<sp/>-<sp/>lower<sp/>+<sp/>1))<sp/>+<sp/>lower;</highlight></codeline>
<codeline lineno="307"><highlight class="normal"><sp/><sp/><sp/><sp/>}</highlight></codeline>
<codeline lineno="308"><highlight class="normal"><sp/><sp/><sp/><sp/></highlight><highlight class="keywordflow">return</highlight><highlight class="normal"><sp/>num;</highlight></codeline>
<codeline lineno="309"><highlight class="normal">}</highlight></codeline>
    </programlisting>
    <location file="Logica.c"/>
  </compounddef>
</doxygen>
