<?xml version='1.0' encoding='UTF-8' standalone='no'?>
<doxygen xmlns:xsi="http://www.w3.org/2001/XMLSchema-instance" xsi:noNamespaceSchemaLocation="compound.xsd" version="1.8.18">
  <compounddef id="_logica_8h" kind="file" language="C++">
    <compoundname>Logica.h</compoundname>
    <includes refid="_lista_8h" local="yes">Lista.h</includes>
    <includedby refid="_interface_8c" local="yes">Interface.c</includedby>
    <includedby refid="_logica_8c" local="yes">Logica.c</includedby>
    <incdepgraph>
      <node id="2">
        <label>Lista.h</label>
        <link refid="_lista_8h_source"/>
        <childnode refid="3" relation="include">
        </childnode>
      </node>
      <node id="1">
        <label>Logica.h</label>
        <link refid="_logica_8h"/>
        <childnode refid="2" relation="include">
        </childnode>
      </node>
      <node id="3">
        <label>Dados.h</label>
        <link refid="_dados_8h_source"/>
      </node>
    </incdepgraph>
      <sectiondef kind="func">
      <memberdef kind="function" id="_logica_8h_1a0679d84b9e9935613b0efa2f746f9843" prot="public" static="no" const="no" explicit="no" inline="no" virt="non-virtual">
        <type>ERRO</type>
        <definition>ERRO coordenada_valida</definition>
        <argsstring>(COORDENADA c)</argsstring>
        <name>coordenada_valida</name>
        <param>
          <type><ref refid="struct_c_o_o_r_d_e_n_a_d_a" kindref="compound">COORDENADA</ref></type>
          <declname>c</declname>
        </param>
        <briefdescription>
<para>Verifica se uma coordenada é válida ou não. </para>
        </briefdescription>
        <detaileddescription>
<para><parameterlist kind="param"><parameteritem>
<parameternamelist>
<parametername>c</parametername>
</parameternamelist>
<parameterdescription>
<para>A coordenada em teste </para>
</parameterdescription>
</parameteritem>
</parameterlist>
<simplesect kind="return"><para>OK caso seja válida e COORDENADA_INVÁLIDA caso contrário </para>
</simplesect>
</para>
        </detaileddescription>
        <inbodydescription>
        </inbodydescription>
        <location file="Logica.h" line="11" column="6" bodyfile="Logica.c" bodystart="12" bodyend="20" declfile="Logica.h" declline="11" declcolumn="6"/>
      </memberdef>
      <memberdef kind="function" id="_logica_8h_1a304d27b4a0fddb831c9dfe1593cc5793" prot="public" static="no" const="no" explicit="no" inline="no" virt="non-virtual">
        <type>ERRO</type>
        <definition>ERRO verifica_jogada</definition>
        <argsstring>(ESTADO *e, COORDENADA c)</argsstring>
        <name>verifica_jogada</name>
        <param>
          <type><ref refid="struct_e_s_t_a_d_o" kindref="compound">ESTADO</ref> *</type>
          <declname>e</declname>
        </param>
        <param>
          <type><ref refid="struct_c_o_o_r_d_e_n_a_d_a" kindref="compound">COORDENADA</ref></type>
          <declname>c</declname>
        </param>
        <briefdescription>
<para>Verifica a validade de uma jogada. </para>
        </briefdescription>
        <detaileddescription>
<para><parameterlist kind="param"><parameteritem>
<parameternamelist>
<parametername>e</parametername>
</parameternamelist>
<parameterdescription>
<para>O estado atual do jogo </para>
</parameterdescription>
</parameteritem>
<parameteritem>
<parameternamelist>
<parametername>c</parametername>
</parameternamelist>
<parameterdescription>
<para>Coordenada da jogada </para>
</parameterdescription>
</parameteritem>
</parameterlist>
<simplesect kind="return"><para>OK, caso a jogada seja válida e, JOGADA_INVALIDA ,caso contrário </para>
</simplesect>
</para>
        </detaileddescription>
        <inbodydescription>
        </inbodydescription>
        <location file="Logica.h" line="19" column="6" bodyfile="Logica.c" bodystart="22" bodyend="41" declfile="Logica.h" declline="19" declcolumn="6"/>
      </memberdef>
      <memberdef kind="function" id="_logica_8h_1a598b3397540e456ea6bfb1326e6fc6c5" prot="public" static="no" const="no" explicit="no" inline="no" virt="non-virtual">
        <type>void</type>
        <definition>void atualiza_estado</definition>
        <argsstring>(ESTADO *e, COORDENADA c)</argsstring>
        <name>atualiza_estado</name>
        <param>
          <type><ref refid="struct_e_s_t_a_d_o" kindref="compound">ESTADO</ref> *</type>
          <declname>e</declname>
        </param>
        <param>
          <type><ref refid="struct_c_o_o_r_d_e_n_a_d_a" kindref="compound">COORDENADA</ref></type>
          <declname>c</declname>
        </param>
        <briefdescription>
<para>Atualiza o estado. </para>
        </briefdescription>
        <detaileddescription>
<para><parameterlist kind="param"><parameteritem>
<parameternamelist>
<parametername>e</parametername>
</parameternamelist>
<parameterdescription>
<para>O estado atual do jogo </para>
</parameterdescription>
</parameteritem>
<parameteritem>
<parameternamelist>
<parametername>c</parametername>
</parameternamelist>
<parameterdescription>
<para>A coordenada da última jogada efetuada </para>
</parameterdescription>
</parameteritem>
</parameterlist>
</para>
        </detaileddescription>
        <inbodydescription>
        </inbodydescription>
        <location file="Logica.h" line="26" column="6" bodyfile="Logica.c" bodystart="43" bodyend="60" declfile="Logica.h" declline="26" declcolumn="6"/>
      </memberdef>
      <memberdef kind="function" id="_logica_8h_1aebce97f4208fa51fd44d37566d5d1aad" prot="public" static="no" const="no" explicit="no" inline="no" virt="non-virtual">
        <type><ref refid="struct_e_s_t_a_d_o" kindref="compound">ESTADO</ref> *</type>
        <definition>ESTADO* jogar</definition>
        <argsstring>(ESTADO *e, COORDENADA c)</argsstring>
        <name>jogar</name>
        <param>
          <type><ref refid="struct_e_s_t_a_d_o" kindref="compound">ESTADO</ref> *</type>
          <declname>e</declname>
        </param>
        <param>
          <type><ref refid="struct_c_o_o_r_d_e_n_a_d_a" kindref="compound">COORDENADA</ref></type>
          <declname>c</declname>
        </param>
        <briefdescription>
<para>Função jogar. </para>
        </briefdescription>
        <detaileddescription>
<para><parameterlist kind="param"><parameteritem>
<parameternamelist>
<parametername>e</parametername>
</parameternamelist>
<parameterdescription>
<para>O estado atual do jogo </para>
</parameterdescription>
</parameteritem>
<parameteritem>
<parameternamelist>
<parametername>c</parametername>
</parameternamelist>
<parameterdescription>
<para>Coordenada da jogada a efetuar </para>
</parameterdescription>
</parameteritem>
</parameterlist>
<simplesect kind="return"><para>O estado atualizado, no caso da jogada ser válida </para>
</simplesect>
</para>
        </detaileddescription>
        <inbodydescription>
        </inbodydescription>
        <location file="Logica.h" line="34" column="8" bodyfile="Logica.c" bodystart="62" bodyend="68" declfile="Logica.h" declline="34" declcolumn="8"/>
      </memberdef>
      <memberdef kind="function" id="_logica_8h_1a9a0ae8b2e0ca2ed4b5fdd4145a742791" prot="public" static="no" const="no" explicit="no" inline="no" virt="non-virtual">
        <type>int</type>
        <definition>int fim_de_jogo</definition>
        <argsstring>(ESTADO *e)</argsstring>
        <name>fim_de_jogo</name>
        <param>
          <type><ref refid="struct_e_s_t_a_d_o" kindref="compound">ESTADO</ref> *</type>
          <declname>e</declname>
        </param>
        <briefdescription>
<para>Testa se o jogo terminou. </para>
        </briefdescription>
        <detaileddescription>
<para><parameterlist kind="param"><parameteritem>
<parameternamelist>
<parametername>e</parametername>
</parameternamelist>
<parameterdescription>
<para>O estado atual do jogo </para>
</parameterdescription>
</parameteritem>
</parameterlist>
<simplesect kind="return"><para>Um inteiro que corresponde ao jogador que ganha, no caso do jogo terminar ou 0, no caso do jogo não estar concluído </para>
</simplesect>
</para>
        </detaileddescription>
        <inbodydescription>
        </inbodydescription>
        <location file="Logica.h" line="41" column="5" bodyfile="Logica.c" bodystart="70" bodyend="92" declfile="Logica.h" declline="41" declcolumn="5"/>
      </memberdef>
      <memberdef kind="function" id="_logica_8h_1a77e393f92c4ed9f9980c4a1173aec0fc" prot="public" static="no" const="no" explicit="no" inline="no" virt="non-virtual">
        <type><ref refid="struct_e_s_t_a_d_o" kindref="compound">ESTADO</ref> *</type>
        <definition>ESTADO* pos</definition>
        <argsstring>(ESTADO *e, int jogada)</argsstring>
        <name>pos</name>
        <param>
          <type><ref refid="struct_e_s_t_a_d_o" kindref="compound">ESTADO</ref> *</type>
          <declname>e</declname>
        </param>
        <param>
          <type>int</type>
          <declname>jogada</declname>
        </param>
        <briefdescription>
<para>Comando pos. </para>
        </briefdescription>
        <detaileddescription>
<para><parameterlist kind="param"><parameteritem>
<parameternamelist>
<parametername>e</parametername>
</parameternamelist>
<parameterdescription>
<para>O estado atual do jogo </para>
</parameterdescription>
</parameteritem>
<parameteritem>
<parameternamelist>
<parametername>jogada</parametername>
</parameternamelist>
<parameterdescription>
<para>A jogada para o qual o pos remete </para>
</parameterdescription>
</parameteritem>
</parameterlist>
<simplesect kind="return"><para>o estado do jogo na jogada para a qual se remete </para>
</simplesect>
</para>
        </detaileddescription>
        <inbodydescription>
        </inbodydescription>
        <location file="Logica.h" line="49" column="8" bodyfile="Logica.c" bodystart="94" bodyend="107" declfile="Logica.h" declline="49" declcolumn="8"/>
      </memberdef>
      <memberdef kind="function" id="_logica_8h_1a7cff84a307f71dff1128c72c51f4da84" prot="public" static="no" const="no" explicit="no" inline="no" virt="non-virtual">
        <type>int</type>
        <definition>int rodeada</definition>
        <argsstring>(ESTADO *e)</argsstring>
        <name>rodeada</name>
        <param>
          <type><ref refid="struct_e_s_t_a_d_o" kindref="compound">ESTADO</ref> *</type>
          <declname>e</declname>
        </param>
        <briefdescription>
<para>Verifica se a peça branca está rodeada de pretas. </para>
        </briefdescription>
        <detaileddescription>
<para><parameterlist kind="param"><parameteritem>
<parameternamelist>
<parametername>e</parametername>
</parameternamelist>
<parameterdescription>
<para>O estado atual do jogo </para>
</parameterdescription>
</parameteritem>
</parameterlist>
<simplesect kind="return"><para>1 no caso da peça estar rodeada e 0, caso contrário </para>
</simplesect>
</para>
        </detaileddescription>
        <inbodydescription>
        </inbodydescription>
        <location file="Logica.h" line="56" column="5" bodyfile="Logica.c" bodystart="109" bodyend="126" declfile="Logica.h" declline="56" declcolumn="5"/>
      </memberdef>
      <memberdef kind="function" id="_logica_8h_1ace509c45c838a05820c00bae9081d3ec" prot="public" static="no" const="no" explicit="no" inline="no" virt="non-virtual">
        <type><ref refid="struct_c_o_o_r_d_e_n_a_d_a" kindref="compound">COORDENADA</ref></type>
        <definition>COORDENADA jogaleatoria</definition>
        <argsstring>(ESTADO *e)</argsstring>
        <name>jogaleatoria</name>
        <param>
          <type><ref refid="struct_e_s_t_a_d_o" kindref="compound">ESTADO</ref> *</type>
          <declname>e</declname>
        </param>
        <briefdescription>
<para>Função que joga de forma aleatória. </para>
        </briefdescription>
        <detaileddescription>
<para><parameterlist kind="param"><parameteritem>
<parameternamelist>
<parametername>e</parametername>
</parameternamelist>
<parameterdescription>
<para>O estado atual do jogo </para>
</parameterdescription>
</parameteritem>
</parameterlist>
<simplesect kind="return"><para>A coordenada a jogar </para>
</simplesect>
</para>
        </detaileddescription>
        <inbodydescription>
        </inbodydescription>
        <location file="Logica.h" line="63" column="12" bodyfile="Logica.c" bodystart="128" bodyend="141" declfile="Logica.h" declline="63" declcolumn="12"/>
      </memberdef>
      <memberdef kind="function" id="_logica_8h_1a1955c9d7c965e5b40a24d3d61d126702" prot="public" static="no" const="no" explicit="no" inline="no" virt="non-virtual">
        <type><ref refid="struct_c_o_o_r_d_e_n_a_d_a" kindref="compound">COORDENADA</ref></type>
        <definition>COORDENADA jog</definition>
        <argsstring>(ESTADO *e)</argsstring>
        <name>jog</name>
        <param>
          <type><ref refid="struct_e_s_t_a_d_o" kindref="compound">ESTADO</ref> *</type>
          <declname>e</declname>
        </param>
        <briefdescription>
<para>Função que devolve uma coordenada a jogar de acordo com eurística da distância euclidiana. </para>
        </briefdescription>
        <detaileddescription>
<para><parameterlist kind="param"><parameteritem>
<parameternamelist>
<parametername>e</parametername>
</parameternamelist>
<parameterdescription>
<para>O estado atual do jogo </para>
</parameterdescription>
</parameteritem>
</parameterlist>
<simplesect kind="return"><para>A coordenada a jogar </para>
</simplesect>
</para>
        </detaileddescription>
        <inbodydescription>
        </inbodydescription>
        <location file="Logica.h" line="70" column="12" bodyfile="Logica.c" bodystart="143" bodyend="177" declfile="Logica.h" declline="70" declcolumn="12"/>
      </memberdef>
      <memberdef kind="function" id="_logica_8h_1a0f7eff749e8c4bd864525a19e64cce57" prot="public" static="no" const="no" explicit="no" inline="no" virt="non-virtual">
        <type><ref refid="structnodo" kindref="compound">LISTA</ref></type>
        <definition>LISTA cria_lista_rodeada</definition>
        <argsstring>(ESTADO *e)</argsstring>
        <name>cria_lista_rodeada</name>
        <param>
          <type><ref refid="struct_e_s_t_a_d_o" kindref="compound">ESTADO</ref> *</type>
          <declname>e</declname>
        </param>
        <briefdescription>
<para>Função que cria lista com coordenadas que rodeiam a coordenada atual. </para>
        </briefdescription>
        <detaileddescription>
<para><parameterlist kind="param"><parameteritem>
<parameternamelist>
<parametername>e</parametername>
</parameternamelist>
<parameterdescription>
<para>O estado atual do jogo </para>
</parameterdescription>
</parameteritem>
</parameterlist>
<simplesect kind="return"><para>Uma lista de coordenadas possíveis </para>
</simplesect>
</para>
        </detaileddescription>
        <inbodydescription>
        </inbodydescription>
        <location file="Logica.h" line="77" column="7" bodyfile="Logica.c" bodystart="179" bodyend="199" declfile="Logica.h" declline="77" declcolumn="7"/>
      </memberdef>
      <memberdef kind="function" id="_logica_8h_1ab914e00bd099436e46c400693d48c5ef" prot="public" static="no" const="no" explicit="no" inline="no" virt="non-virtual">
        <type><ref refid="structnodof" kindref="compound">LFloat</ref></type>
        <definition>LFloat distancia</definition>
        <argsstring>(LISTA l, COORDENADA c)</argsstring>
        <name>distancia</name>
        <param>
          <type><ref refid="structnodo" kindref="compound">LISTA</ref></type>
          <declname>l</declname>
        </param>
        <param>
          <type><ref refid="struct_c_o_o_r_d_e_n_a_d_a" kindref="compound">COORDENADA</ref></type>
          <declname>c</declname>
        </param>
        <briefdescription>
<para>Função que cria lista com a distância de cada coordenada da lista l até à coordenada c. </para>
        </briefdescription>
        <detaileddescription>
<para><parameterlist kind="param"><parameteritem>
<parameternamelist>
<parametername>l</parametername>
</parameternamelist>
<parameterdescription>
<para>Lista da qual vão ser retiradas as coordenasas </para>
</parameterdescription>
</parameteritem>
<parameteritem>
<parameternamelist>
<parametername>c</parametername>
</parameternamelist>
<parameterdescription>
<para>Coordenada para a qual a distância vai ser avaliada </para>
</parameterdescription>
</parameteritem>
</parameterlist>
<simplesect kind="return"><para>Uma lista de distâncias das coordenadas </para>
</simplesect>
</para>
        </detaileddescription>
        <inbodydescription>
        </inbodydescription>
        <location file="Logica.h" line="85" column="8" bodyfile="Logica.c" bodystart="201" bodyend="213" declfile="Logica.h" declline="85" declcolumn="8"/>
      </memberdef>
      <memberdef kind="function" id="_logica_8h_1a4a5150fefe76bc86daf43ffaffd50b43" prot="public" static="no" const="no" explicit="no" inline="no" virt="non-virtual">
        <type>float</type>
        <definition>float calculadistancia</definition>
        <argsstring>(COORDENADA a, COORDENADA b)</argsstring>
        <name>calculadistancia</name>
        <param>
          <type><ref refid="struct_c_o_o_r_d_e_n_a_d_a" kindref="compound">COORDENADA</ref></type>
          <declname>a</declname>
        </param>
        <param>
          <type><ref refid="struct_c_o_o_r_d_e_n_a_d_a" kindref="compound">COORDENADA</ref></type>
          <declname>b</declname>
        </param>
        <briefdescription>
<para>Função que calcula a distância entre 2 coordenadas. </para>
        </briefdescription>
        <detaileddescription>
<para><parameterlist kind="param"><parameteritem>
<parameternamelist>
<parametername>a</parametername>
</parameternamelist>
<parameterdescription>
<para>Coordenada a </para>
</parameterdescription>
</parameteritem>
<parameteritem>
<parameternamelist>
<parametername>b</parametername>
</parameternamelist>
<parameterdescription>
<para>Coordenada b </para>
</parameterdescription>
</parameteritem>
</parameterlist>
<simplesect kind="return"><para>A distância entre a e b </para>
</simplesect>
</para>
        </detaileddescription>
        <inbodydescription>
        </inbodydescription>
        <location file="Logica.h" line="93" column="7" bodyfile="Logica.c" bodystart="215" bodyend="221" declfile="Logica.h" declline="93" declcolumn="7"/>
      </memberdef>
      <memberdef kind="function" id="_logica_8h_1a86d9ed69dac5f978e8cbf5fb2b9dcfd0" prot="public" static="no" const="no" explicit="no" inline="no" virt="non-virtual">
        <type>float</type>
        <definition>float menor</definition>
        <argsstring>(LFloat l)</argsstring>
        <name>menor</name>
        <param>
          <type><ref refid="structnodof" kindref="compound">LFloat</ref></type>
          <declname>l</declname>
        </param>
        <briefdescription>
<para>Função que devolve o menor da lista l. </para>
        </briefdescription>
        <detaileddescription>
<para><parameterlist kind="param"><parameteritem>
<parameternamelist>
<parametername>l</parametername>
</parameternamelist>
<parameterdescription>
<para>A lista l </para>
</parameterdescription>
</parameteritem>
</parameterlist>
<simplesect kind="return"><para>O valor do menor da lista l </para>
</simplesect>
</para>
        </detaileddescription>
        <inbodydescription>
        </inbodydescription>
        <location file="Logica.h" line="100" column="7" bodyfile="Logica.c" bodystart="223" bodyend="240" declfile="Logica.h" declline="100" declcolumn="7"/>
      </memberdef>
      <memberdef kind="function" id="_logica_8h_1ab3d71d44e4b8fc19e41262af7cf1e958" prot="public" static="no" const="no" explicit="no" inline="no" virt="non-virtual">
        <type>int</type>
        <definition>int elem</definition>
        <argsstring>(LFloat l, float n)</argsstring>
        <name>elem</name>
        <param>
          <type><ref refid="structnodof" kindref="compound">LFloat</ref></type>
          <declname>l</declname>
        </param>
        <param>
          <type>float</type>
          <declname>n</declname>
        </param>
        <briefdescription>
<para>Função que procura um elemento numa lista. </para>
        </briefdescription>
        <detaileddescription>
<para><parameterlist kind="param"><parameteritem>
<parameternamelist>
<parametername>l</parametername>
</parameternamelist>
<parameterdescription>
<para>A lista na qual vai ser procurado o elemento </para>
</parameterdescription>
</parameteritem>
<parameteritem>
<parameternamelist>
<parametername>n</parametername>
</parameternamelist>
<parameterdescription>
<para>O valor que vai ser procurado </para>
</parameterdescription>
</parameteritem>
</parameterlist>
<simplesect kind="return"><para>O índice do elemento na lista </para>
</simplesect>
</para>
        </detaileddescription>
        <inbodydescription>
        </inbodydescription>
        <location file="Logica.h" line="108" column="5" bodyfile="Logica.c" bodystart="242" bodyend="260" declfile="Logica.h" declline="108" declcolumn="5"/>
      </memberdef>
      <memberdef kind="function" id="_logica_8h_1af40a712de19c302775cc92341f16d49b" prot="public" static="no" const="no" explicit="no" inline="no" virt="non-virtual">
        <type><ref refid="struct_c_o_o_r_d_e_n_a_d_a" kindref="compound">COORDENADA</ref></type>
        <definition>COORDENADA check_mate</definition>
        <argsstring>(ESTADO *e, LISTA l)</argsstring>
        <name>check_mate</name>
        <param>
          <type><ref refid="struct_e_s_t_a_d_o" kindref="compound">ESTADO</ref> *</type>
          <declname>e</declname>
        </param>
        <param>
          <type><ref refid="structnodo" kindref="compound">LISTA</ref></type>
          <declname>l</declname>
        </param>
        <briefdescription>
<para>Função que analisa se é possível fazer check-mate. </para>
        </briefdescription>
        <detaileddescription>
<para><parameterlist kind="param"><parameteritem>
<parameternamelist>
<parametername>e</parametername>
</parameternamelist>
<parameterdescription>
<para>O estado atual do jogo </para>
</parameterdescription>
</parameteritem>
<parameteritem>
<parameternamelist>
<parametername>l</parametername>
</parameternamelist>
<parameterdescription>
<para>Lista de jogadas </para>
</parameterdescription>
</parameteritem>
</parameterlist>
<simplesect kind="return"><para>A coordenada em que ocorre o check-mate </para>
</simplesect>
</para>
        </detaileddescription>
        <inbodydescription>
        </inbodydescription>
        <location file="Logica.h" line="116" column="12" bodyfile="Logica.c" bodystart="262" bodyend="283" declfile="Logica.h" declline="116" declcolumn="12"/>
      </memberdef>
      <memberdef kind="function" id="_logica_8h_1a633d71de91c954ec33df3e3c4dc421cc" prot="public" static="no" const="no" explicit="no" inline="no" virt="non-virtual">
        <type>int</type>
        <definition>int anticheckmate</definition>
        <argsstring>(ESTADO *e, COORDENADA c)</argsstring>
        <name>anticheckmate</name>
        <param>
          <type><ref refid="struct_e_s_t_a_d_o" kindref="compound">ESTADO</ref> *</type>
          <declname>e</declname>
        </param>
        <param>
          <type><ref refid="struct_c_o_o_r_d_e_n_a_d_a" kindref="compound">COORDENADA</ref></type>
          <declname>c</declname>
        </param>
        <briefdescription>
<para>Função que analisa se o jogador adversário consegue ganhar o jogo. </para>
        </briefdescription>
        <detaileddescription>
<para><parameterlist kind="param"><parameteritem>
<parameternamelist>
<parametername>e</parametername>
</parameternamelist>
<parameterdescription>
<para>O estado atual do jogo </para>
</parameterdescription>
</parameteritem>
<parameteritem>
<parameternamelist>
<parametername>c</parametername>
</parameternamelist>
<parameterdescription>
<para>A coordenada a testar </para>
</parameterdescription>
</parameteritem>
</parameterlist>
<simplesect kind="return"><para>1, se o jogador adversário conseguir ganhar e 0, caso contrário </para>
</simplesect>
</para>
        </detaileddescription>
        <inbodydescription>
        </inbodydescription>
        <location file="Logica.h" line="124" column="5" bodyfile="Logica.c" bodystart="285" bodyend="298" declfile="Logica.h" declline="124" declcolumn="5"/>
      </memberdef>
      <memberdef kind="function" id="_logica_8h_1a553bb0da6af62c729c5e3782781b0978" prot="public" static="no" const="no" explicit="no" inline="no" virt="non-virtual">
        <type>int</type>
        <definition>int randomNs</definition>
        <argsstring>(int lower, int upper, int count)</argsstring>
        <name>randomNs</name>
        <param>
          <type>int</type>
          <declname>lower</declname>
        </param>
        <param>
          <type>int</type>
          <declname>upper</declname>
        </param>
        <param>
          <type>int</type>
          <declname>count</declname>
        </param>
        <briefdescription>
<para>Função que gera um número aleatório. </para>
        </briefdescription>
        <detaileddescription>
<para><parameterlist kind="param"><parameteritem>
<parameternamelist>
<parametername>lower</parametername>
</parameternamelist>
<parameterdescription>
<para>O limite mínimo do número a gerar </para>
</parameterdescription>
</parameteritem>
<parameteritem>
<parameternamelist>
<parametername>upper</parametername>
</parameternamelist>
<parameterdescription>
<para>O limite máximo do número a gerar </para>
</parameterdescription>
</parameteritem>
<parameteritem>
<parameternamelist>
<parametername>count</parametername>
</parameternamelist>
<parameterdescription>
<para>O número de aleatórios a gerar </para>
</parameterdescription>
</parameteritem>
</parameterlist>
<simplesect kind="return"><para>O número gerado </para>
</simplesect>
</para>
        </detaileddescription>
        <inbodydescription>
        </inbodydescription>
        <location file="Logica.h" line="133" column="5" bodyfile="Logica.c" bodystart="300" bodyend="309" declfile="Logica.h" declline="133" declcolumn="5"/>
      </memberdef>
      </sectiondef>
    <briefdescription>
    </briefdescription>
    <detaileddescription>
    </detaileddescription>
    <programlisting>
<codeline lineno="1"><highlight class="preprocessor">#ifndef<sp/>PL8_2_LOGICA_H</highlight><highlight class="normal"></highlight></codeline>
<codeline lineno="2"><highlight class="normal"></highlight><highlight class="preprocessor">#define<sp/>PL8_2_LOGICA_H</highlight><highlight class="normal"></highlight></codeline>
<codeline lineno="3"><highlight class="normal"></highlight></codeline>
<codeline lineno="4"><highlight class="normal"></highlight><highlight class="preprocessor">#include<sp/>&quot;Lista.h&quot;</highlight><highlight class="normal"></highlight></codeline>
<codeline lineno="5"><highlight class="normal"></highlight></codeline>
<codeline lineno="11"><highlight class="normal">ERRO<sp/>coordenada_valida(<ref refid="struct_c_o_o_r_d_e_n_a_d_a" kindref="compound">COORDENADA</ref><sp/>c);</highlight></codeline>
<codeline lineno="12"><highlight class="normal"></highlight></codeline>
<codeline lineno="19"><highlight class="normal">ERRO<sp/>verifica_jogada(<ref refid="struct_e_s_t_a_d_o" kindref="compound">ESTADO</ref><sp/>*e,<ref refid="struct_c_o_o_r_d_e_n_a_d_a" kindref="compound">COORDENADA</ref><sp/>c);</highlight></codeline>
<codeline lineno="20"><highlight class="normal"></highlight></codeline>
<codeline lineno="26"><highlight class="keywordtype">void</highlight><highlight class="normal"><sp/>atualiza_estado(<ref refid="struct_e_s_t_a_d_o" kindref="compound">ESTADO</ref><sp/>*e,<sp/><ref refid="struct_c_o_o_r_d_e_n_a_d_a" kindref="compound">COORDENADA</ref><sp/>c);</highlight></codeline>
<codeline lineno="27"><highlight class="normal"></highlight></codeline>
<codeline lineno="34"><highlight class="normal"><ref refid="struct_e_s_t_a_d_o" kindref="compound">ESTADO</ref><sp/>*jogar(<ref refid="struct_e_s_t_a_d_o" kindref="compound">ESTADO</ref><sp/>*e,<sp/><ref refid="struct_c_o_o_r_d_e_n_a_d_a" kindref="compound">COORDENADA</ref><sp/>c);</highlight></codeline>
<codeline lineno="35"><highlight class="normal"></highlight></codeline>
<codeline lineno="41"><highlight class="keywordtype">int</highlight><highlight class="normal"><sp/>fim_de_jogo(<ref refid="struct_e_s_t_a_d_o" kindref="compound">ESTADO</ref><sp/>*e);</highlight></codeline>
<codeline lineno="42"><highlight class="normal"></highlight></codeline>
<codeline lineno="49"><highlight class="normal"><ref refid="struct_e_s_t_a_d_o" kindref="compound">ESTADO</ref><sp/>*pos(<ref refid="struct_e_s_t_a_d_o" kindref="compound">ESTADO</ref><sp/>*e,</highlight><highlight class="keywordtype">int</highlight><highlight class="normal"><sp/>jogada);</highlight></codeline>
<codeline lineno="50"><highlight class="normal"></highlight></codeline>
<codeline lineno="56"><highlight class="keywordtype">int</highlight><highlight class="normal"><sp/>rodeada(<ref refid="struct_e_s_t_a_d_o" kindref="compound">ESTADO</ref><sp/>*e);</highlight></codeline>
<codeline lineno="57"><highlight class="normal"></highlight></codeline>
<codeline lineno="63"><highlight class="normal"><ref refid="struct_c_o_o_r_d_e_n_a_d_a" kindref="compound">COORDENADA</ref><sp/>jogaleatoria<sp/>(<ref refid="struct_e_s_t_a_d_o" kindref="compound">ESTADO</ref><sp/>*e);</highlight></codeline>
<codeline lineno="64"><highlight class="normal"></highlight></codeline>
<codeline lineno="70"><highlight class="normal"><ref refid="struct_c_o_o_r_d_e_n_a_d_a" kindref="compound">COORDENADA</ref><sp/>jog(<ref refid="struct_e_s_t_a_d_o" kindref="compound">ESTADO</ref><sp/>*e);</highlight></codeline>
<codeline lineno="71"><highlight class="normal"></highlight></codeline>
<codeline lineno="77"><highlight class="normal"><ref refid="structnodo" kindref="compound">LISTA</ref><sp/>cria_lista_rodeada<sp/>(<ref refid="struct_e_s_t_a_d_o" kindref="compound">ESTADO</ref><sp/>*e);</highlight></codeline>
<codeline lineno="78"><highlight class="normal"></highlight></codeline>
<codeline lineno="85"><highlight class="normal"><ref refid="structnodof" kindref="compound">LFloat</ref><sp/>distancia<sp/>(<ref refid="structnodo" kindref="compound">LISTA</ref><sp/>l,<sp/><ref refid="struct_c_o_o_r_d_e_n_a_d_a" kindref="compound">COORDENADA</ref><sp/>c);</highlight></codeline>
<codeline lineno="86"><highlight class="normal"></highlight></codeline>
<codeline lineno="93"><highlight class="keywordtype">float</highlight><highlight class="normal"><sp/>calculadistancia<sp/>(<ref refid="struct_c_o_o_r_d_e_n_a_d_a" kindref="compound">COORDENADA</ref><sp/>a,<sp/><ref refid="struct_c_o_o_r_d_e_n_a_d_a" kindref="compound">COORDENADA</ref><sp/>b);</highlight></codeline>
<codeline lineno="94"><highlight class="normal"></highlight></codeline>
<codeline lineno="100"><highlight class="keywordtype">float</highlight><highlight class="normal"><sp/>menor<sp/>(<ref refid="structnodof" kindref="compound">LFloat</ref><sp/>l);</highlight></codeline>
<codeline lineno="101"><highlight class="normal"></highlight></codeline>
<codeline lineno="108"><highlight class="keywordtype">int</highlight><highlight class="normal"><sp/>elem<sp/>(<ref refid="structnodof" kindref="compound">LFloat</ref><sp/>l,<sp/></highlight><highlight class="keywordtype">float</highlight><highlight class="normal"><sp/>n);</highlight></codeline>
<codeline lineno="109"><highlight class="normal"></highlight></codeline>
<codeline lineno="116"><highlight class="normal"><ref refid="struct_c_o_o_r_d_e_n_a_d_a" kindref="compound">COORDENADA</ref><sp/>check_mate(<ref refid="struct_e_s_t_a_d_o" kindref="compound">ESTADO</ref><sp/>*e,<ref refid="structnodo" kindref="compound">LISTA</ref><sp/>l);</highlight></codeline>
<codeline lineno="117"><highlight class="normal"></highlight></codeline>
<codeline lineno="124"><highlight class="keywordtype">int</highlight><highlight class="normal"><sp/>anticheckmate(<ref refid="struct_e_s_t_a_d_o" kindref="compound">ESTADO</ref><sp/>*e,<sp/><ref refid="struct_c_o_o_r_d_e_n_a_d_a" kindref="compound">COORDENADA</ref><sp/>c);</highlight></codeline>
<codeline lineno="125"><highlight class="normal"></highlight></codeline>
<codeline lineno="133"><highlight class="keywordtype">int</highlight><highlight class="normal"><sp/>randomNs(</highlight><highlight class="keywordtype">int</highlight><highlight class="normal"><sp/>lower,<sp/></highlight><highlight class="keywordtype">int</highlight><highlight class="normal"><sp/>upper,<sp/></highlight><highlight class="keywordtype">int</highlight><highlight class="normal"><sp/>count);</highlight></codeline>
<codeline lineno="134"><highlight class="normal"></highlight></codeline>
<codeline lineno="135"><highlight class="normal"></highlight><highlight class="preprocessor">#endif</highlight></codeline>
    </programlisting>
    <location file="Logica.h"/>
  </compounddef>
</doxygen>
