<?xml version='1.0' encoding='UTF-8' standalone='no'?>
<doxygenindex xmlns:xsi="http://www.w3.org/2001/XMLSchema-instance" xsi:noNamespaceSchemaLocation="index.xsd" version="1.8.18">
  <compound refid="struct_c_o_o_r_d_e_n_a_d_a" kind="struct"><name>COORDENADA</name>
    <member refid="struct_c_o_o_r_d_e_n_a_d_a_1ac241af99d2fb991831964fb94b86c7de" kind="variable"><name>coluna</name></member>
    <member refid="struct_c_o_o_r_d_e_n_a_d_a_1a369e9a4d96b7450bbc640fe737db2977" kind="variable"><name>linha</name></member>
  </compound>
  <compound refid="struct_e_s_t_a_d_o" kind="struct"><name>ESTADO</name>
    <member refid="struct_e_s_t_a_d_o_1ab56f0f1be16954d3768b4174d14c087d" kind="variable"><name>tab</name></member>
    <member refid="struct_e_s_t_a_d_o_1afae43b87a488fad0f2b56a18bad31d18" kind="variable"><name>jogadas</name></member>
    <member refid="struct_e_s_t_a_d_o_1a261495728744647e618b4e623f5a4b7a" kind="variable"><name>num_jogadas</name></member>
    <member refid="struct_e_s_t_a_d_o_1a5dd28e2e68b7aef2b6b7ea88e02eff58" kind="variable"><name>jogador_atual</name></member>
    <member refid="struct_e_s_t_a_d_o_1adf1064dfc09145b6995a7897249f1674" kind="variable"><name>num_comando</name></member>
    <member refid="struct_e_s_t_a_d_o_1a4896a5c5c1f40b43fb795623327e3f47" kind="variable"><name>ultima_jogada</name></member>
  </compound>
  <compound refid="struct_j_o_g_a_d_a" kind="struct"><name>JOGADA</name>
    <member refid="struct_j_o_g_a_d_a_1a880582c073999b13f278a9ce47e16eb8" kind="variable"><name>jogador1</name></member>
    <member refid="struct_j_o_g_a_d_a_1a6e6dcfc7e5be8fbbe76750f7ae47ba70" kind="variable"><name>jogador2</name></member>
  </compound>
  <compound refid="structnodo" kind="struct"><name>nodo</name>
    <member refid="structnodo_1ae15731225441a940966b5d6ce32c23f5" kind="variable"><name>valor</name></member>
    <member refid="structnodo_1aade85d7ddbd1b14d52617be67f46f14c" kind="variable"><name>proximo</name></member>
  </compound>
  <compound refid="structnodof" kind="struct"><name>nodof</name>
    <member refid="structnodof_1ae75e8606e10187168459b3e42aeb354a" kind="variable"><name>cabeca</name></member>
    <member refid="structnodof_1a54d5ca7a18ef14d70c49f8696dfd4238" kind="variable"><name>cauda</name></member>
  </compound>
  <compound refid="_c_make_lists_8txt" kind="file"><name>CMakeLists.txt</name>
  </compound>
  <compound refid="_dados_8c" kind="file"><name>Dados.c</name>
    <member refid="_dados_8c_1a2915c59fe0ae21288f2e053782d01afd" kind="function"><name>converte_coordenada</name></member>
    <member refid="_dados_8c_1a7311e4b194b6b6ea69db2ea2639dd7fb" kind="function"><name>clear_jogadas</name></member>
    <member refid="_dados_8c_1a7e0c7e26fb685d9ab501e19b05e6954f" kind="function"><name>inicializar_estado</name></member>
    <member refid="_dados_8c_1ad6e326e4ffa57ca1ae0c75377ecefc8c" kind="function"><name>obter_jogador_atual</name></member>
    <member refid="_dados_8c_1a6cd0b387bdee9e18003c78852394aa63" kind="function"><name>obter_numero_de_jogadas</name></member>
    <member refid="_dados_8c_1a002d7b97f6e1f8bfa2b50efbe03d62bf" kind="function"><name>obter_ultima_jogada</name></member>
    <member refid="_dados_8c_1a6faa68373203923729ed38657aa0f768" kind="function"><name>obter_estado_casa</name></member>
    <member refid="_dados_8c_1a668e7b13f461f17959ffd07a22a6f2dc" kind="function"><name>obter_num_comandos</name></member>
    <member refid="_dados_8c_1a1a9bdbad348a38721af5306f7269b9c5" kind="function"><name>traduz_linha</name></member>
    <member refid="_dados_8c_1a868d44f898de4fc25778e5b5147818b3" kind="function"><name>traduz_coluna</name></member>
    <member refid="_dados_8c_1a4f818d5b7ca57f9c1ff8dff454b4a6be" kind="function"><name>obter_coordjogada</name></member>
    <member refid="_dados_8c_1a4756813af82ac51ca833acf53de91c62" kind="function"><name>set_casa</name></member>
    <member refid="_dados_8c_1a85c84d8dbd29c824de2698a8afffddbc" kind="function"><name>atualiza_tabuleiro</name></member>
    <member refid="_dados_8c_1a8f72c270019da8c3423aa3eb67898763" kind="function"><name>atualiza_numero_jogadas</name></member>
    <member refid="_dados_8c_1af3a4c65c5fd625a7068ce22ddd1c1634" kind="function"><name>atualiza_jogador</name></member>
    <member refid="_dados_8c_1a8a58b5c1650e834852257ab02e9909df" kind="function"><name>atualiza_jogadas</name></member>
    <member refid="_dados_8c_1a06c882a493596ad9a74e8677910f568f" kind="function"><name>atualiza_num_comando</name></member>
    <member refid="_dados_8c_1ac3e2bb2a82a55bd13aa5cc73d513aad2" kind="function"><name>atualiza_ultima_jogada</name></member>
    <member refid="_dados_8c_1ab39e238155cffe8df53fc543ba5c4509" kind="function"><name>set_jogadas</name></member>
  </compound>
  <compound refid="_dados_8h" kind="file"><name>Dados.h</name>
    <member refid="_dados_8h_1aba91601f16d4c485b2d9b8c429f27039" kind="enum"><name>CASA</name></member>
    <member refid="_dados_8h_1aba91601f16d4c485b2d9b8c429f27039a26cc77ca028d9e0f79b9478eda1c6634" kind="enumvalue"><name>UM</name></member>
    <member refid="_dados_8h_1aba91601f16d4c485b2d9b8c429f27039aa2f6e310d5c8da4f7e26d83a51af6c84" kind="enumvalue"><name>DOIS</name></member>
    <member refid="_dados_8h_1aba91601f16d4c485b2d9b8c429f27039aeeab96915e2c34aba2f9e220cf4edd4d" kind="enumvalue"><name>VAZIO</name></member>
    <member refid="_dados_8h_1aba91601f16d4c485b2d9b8c429f27039aa606dbe5da5103293b4307974fc23da9" kind="enumvalue"><name>BRANCA</name></member>
    <member refid="_dados_8h_1aba91601f16d4c485b2d9b8c429f27039a42871fa6f5d76e767df21c02eba1f085" kind="enumvalue"><name>PRETA</name></member>
    <member refid="_dados_8h_1aba243e468d4afc4cc209ed6adf5251b5" kind="enum"><name>COMANDO</name></member>
    <member refid="_dados_8h_1aba243e468d4afc4cc209ed6adf5251b5ae28119cb69d806e38c284ab685078d43" kind="enumvalue"><name>JOGAR</name></member>
    <member refid="_dados_8h_1aba243e468d4afc4cc209ed6adf5251b5a9c0100b3cb38fa9c444b70414a613434" kind="enumvalue"><name>GRAVAR</name></member>
    <member refid="_dados_8h_1aba243e468d4afc4cc209ed6adf5251b5ae6fe9228f4939ae8277bb49921020a46" kind="enumvalue"><name>LER</name></member>
    <member refid="_dados_8h_1aba243e468d4afc4cc209ed6adf5251b5a59610c669826d8952be69b6a69cdca9a" kind="enumvalue"><name>MOVS</name></member>
    <member refid="_dados_8h_1aba243e468d4afc4cc209ed6adf5251b5a86a71974359884ac5b1d4b5a49222d3d" kind="enumvalue"><name>POS</name></member>
    <member refid="_dados_8h_1aba243e468d4afc4cc209ed6adf5251b5a67088d49547dd51b72c742daebda54a7" kind="enumvalue"><name>JOG</name></member>
    <member refid="_dados_8h_1ae70b6f2a2904cc6bdd0025944eddeb82" kind="enum"><name>ERRO</name></member>
    <member refid="_dados_8h_1ae70b6f2a2904cc6bdd0025944eddeb82a2bc49ec37d6a5715dd23e85f1ff5bb59" kind="enumvalue"><name>OK</name></member>
    <member refid="_dados_8h_1ae70b6f2a2904cc6bdd0025944eddeb82a79ebb08f197afde2120c3a89f2528890" kind="enumvalue"><name>COORDENADA_INVALIDA</name></member>
    <member refid="_dados_8h_1ae70b6f2a2904cc6bdd0025944eddeb82a402a7096ff471024cb93e6034b6008e2" kind="enumvalue"><name>JOGADA_INVALIDA</name></member>
    <member refid="_dados_8h_1ae70b6f2a2904cc6bdd0025944eddeb82aa11c2bf2a8de9395382caef85ccdeb59" kind="enumvalue"><name>ERRO_LER_TAB</name></member>
    <member refid="_dados_8h_1ae70b6f2a2904cc6bdd0025944eddeb82ac2135f62387f11d7f60a020e2f828e66" kind="enumvalue"><name>ERRO_ABRIR_FICHEIRO</name></member>
    <member refid="_dados_8h_1ae70b6f2a2904cc6bdd0025944eddeb82aa5c6b652aee4d1b46a5514e9e956d852" kind="enumvalue"><name>ERRO_GRAVAR</name></member>
    <member refid="_dados_8h_1a8be315308d96a2904c258c3c6b89e53c" kind="typedef"><name>JOGADAS</name></member>
    <member refid="_dados_8h_1a2915c59fe0ae21288f2e053782d01afd" kind="function"><name>converte_coordenada</name></member>
    <member refid="_dados_8h_1a7311e4b194b6b6ea69db2ea2639dd7fb" kind="function"><name>clear_jogadas</name></member>
    <member refid="_dados_8h_1a7e0c7e26fb685d9ab501e19b05e6954f" kind="function"><name>inicializar_estado</name></member>
    <member refid="_dados_8h_1ad6e326e4ffa57ca1ae0c75377ecefc8c" kind="function"><name>obter_jogador_atual</name></member>
    <member refid="_dados_8h_1a6cd0b387bdee9e18003c78852394aa63" kind="function"><name>obter_numero_de_jogadas</name></member>
    <member refid="_dados_8h_1a002d7b97f6e1f8bfa2b50efbe03d62bf" kind="function"><name>obter_ultima_jogada</name></member>
    <member refid="_dados_8h_1a6faa68373203923729ed38657aa0f768" kind="function"><name>obter_estado_casa</name></member>
    <member refid="_dados_8h_1a668e7b13f461f17959ffd07a22a6f2dc" kind="function"><name>obter_num_comandos</name></member>
    <member refid="_dados_8h_1a1a9bdbad348a38721af5306f7269b9c5" kind="function"><name>traduz_linha</name></member>
    <member refid="_dados_8h_1a868d44f898de4fc25778e5b5147818b3" kind="function"><name>traduz_coluna</name></member>
    <member refid="_dados_8h_1a4f818d5b7ca57f9c1ff8dff454b4a6be" kind="function"><name>obter_coordjogada</name></member>
    <member refid="_dados_8h_1a4756813af82ac51ca833acf53de91c62" kind="function"><name>set_casa</name></member>
    <member refid="_dados_8h_1a85c84d8dbd29c824de2698a8afffddbc" kind="function"><name>atualiza_tabuleiro</name></member>
    <member refid="_dados_8h_1a8f72c270019da8c3423aa3eb67898763" kind="function"><name>atualiza_numero_jogadas</name></member>
    <member refid="_dados_8h_1af3a4c65c5fd625a7068ce22ddd1c1634" kind="function"><name>atualiza_jogador</name></member>
    <member refid="_dados_8h_1a8a58b5c1650e834852257ab02e9909df" kind="function"><name>atualiza_jogadas</name></member>
    <member refid="_dados_8h_1a06c882a493596ad9a74e8677910f568f" kind="function"><name>atualiza_num_comando</name></member>
    <member refid="_dados_8h_1ac3e2bb2a82a55bd13aa5cc73d513aad2" kind="function"><name>atualiza_ultima_jogada</name></member>
    <member refid="_dados_8h_1ab39e238155cffe8df53fc543ba5c4509" kind="function"><name>set_jogadas</name></member>
  </compound>
  <compound refid="_interface_8c" kind="file"><name>Interface.c</name>
    <member refid="_interface_8c_1a6821bafc3c88dfb2e433a095df9940c6" kind="define"><name>BUF_SIZE</name></member>
    <member refid="_interface_8c_1a9777893a82dbab8021cb127597e29afc" kind="function"><name>imprimePeca</name></member>
    <member refid="_interface_8c_1a96e1aa90c322ad1662b52ff2470bb5d9" kind="function"><name>imprimeErro</name></member>
    <member refid="_interface_8c_1a9a2877fb8fbb6568f720e23ead43b77e" kind="function"><name>mostrar_tabuleiro</name></member>
    <member refid="_interface_8c_1a9ff671b5e0bf422e7221db15c9ed6827" kind="function"><name>mostra_estado</name></member>
    <member refid="_interface_8c_1ab09ec42316bdc5d8587ceb7348a16fc9" kind="function"><name>prompt</name></member>
    <member refid="_interface_8c_1a36eefd4c9c6493504558ad393a5fc453" kind="function"><name>movs</name></member>
    <member refid="_interface_8c_1aba79eb5c4aa19eb778d745e2694e1df0" kind="function"><name>gravar</name></member>
    <member refid="_interface_8c_1a60074e7df1e5a69b2fe6daf233965597" kind="function"><name>ler_tabuleiro</name></member>
    <member refid="_interface_8c_1ab26953078f40314c94b367e07f6518d5" kind="function"><name>ler_jogadas</name></member>
    <member refid="_interface_8c_1ab7cd81114567019fde15aa37198a8b31" kind="function"><name>ler</name></member>
    <member refid="_interface_8c_1a24da95ebeede4a540e37790ce8be359b" kind="function"><name>interpretador</name></member>
  </compound>
  <compound refid="_interface_8h" kind="file"><name>Interface.h</name>
    <member refid="_interface_8h_1a9777893a82dbab8021cb127597e29afc" kind="function"><name>imprimePeca</name></member>
    <member refid="_interface_8h_1a96e1aa90c322ad1662b52ff2470bb5d9" kind="function"><name>imprimeErro</name></member>
    <member refid="_interface_8h_1a9a2877fb8fbb6568f720e23ead43b77e" kind="function"><name>mostrar_tabuleiro</name></member>
    <member refid="_interface_8h_1a9ff671b5e0bf422e7221db15c9ed6827" kind="function"><name>mostra_estado</name></member>
    <member refid="_interface_8h_1ab09ec42316bdc5d8587ceb7348a16fc9" kind="function"><name>prompt</name></member>
    <member refid="_interface_8h_1a36eefd4c9c6493504558ad393a5fc453" kind="function"><name>movs</name></member>
    <member refid="_interface_8h_1a966fe043dc196e3f9bad58ebc9deaf43" kind="function"><name>gravar</name></member>
    <member refid="_interface_8h_1a60074e7df1e5a69b2fe6daf233965597" kind="function"><name>ler_tabuleiro</name></member>
    <member refid="_interface_8h_1ab26953078f40314c94b367e07f6518d5" kind="function"><name>ler_jogadas</name></member>
    <member refid="_interface_8h_1ab7cd81114567019fde15aa37198a8b31" kind="function"><name>ler</name></member>
    <member refid="_interface_8h_1a24da95ebeede4a540e37790ce8be359b" kind="function"><name>interpretador</name></member>
  </compound>
  <compound refid="_lista_8c" kind="file"><name>Lista.c</name>
    <member refid="_lista_8c_1ae3b99323b6f8f35d80bb69ff1a27985e" kind="function"><name>criar_lista</name></member>
    <member refid="_lista_8c_1a6ec793087950b61f792d8e184bf04d9d" kind="function"><name>insere_cabeca</name></member>
    <member refid="_lista_8c_1af90a7ac214fd566bfb7288d744c94185" kind="function"><name>devolve_cabeca</name></member>
    <member refid="_lista_8c_1ad9380152361127432c55c1c6067e05ae" kind="function"><name>proximo</name></member>
    <member refid="_lista_8c_1a9026a681a68322b5ec7f07137b864cbd" kind="function"><name>remove_cabeca</name></member>
    <member refid="_lista_8c_1a4c10928f7acaa4e3de3760cea0dfd9c0" kind="function"><name>lista_esta_vazia</name></member>
    <member refid="_lista_8c_1ac025ca13903a707fae72d69fc64272ca" kind="function"><name>procura</name></member>
    <member refid="_lista_8c_1a1ba8d733e5338c4787d6802976ada84d" kind="function"><name>length</name></member>
    <member refid="_lista_8c_1a270e2bd4d8c8be39b8d7e9f715276f33" kind="function"><name>freeList</name></member>
    <member refid="_lista_8c_1a9dafd8416dab8d06a06e635fe1be8997" kind="function"><name>devolvecabeca</name></member>
    <member refid="_lista_8c_1a1a0d6ffbcdf2d09a8e91635148385cfb" kind="function"><name>inserecabeca</name></member>
    <member refid="_lista_8c_1a1f7256f7c5bd665c975fd25bb73d9a3c" kind="function"><name>snoc</name></member>
    <member refid="_lista_8c_1a5d3d052459b9072994033d86fc4a13ad" kind="function"><name>removecabeca</name></member>
    <member refid="_lista_8c_1ac08e532ac92ed6c96933af09a6592cf5" kind="function"><name>proximoF</name></member>
  </compound>
  <compound refid="_lista_8h" kind="file"><name>Lista.h</name>
    <member refid="_lista_8h_1a2ed03b19209dd10718380b31b09a69f5" kind="typedef"><name>LISTA</name></member>
    <member refid="_lista_8h_1ab352ead3fb06267f3afdd032d67c189c" kind="typedef"><name>NODO</name></member>
    <member refid="_lista_8h_1a6923db9c815bf039adcef311309a371a" kind="typedef"><name>LFloat</name></member>
    <member refid="_lista_8h_1a0c2629b8f695b1a1c3583513ee69b9f8" kind="typedef"><name>Nodof</name></member>
    <member refid="_lista_8h_1ae3b99323b6f8f35d80bb69ff1a27985e" kind="function"><name>criar_lista</name></member>
    <member refid="_lista_8h_1a6ec793087950b61f792d8e184bf04d9d" kind="function"><name>insere_cabeca</name></member>
    <member refid="_lista_8h_1af90a7ac214fd566bfb7288d744c94185" kind="function"><name>devolve_cabeca</name></member>
    <member refid="_lista_8h_1ad9380152361127432c55c1c6067e05ae" kind="function"><name>proximo</name></member>
    <member refid="_lista_8h_1a9026a681a68322b5ec7f07137b864cbd" kind="function"><name>remove_cabeca</name></member>
    <member refid="_lista_8h_1a4c10928f7acaa4e3de3760cea0dfd9c0" kind="function"><name>lista_esta_vazia</name></member>
    <member refid="_lista_8h_1ac025ca13903a707fae72d69fc64272ca" kind="function"><name>procura</name></member>
    <member refid="_lista_8h_1a1ba8d733e5338c4787d6802976ada84d" kind="function"><name>length</name></member>
    <member refid="_lista_8h_1a270e2bd4d8c8be39b8d7e9f715276f33" kind="function"><name>freeList</name></member>
    <member refid="_lista_8h_1a9dafd8416dab8d06a06e635fe1be8997" kind="function"><name>devolvecabeca</name></member>
    <member refid="_lista_8h_1a1a0d6ffbcdf2d09a8e91635148385cfb" kind="function"><name>inserecabeca</name></member>
    <member refid="_lista_8h_1a1f7256f7c5bd665c975fd25bb73d9a3c" kind="function"><name>snoc</name></member>
    <member refid="_lista_8h_1a5d3d052459b9072994033d86fc4a13ad" kind="function"><name>removecabeca</name></member>
    <member refid="_lista_8h_1ac08e532ac92ed6c96933af09a6592cf5" kind="function"><name>proximoF</name></member>
  </compound>
  <compound refid="_logica_8c" kind="file"><name>Logica.c</name>
    <member refid="_logica_8c_1a6821bafc3c88dfb2e433a095df9940c6" kind="define"><name>BUF_SIZE</name></member>
    <member refid="_logica_8c_1a0679d84b9e9935613b0efa2f746f9843" kind="function"><name>coordenada_valida</name></member>
    <member refid="_logica_8c_1a304d27b4a0fddb831c9dfe1593cc5793" kind="function"><name>verifica_jogada</name></member>
    <member refid="_logica_8c_1a598b3397540e456ea6bfb1326e6fc6c5" kind="function"><name>atualiza_estado</name></member>
    <member refid="_logica_8c_1aebce97f4208fa51fd44d37566d5d1aad" kind="function"><name>jogar</name></member>
    <member refid="_logica_8c_1a9a0ae8b2e0ca2ed4b5fdd4145a742791" kind="function"><name>fim_de_jogo</name></member>
    <member refid="_logica_8c_1a77e393f92c4ed9f9980c4a1173aec0fc" kind="function"><name>pos</name></member>
    <member refid="_logica_8c_1a7cff84a307f71dff1128c72c51f4da84" kind="function"><name>rodeada</name></member>
    <member refid="_logica_8c_1ace509c45c838a05820c00bae9081d3ec" kind="function"><name>jogaleatoria</name></member>
    <member refid="_logica_8c_1a1955c9d7c965e5b40a24d3d61d126702" kind="function"><name>jog</name></member>
    <member refid="_logica_8c_1a0f7eff749e8c4bd864525a19e64cce57" kind="function"><name>cria_lista_rodeada</name></member>
    <member refid="_logica_8c_1ab914e00bd099436e46c400693d48c5ef" kind="function"><name>distancia</name></member>
    <member refid="_logica_8c_1a4a5150fefe76bc86daf43ffaffd50b43" kind="function"><name>calculadistancia</name></member>
    <member refid="_logica_8c_1a86d9ed69dac5f978e8cbf5fb2b9dcfd0" kind="function"><name>menor</name></member>
    <member refid="_logica_8c_1ab3d71d44e4b8fc19e41262af7cf1e958" kind="function"><name>elem</name></member>
    <member refid="_logica_8c_1af40a712de19c302775cc92341f16d49b" kind="function"><name>check_mate</name></member>
    <member refid="_logica_8c_1a633d71de91c954ec33df3e3c4dc421cc" kind="function"><name>anticheckmate</name></member>
    <member refid="_logica_8c_1a553bb0da6af62c729c5e3782781b0978" kind="function"><name>randomNs</name></member>
  </compound>
  <compound refid="_logica_8h" kind="file"><name>Logica.h</name>
    <member refid="_logica_8h_1a0679d84b9e9935613b0efa2f746f9843" kind="function"><name>coordenada_valida</name></member>
    <member refid="_logica_8h_1a304d27b4a0fddb831c9dfe1593cc5793" kind="function"><name>verifica_jogada</name></member>
    <member refid="_logica_8h_1a598b3397540e456ea6bfb1326e6fc6c5" kind="function"><name>atualiza_estado</name></member>
    <member refid="_logica_8h_1aebce97f4208fa51fd44d37566d5d1aad" kind="function"><name>jogar</name></member>
    <member refid="_logica_8h_1a9a0ae8b2e0ca2ed4b5fdd4145a742791" kind="function"><name>fim_de_jogo</name></member>
    <member refid="_logica_8h_1a77e393f92c4ed9f9980c4a1173aec0fc" kind="function"><name>pos</name></member>
    <member refid="_logica_8h_1a7cff84a307f71dff1128c72c51f4da84" kind="function"><name>rodeada</name></member>
    <member refid="_logica_8h_1ace509c45c838a05820c00bae9081d3ec" kind="function"><name>jogaleatoria</name></member>
    <member refid="_logica_8h_1a1955c9d7c965e5b40a24d3d61d126702" kind="function"><name>jog</name></member>
    <member refid="_logica_8h_1a0f7eff749e8c4bd864525a19e64cce57" kind="function"><name>cria_lista_rodeada</name></member>
    <member refid="_logica_8h_1ab914e00bd099436e46c400693d48c5ef" kind="function"><name>distancia</name></member>
    <member refid="_logica_8h_1a4a5150fefe76bc86daf43ffaffd50b43" kind="function"><name>calculadistancia</name></member>
    <member refid="_logica_8h_1a86d9ed69dac5f978e8cbf5fb2b9dcfd0" kind="function"><name>menor</name></member>
    <member refid="_logica_8h_1ab3d71d44e4b8fc19e41262af7cf1e958" kind="function"><name>elem</name></member>
    <member refid="_logica_8h_1af40a712de19c302775cc92341f16d49b" kind="function"><name>check_mate</name></member>
    <member refid="_logica_8h_1a633d71de91c954ec33df3e3c4dc421cc" kind="function"><name>anticheckmate</name></member>
    <member refid="_logica_8h_1a553bb0da6af62c729c5e3782781b0978" kind="function"><name>randomNs</name></member>
  </compound>
  <compound refid="main_8c" kind="file"><name>main.c</name>
    <member refid="main_8c_1ae66f6b31b5ad750f1fe042a706a4e3d4" kind="function"><name>main</name></member>
  </compound>
</doxygenindex>
