<?xml version='1.0' encoding='UTF-8' standalone='no'?>
<doxygen xmlns:xsi="http://www.w3.org/2001/XMLSchema-instance" xsi:noNamespaceSchemaLocation="compound.xsd" version="1.8.18">
  <compounddef id="structnodo" kind="struct" language="C++" prot="public">
    <compoundname>nodo</compoundname>
    <includes refid="_lista_8h" local="no">Lista.h</includes>
      <sectiondef kind="public-attrib">
      <memberdef kind="variable" id="structnodo_1ae15731225441a940966b5d6ce32c23f5" prot="public" static="no" mutable="no">
        <type>void *</type>
        <definition>nodo::valor</definition>
        <argsstring></argsstring>
        <name>valor</name>
        <briefdescription>
        </briefdescription>
        <detaileddescription>
<para>O endereço da cabeça da lista </para>
        </detaileddescription>
        <inbodydescription>
        </inbodydescription>
        <location file="Lista.h" line="18" column="10" bodyfile="Lista.h" bodystart="18" bodyend="-1"/>
      </memberdef>
      <memberdef kind="variable" id="structnodo_1aade85d7ddbd1b14d52617be67f46f14c" prot="public" static="no" mutable="no">
        <type>struct <ref refid="structnodo" kindref="compound">nodo</ref> *</type>
        <definition>nodo::proximo</definition>
        <argsstring></argsstring>
        <name>proximo</name>
        <briefdescription>
        </briefdescription>
        <detaileddescription>
<para>O endereço para o resto da lista </para>
        </detaileddescription>
        <inbodydescription>
        </inbodydescription>
        <location file="Lista.h" line="19" column="15" bodyfile="Lista.h" bodystart="19" bodyend="-1"/>
      </memberdef>
      </sectiondef>
    <briefdescription>
<para>Definição de listas. </para>
    </briefdescription>
    <detaileddescription>
<para>Struct dos componentes de uma lista de void* </para>
    </detaileddescription>
    <collaborationgraph>
      <node id="1">
        <label>nodo</label>
        <link refid="structnodo"/>
        <childnode refid="1" relation="usage">
          <edgelabel>proximo</edgelabel>
        </childnode>
      </node>
    </collaborationgraph>
    <location file="Lista.h" line="17" column="1" bodyfile="Lista.h" bodystart="17" bodyend="20"/>
    <listofallmembers>
      <member refid="structnodo_1aade85d7ddbd1b14d52617be67f46f14c" prot="public" virt="non-virtual"><scope>nodo</scope><name>proximo</name></member>
      <member refid="structnodo_1ae15731225441a940966b5d6ce32c23f5" prot="public" virt="non-virtual"><scope>nodo</scope><name>valor</name></member>
    </listofallmembers>
  </compounddef>
</doxygen>
