<?xml version='1.0' encoding='UTF-8' standalone='no'?>
<doxygen xmlns:xsi="http://www.w3.org/2001/XMLSchema-instance" xsi:noNamespaceSchemaLocation="compound.xsd" version="1.8.18">
  <compounddef id="struct_c_o_o_r_d_e_n_a_d_a" kind="struct" language="C++" prot="public">
    <compoundname>COORDENADA</compoundname>
    <includes refid="_dados_8h" local="no">Dados.h</includes>
      <sectiondef kind="public-attrib">
      <memberdef kind="variable" id="struct_c_o_o_r_d_e_n_a_d_a_1ac241af99d2fb991831964fb94b86c7de" prot="public" static="no" mutable="no">
        <type>int</type>
        <definition>COORDENADA::coluna</definition>
        <argsstring></argsstring>
        <name>coluna</name>
        <briefdescription>
        </briefdescription>
        <detaileddescription>
<para>A componente coluna de uma coordenada </para>
        </detaileddescription>
        <inbodydescription>
        </inbodydescription>
        <location file="Dados.h" line="59" column="9" bodyfile="Dados.h" bodystart="59" bodyend="-1"/>
      </memberdef>
      <memberdef kind="variable" id="struct_c_o_o_r_d_e_n_a_d_a_1a369e9a4d96b7450bbc640fe737db2977" prot="public" static="no" mutable="no">
        <type>int</type>
        <definition>COORDENADA::linha</definition>
        <argsstring></argsstring>
        <name>linha</name>
        <briefdescription>
        </briefdescription>
        <detaileddescription>
<para>A componente linha de uma coordenada </para>
        </detaileddescription>
        <inbodydescription>
        </inbodydescription>
        <location file="Dados.h" line="60" column="9" bodyfile="Dados.h" bodystart="60" bodyend="-1"/>
      </memberdef>
      </sectiondef>
    <briefdescription>
<para>Struct dos componentes de uma coordenada. </para>
    </briefdescription>
    <detaileddescription>
    </detaileddescription>
    <location file="Dados.h" line="58" column="1" bodyfile="Dados.h" bodystart="58" bodyend="61"/>
    <listofallmembers>
      <member refid="struct_c_o_o_r_d_e_n_a_d_a_1ac241af99d2fb991831964fb94b86c7de" prot="public" virt="non-virtual"><scope>COORDENADA</scope><name>coluna</name></member>
      <member refid="struct_c_o_o_r_d_e_n_a_d_a_1a369e9a4d96b7450bbc640fe737db2977" prot="public" virt="non-virtual"><scope>COORDENADA</scope><name>linha</name></member>
    </listofallmembers>
  </compounddef>
</doxygen>
