<?xml version='1.0' encoding='UTF-8' standalone='no'?>
<doxygen xmlns:xsi="http://www.w3.org/2001/XMLSchema-instance" xsi:noNamespaceSchemaLocation="compound.xsd" version="1.8.18">
  <compounddef id="structnodof" kind="struct" language="C++" prot="public">
    <compoundname>nodof</compoundname>
    <includes refid="_lista_8h" local="no">Lista.h</includes>
      <sectiondef kind="public-attrib">
      <memberdef kind="variable" id="structnodof_1ae75e8606e10187168459b3e42aeb354a" prot="public" static="no" mutable="no">
        <type>float</type>
        <definition>nodof::cabeca</definition>
        <argsstring></argsstring>
        <name>cabeca</name>
        <briefdescription>
        </briefdescription>
        <detaileddescription>
<para>A cabeça da lista de floats </para>
        </detaileddescription>
        <inbodydescription>
        </inbodydescription>
        <location file="Lista.h" line="30" column="11" bodyfile="Lista.h" bodystart="30" bodyend="-1"/>
      </memberdef>
      <memberdef kind="variable" id="structnodof_1a54d5ca7a18ef14d70c49f8696dfd4238" prot="public" static="no" mutable="no">
        <type>struct <ref refid="structnodof" kindref="compound">nodof</ref> *</type>
        <definition>nodof::cauda</definition>
        <argsstring></argsstring>
        <name>cauda</name>
        <briefdescription>
        </briefdescription>
        <detaileddescription>
<para>A cauda da lista </para>
        </detaileddescription>
        <inbodydescription>
        </inbodydescription>
        <location file="Lista.h" line="31" column="16" bodyfile="Lista.h" bodystart="31" bodyend="-1"/>
      </memberdef>
      </sectiondef>
    <briefdescription>
<para>Struct dos componentes de uma lista de floats. </para>
    </briefdescription>
    <detaileddescription>
    </detaileddescription>
    <collaborationgraph>
      <node id="1">
        <label>nodof</label>
        <link refid="structnodof"/>
        <childnode refid="1" relation="usage">
          <edgelabel>cauda</edgelabel>
        </childnode>
      </node>
    </collaborationgraph>
    <location file="Lista.h" line="29" column="1" bodyfile="Lista.h" bodystart="29" bodyend="32"/>
    <listofallmembers>
      <member refid="structnodof_1ae75e8606e10187168459b3e42aeb354a" prot="public" virt="non-virtual"><scope>nodof</scope><name>cabeca</name></member>
      <member refid="structnodof_1a54d5ca7a18ef14d70c49f8696dfd4238" prot="public" virt="non-virtual"><scope>nodof</scope><name>cauda</name></member>
    </listofallmembers>
  </compounddef>
</doxygen>
