<?xml version='1.0' encoding='UTF-8' standalone='no'?>
<doxygen xmlns:xsi="http://www.w3.org/2001/XMLSchema-instance" xsi:noNamespaceSchemaLocation="compound.xsd" version="1.8.18">
  <compounddef id="struct_j_o_g_a_d_a" kind="struct" language="C++" prot="public">
    <compoundname>JOGADA</compoundname>
    <includes refid="_dados_8h" local="no">Dados.h</includes>
      <sectiondef kind="public-attrib">
      <memberdef kind="variable" id="struct_j_o_g_a_d_a_1a880582c073999b13f278a9ce47e16eb8" prot="public" static="no" mutable="no">
        <type><ref refid="struct_c_o_o_r_d_e_n_a_d_a" kindref="compound">COORDENADA</ref></type>
        <definition>JOGADA::jogador1</definition>
        <argsstring></argsstring>
        <name>jogador1</name>
        <briefdescription>
        </briefdescription>
        <detaileddescription>
<para>Coordenada do jogador 1 </para>
        </detaileddescription>
        <inbodydescription>
        </inbodydescription>
        <location file="Dados.h" line="71" column="16" bodyfile="Dados.h" bodystart="71" bodyend="-1"/>
      </memberdef>
      <memberdef kind="variable" id="struct_j_o_g_a_d_a_1a6e6dcfc7e5be8fbbe76750f7ae47ba70" prot="public" static="no" mutable="no">
        <type><ref refid="struct_c_o_o_r_d_e_n_a_d_a" kindref="compound">COORDENADA</ref></type>
        <definition>JOGADA::jogador2</definition>
        <argsstring></argsstring>
        <name>jogador2</name>
        <briefdescription>
        </briefdescription>
        <detaileddescription>
<para>Coordenada do jogador 2 </para>
        </detaileddescription>
        <inbodydescription>
        </inbodydescription>
        <location file="Dados.h" line="72" column="16" bodyfile="Dados.h" bodystart="72" bodyend="-1"/>
      </memberdef>
      </sectiondef>
    <briefdescription>
<para>Struct dos componentes de uma jogada. </para>
    </briefdescription>
    <detaileddescription>
    </detaileddescription>
    <collaborationgraph>
      <node id="1">
        <label>JOGADA</label>
        <link refid="struct_j_o_g_a_d_a"/>
        <childnode refid="2" relation="usage">
          <edgelabel>jogador1</edgelabel>
          <edgelabel>jogador2</edgelabel>
        </childnode>
      </node>
      <node id="2">
        <label>COORDENADA</label>
        <link refid="struct_c_o_o_r_d_e_n_a_d_a"/>
      </node>
    </collaborationgraph>
    <location file="Dados.h" line="70" column="1" bodyfile="Dados.h" bodystart="70" bodyend="73"/>
    <listofallmembers>
      <member refid="struct_j_o_g_a_d_a_1a880582c073999b13f278a9ce47e16eb8" prot="public" virt="non-virtual"><scope>JOGADA</scope><name>jogador1</name></member>
      <member refid="struct_j_o_g_a_d_a_1a6e6dcfc7e5be8fbbe76750f7ae47ba70" prot="public" virt="non-virtual"><scope>JOGADA</scope><name>jogador2</name></member>
    </listofallmembers>
  </compounddef>
</doxygen>
